"player","position","round","distance_m","hs_dist","sprints","player_load","max_vel","m_per_min","accels","decels","hmld","field_min","activity_id","athlete_id","period_id"
"Jack Ginnivan","Hybrid","Round 05 v Western Bulldogs","3477.10693","334.04999","9","337.94733","7.77967","128.87641","48","0","1274.16003","1838.0999999046326","9793cf60-b001-4db3-a818-956f19d7b23e","020880cf-4cc3-45b8-ade5-ced73183435f","96317651-73ea-4189-ad56-b300436c77bf"
"Jack Ginnivan","Hybrid","Round 05 v Western Bulldogs","3353.57983","274.08","7","315.9393","8.33266","132.43304","41","0","1242.29004","1631.4700000286102","9793cf60-b001-4db3-a818-956f19d7b23e","020880cf-4cc3-45b8-ade5-ced73183435f","1eca8998-ad85-4884-b58b-cec022a7d190"
"Jack Ginnivan","Hybrid","Round 05 v Western Bulldogs","3666.50195","360.54001","9","349.62073","7.36431","134.76071","56","0","1207.37","1929.8599998950958","9793cf60-b001-4db3-a818-956f19d7b23e","020880cf-4cc3-45b8-ade5-ced73183435f","02ec3d94-5fd9-4c7b-8a32-d2ba56c817cd"
"Jack Ginnivan","Hybrid","Round 05 v Western Bulldogs","3266.54761","275.34999999999997","6","320.66748","7.4401","124.92613","39","0","1075.46997","1866.8600001335144","9793cf60-b001-4db3-a818-956f19d7b23e","020880cf-4cc3-45b8-ade5-ced73183435f","409a7b10-d9b7-499a-8400-9b4d84931b66"
"Jack Gunston","Forward","Round 05 v Western Bulldogs","2830.78223","219.58999999999997","5","265.04794","7.03407","114.97508","40","0","939.79999","1838.0999999046326","9793cf60-b001-4db3-a818-956f19d7b23e","0325dfcd-afd9-4feb-9006-dd13f41ca9e6","96317651-73ea-4189-ad56-b300436c77bf"
"Jack Gunston","Forward","Round 05 v Western Bulldogs","2927.21777","103.96000000000001","3","277.01889","7.34599","107.65326","32","0","1076.45996","1631.4700000286102","9793cf60-b001-4db3-a818-956f19d7b23e","0325dfcd-afd9-4feb-9006-dd13f41ca9e6","1eca8998-ad85-4884-b58b-cec022a7d190"
"Jack Gunston","Forward","Round 05 v Western Bulldogs","2909.37842","55.790000000000006","2","270.13721","6.76072","107.82597","31","0","1080.06006","1929.8599998950958","9793cf60-b001-4db3-a818-956f19d7b23e","0325dfcd-afd9-4feb-9006-dd13f41ca9e6","02ec3d94-5fd9-4c7b-8a32-d2ba56c817cd"
"Jack Gunston","Forward","Round 05 v Western Bulldogs","2256.31006","78.83999999999999","2","215.69798","7.49181","115.7181","30","0","813.44","1866.8600001335144","9793cf60-b001-4db3-a818-956f19d7b23e","0325dfcd-afd9-4feb-9006-dd13f41ca9e6","409a7b10-d9b7-499a-8400-9b4d84931b66"
"Karl Amon","Hybrid","Round 05 v Western Bulldogs","3579.77002","238.76001","5","355.38599","7.21395","137.8841","43","0","1226.48999","1838.0999999046326","9793cf60-b001-4db3-a818-956f19d7b23e","036695b3-12e6-43fb-a153-0dea34fd7c41","96317651-73ea-4189-ad56-b300436c77bf"
"Karl Amon","Hybrid","Round 05 v Western Bulldogs","2956.33081","405.39998999999995","7","286.46771","7.47551","136.63733","30","0","967.70996","1631.4700000286102","9793cf60-b001-4db3-a818-956f19d7b23e","036695b3-12e6-43fb-a153-0dea34fd7c41","1eca8998-ad85-4884-b58b-cec022a7d190"
"Karl Amon","Hybrid","Round 05 v Western Bulldogs","4306.8252","595.79001","17","419.0451","7.68074","142.57627","50","0","1529.56006","1929.8599998950958","9793cf60-b001-4db3-a818-956f19d7b23e","036695b3-12e6-43fb-a153-0dea34fd7c41","02ec3d94-5fd9-4c7b-8a32-d2ba56c817cd"
"Karl Amon","Hybrid","Round 05 v Western Bulldogs","2576.52734","249.65","8","256.46381","6.95076","134.74504","19","0","999.87","1866.8600001335144","9793cf60-b001-4db3-a818-956f19d7b23e","036695b3-12e6-43fb-a153-0dea34fd7c41","409a7b10-d9b7-499a-8400-9b4d84931b66"
"Mabior Chol","Hybrid","Round 05 v Western Bulldogs","2600.37231","374.69997","10","224.11636","8.6874","115.42077","26","0","753.27002","1838.0999999046326","9793cf60-b001-4db3-a818-956f19d7b23e","236a3ba1-a655-45e2-bcd2-6ad50b7c42fd","96317651-73ea-4189-ad56-b300436c77bf"
"Josh Ward","Hybrid","Round 05 v Western Bulldogs","3123.8479","337.86","11","303.04999","7.74877","148.1667","45","0","1177.77002","1838.0999999046326","9793cf60-b001-4db3-a818-956f19d7b23e","2794f857-7792-4f4b-b5fc-204ce195a191","96317651-73ea-4189-ad56-b300436c77bf"
"Josh Ward","Hybrid","Round 05 v Western Bulldogs","3485.44092","234.59000000000003","6","328.05914","6.8863","153.99478","45","0","1354.01001","1631.4700000286102","9793cf60-b001-4db3-a818-956f19d7b23e","2794f857-7792-4f4b-b5fc-204ce195a191","1eca8998-ad85-4884-b58b-cec022a7d190"
"Josh Ward","Hybrid","Round 05 v Western Bulldogs","4226.90088","379.44000000000005","11","401.49902","7.66892","153.86308","49","0","1697.42993","1929.8599998950958","9793cf60-b001-4db3-a818-956f19d7b23e","2794f857-7792-4f4b-b5fc-204ce195a191","02ec3d94-5fd9-4c7b-8a32-d2ba56c817cd"
"Josh Ward","Hybrid","Round 05 v Western Bulldogs","3182.09229","277.19","8","297.70599","7.12683","142.68299","36","0","1261.42004","1866.8600001335144","9793cf60-b001-4db3-a818-956f19d7b23e","2794f857-7792-4f4b-b5fc-204ce195a191","409a7b10-d9b7-499a-8400-9b4d84931b66"
"James Sicily","Back","Round 05 v Western Bulldogs","3686.63062","304.96000000000004","9","322.88504","7.67956","120.34048","32","0","1352.88","1838.0999999046326","9793cf60-b001-4db3-a818-956f19d7b23e","29708cec-1d8a-451d-a7da-18fca9557adc","96317651-73ea-4189-ad56-b300436c77bf"
"James Sicily","Back","Round 05 v Western Bulldogs","2811.02588","179.06","5","243.34273","7.84079","117.43353","25","0","1126.71997","1631.4700000286102","9793cf60-b001-4db3-a818-956f19d7b23e","29708cec-1d8a-451d-a7da-18fca9557adc","1eca8998-ad85-4884-b58b-cec022a7d190"
"James Sicily","Back","Round 05 v Western Bulldogs","3707.33569","187.8","4","318.80472","6.88897","115.26232","47","0","1348.30005","1929.8599998950958","9793cf60-b001-4db3-a818-956f19d7b23e","29708cec-1d8a-451d-a7da-18fca9557adc","02ec3d94-5fd9-4c7b-8a32-d2ba56c817cd"
"James Sicily","Back","Round 05 v Western Bulldogs","3176.97314","332.16","8","264.06253","8.10532","111.927","35","0","986.70996","1866.8600001335144","9793cf60-b001-4db3-a818-956f19d7b23e","29708cec-1d8a-451d-a7da-18fca9557adc","409a7b10-d9b7-499a-8400-9b4d84931b66"
"Blake Hardwick","Back","Round 05 v Western Bulldogs","3743.85693","330.07000999999997","9","354.06506","7.52082","127.98052","55","0","1277.44995","1838.0999999046326","9793cf60-b001-4db3-a818-956f19d7b23e","2ca83ae0-85a1-479e-bef1-d06af29b9200","96317651-73ea-4189-ad56-b300436c77bf"
"Blake Hardwick","Back","Round 05 v Western Bulldogs","3453.63306","325.25998999999996","8","314.56946","7.38311","127.01305","38","0","1188.27002","1631.4700000286102","9793cf60-b001-4db3-a818-956f19d7b23e","2ca83ae0-85a1-479e-bef1-d06af29b9200","1eca8998-ad85-4884-b58b-cec022a7d190"
"Blake Hardwick","Back","Round 05 v Western Bulldogs","3185.47925","265.16999999999996","13","294.98322","7.85523","128.78775","39","0","1105.46997","1929.8599998950958","9793cf60-b001-4db3-a818-956f19d7b23e","2ca83ae0-85a1-479e-bef1-d06af29b9200","02ec3d94-5fd9-4c7b-8a32-d2ba56c817cd"
"Blake Hardwick","Back","Round 05 v Western Bulldogs","3508.39551","318.78999999999996","9","309.9433","8.37902","112.75818","48","0","988.13","1866.8600001335144","9793cf60-b001-4db3-a818-956f19d7b23e","2ca83ae0-85a1-479e-bef1-d06af29b9200","409a7b10-d9b7-499a-8400-9b4d84931b66"
"Mitch Lewis","Back","Round 05 v Western Bulldogs","2674.19141","253.29999999999998","7","214.21793","7.11038","121.35833","41","0","734.39001","1838.0999999046326","9793cf60-b001-4db3-a818-956f19d7b23e","35159eb5-300f-48c1-b664-b6b12ef66fda","96317651-73ea-4189-ad56-b300436c77bf"
"Mitch Lewis","Back","Round 05 v Western Bulldogs","3251.18262","269.86","9","263.10947","7.84979","130.15577","45","0","1082.87","1631.4700000286102","9793cf60-b001-4db3-a818-956f19d7b23e","35159eb5-300f-48c1-b664-b6b12ef66fda","1eca8998-ad85-4884-b58b-cec022a7d190"
"Mitch Lewis","Back","Round 05 v Western Bulldogs","3055.41113","290.36999","7","251.64474","8.24558","122.20667","44","0","961.91003","1929.8599998950958","9793cf60-b001-4db3-a818-956f19d7b23e","35159eb5-300f-48c1-b664-b6b12ef66fda","02ec3d94-5fd9-4c7b-8a32-d2ba56c817cd"
"Mitch Lewis","Back","Round 05 v Western Bulldogs","3007.82275","156.19","4","241.90625","6.81305","114.80313","37","0","1009.12","1866.8600001335144","9793cf60-b001-4db3-a818-956f19d7b23e","35159eb5-300f-48c1-b664-b6b12ef66fda","409a7b10-d9b7-499a-8400-9b4d84931b66"
"Cam Mackenzie","Hybrid","Round 05 v Western Bulldogs","3341.3667","243.86999","4","349.37","6.88873","133.55139","54","0","1182.38","1838.0999999046326","9793cf60-b001-4db3-a818-956f19d7b23e","3ba00f82-b1d8-43cd-9263-c8d042a5b2ce","96317651-73ea-4189-ad56-b300436c77bf"
"Cam Mackenzie","Hybrid","Round 05 v Western Bulldogs","1978.18359","132.65","4","190.25047","7.74494","137.52348","25","0","737.44","1631.4700000286102","9793cf60-b001-4db3-a818-956f19d7b23e","3ba00f82-b1d8-43cd-9263-c8d042a5b2ce","1eca8998-ad85-4884-b58b-cec022a7d190"
"Cam Mackenzie","Hybrid","Round 05 v Western Bulldogs","3329.552","231.74","6","341.24411","7.18276","144.39169","49","0","1378.26001","1929.8599998950958","9793cf60-b001-4db3-a818-956f19d7b23e","3ba00f82-b1d8-43cd-9263-c8d042a5b2ce","02ec3d94-5fd9-4c7b-8a32-d2ba56c817cd"
"Cam Mackenzie","Hybrid","Round 05 v Western Bulldogs","2968.4917","161.59","5","298.38284","8.01808","123.31037","38","0","1131.0","1866.8600001335144","9793cf60-b001-4db3-a818-956f19d7b23e","3ba00f82-b1d8-43cd-9263-c8d042a5b2ce","409a7b10-d9b7-499a-8400-9b4d84931b66"
"Sam Butler","Hybrid","Round 05 v Western Bulldogs","2891.07813","256.61","7","244.87949","7.6797","128.3716","50","0","883.71002","1838.0999999046326","9793cf60-b001-4db3-a818-956f19d7b23e","3f2244ab-5c06-42e8-b04c-e304dfa177ba","96317651-73ea-4189-ad56-b300436c77bf"
"Sam Butler","Hybrid","Round 05 v Western Bulldogs","3253.59668","354.21","10","271.88358","7.14628","146.03217","58","0","1100.18994","1631.4700000286102","9793cf60-b001-4db3-a818-956f19d7b23e","3f2244ab-5c06-42e8-b04c-e304dfa177ba","1eca8998-ad85-4884-b58b-cec022a7d190"
"Sam Butler","Hybrid","Round 05 v Western Bulldogs","3361.41919","474.60001000000005","10","277.38837","8.36111","145.83374","36","0","1058.18994","1929.8599998950958","9793cf60-b001-4db3-a818-956f19d7b23e","3f2244ab-5c06-42e8-b04c-e304dfa177ba","02ec3d94-5fd9-4c7b-8a32-d2ba56c817cd"
"Sam Butler","Hybrid","Round 05 v Western Bulldogs","2985.16235","363.64","8","252.79794","7.45869","127.48478","49","0","956.08002","1866.8600001335144","9793cf60-b001-4db3-a818-956f19d7b23e","3f2244ab-5c06-42e8-b04c-e304dfa177ba","409a7b10-d9b7-499a-8400-9b4d84931b66"
"Jarman Impey","Midfielder","Round 05 v Western Bulldogs","2826.35303","363.74999","12","303.06604","8.01081","142.78236","27","0","938.66003","1838.0999999046326","9793cf60-b001-4db3-a818-956f19d7b23e","48b7449c-7b00-4728-8dcf-81959514acff","96317651-73ea-4189-ad56-b300436c77bf"
"Jarman Impey","Midfielder","Round 05 v Western Bulldogs","2958.54736","265.37","8","314.10751","7.85499","133.5627","40","0","1050.90002","1631.4700000286102","9793cf60-b001-4db3-a818-956f19d7b23e","48b7449c-7b00-4728-8dcf-81959514acff","1eca8998-ad85-4884-b58b-cec022a7d190"
"Jarman Impey","Midfielder","Round 05 v Western Bulldogs","3690.25635","482.69999","13","395.87994","8.5332","135.32955","55","0","1260.67004","1929.8599998950958","9793cf60-b001-4db3-a818-956f19d7b23e","48b7449c-7b00-4728-8dcf-81959514acff","02ec3d94-5fd9-4c7b-8a32-d2ba56c817cd"
"Jarman Impey","Midfielder","Round 05 v Western Bulldogs","3038.12524","347.03999999999996","6","317.9537","7.9489","119.04879","46","0","908.27002","1866.8600001335144","9793cf60-b001-4db3-a818-956f19d7b23e","48b7449c-7b00-4728-8dcf-81959514acff","409a7b10-d9b7-499a-8400-9b4d84931b66"
"Ned Reeves","Hybrid","Round 05 v Western Bulldogs","2371.9375","14.78","0","229.40002","5.85955","121.5682","33","0","1052.25","1838.0999999046326","9793cf60-b001-4db3-a818-956f19d7b23e","52c4e9a4-a9c9-4323-b7b5-9c68cdefcfa3","96317651-73ea-4189-ad56-b300436c77bf"
"Ned Reeves","Hybrid","Round 05 v Western Bulldogs","1800.92957","36.42","1","172.43791","6.10844","121.74613","17","0","848.51001","1631.4700000286102","9793cf60-b001-4db3-a818-956f19d7b23e","52c4e9a4-a9c9-4323-b7b5-9c68cdefcfa3","1eca8998-ad85-4884-b58b-cec022a7d190"
"Ned Reeves","Hybrid","Round 05 v Western Bulldogs","3085.55811","1.77","0","290.43204","5.55442","112.92552","29","0","1300.96997","1929.8599998950958","9793cf60-b001-4db3-a818-956f19d7b23e","52c4e9a4-a9c9-4323-b7b5-9c68cdefcfa3","02ec3d94-5fd9-4c7b-8a32-d2ba56c817cd"
"Ned Reeves","Hybrid","Round 05 v Western Bulldogs","1659.83936","33.480000000000004","1","155.47588","6.15686","107.23631","18","0","621.15002","1866.8600001335144","9793cf60-b001-4db3-a818-956f19d7b23e","52c4e9a4-a9c9-4323-b7b5-9c68cdefcfa3","409a7b10-d9b7-499a-8400-9b4d84931b66"
"Tom Barrass","Hybrid","Round 05 v Western Bulldogs","2582.06958","162.69","2","221.34483","7.0552","107.81384","28","0","765.63995","1838.0999999046326","9793cf60-b001-4db3-a818-956f19d7b23e","6c56e5bd-2cd0-47f8-993f-dcc1d1ebce45","96317651-73ea-4189-ad56-b300436c77bf"
"Tom Barrass","Hybrid","Round 05 v Western Bulldogs","2776.1897","129.88","6","236.53207","7.53426","111.60113","25","0","955.46997","1631.4700000286102","9793cf60-b001-4db3-a818-956f19d7b23e","6c56e5bd-2cd0-47f8-993f-dcc1d1ebce45","1eca8998-ad85-4884-b58b-cec022a7d190"
"Tom Barrass","Hybrid","Round 05 v Western Bulldogs","2924.98389","291.67999999999995","7","235.8309","7.64853","113.76391","35","0","800.87","1929.8599998950958","9793cf60-b001-4db3-a818-956f19d7b23e","6c56e5bd-2cd0-47f8-993f-dcc1d1ebce45","02ec3d94-5fd9-4c7b-8a32-d2ba56c817cd"
"Tom Barrass","Hybrid","Round 05 v Western Bulldogs","2697.34595","243.56","6","224.95761","7.51877","105.06479","30","0","753.39001","1866.8600001335144","9793cf60-b001-4db3-a818-956f19d7b23e","6c56e5bd-2cd0-47f8-993f-dcc1d1ebce45","409a7b10-d9b7-499a-8400-9b4d84931b66"
"Connor Macdonald","Hybrid","Round 05 v Western Bulldogs","3219.2876","413.34","10","327.95486","8.09069","131.22542","38","0","1133.06995","1838.0999999046326","9793cf60-b001-4db3-a818-956f19d7b23e","7381a6b2-b11c-4f42-85df-1b3b97b11693","96317651-73ea-4189-ad56-b300436c77bf"
"Connor Macdonald","Hybrid","Round 05 v Western Bulldogs","2950.78735","461.95998999999995","17","295.78735","7.28841","139.79805","32","0","1065.25","1631.4700000286102","9793cf60-b001-4db3-a818-956f19d7b23e","7381a6b2-b11c-4f42-85df-1b3b97b11693","1eca8998-ad85-4884-b58b-cec022a7d190"
"Connor Macdonald","Hybrid","Round 05 v Western Bulldogs","3887.42969","281.36999999999995","7","385.7998","7.23109","130.57627","47","0","1427.66003","1929.8599998950958","9793cf60-b001-4db3-a818-956f19d7b23e","7381a6b2-b11c-4f42-85df-1b3b97b11693","02ec3d94-5fd9-4c7b-8a32-d2ba56c817cd"
"Connor Macdonald","Hybrid","Round 05 v Western Bulldogs","3336.40625","426.7","10","333.81155","7.80776","125.69106","38","0","1114.69995","1866.8600001335144","9793cf60-b001-4db3-a818-956f19d7b23e","7381a6b2-b11c-4f42-85df-1b3b97b11693","409a7b10-d9b7-499a-8400-9b4d84931b66"
"Lloyd Meek","Hybrid","Round 05 v Western Bulldogs","1484.51025","53.93","0","158.80261","5.99857","128.58098","22","0","654.38","1838.0999999046326","9793cf60-b001-4db3-a818-956f19d7b23e","78eb8442-e99a-445f-8154-59b764e0c73a","96317651-73ea-4189-ad56-b300436c77bf"
"Lloyd Meek","Hybrid","Round 05 v Western Bulldogs","2672.52124","71.5","1","262.75952","7.06449","136.65176","33","0","1004.63","1631.4700000286102","9793cf60-b001-4db3-a818-956f19d7b23e","78eb8442-e99a-445f-8154-59b764e0c73a","1eca8998-ad85-4884-b58b-cec022a7d190"
"Lloyd Meek","Hybrid","Round 05 v Western Bulldogs","2564.4668","27.009999999999998","1","249.8763","6.5315","130.61579","26","0","1202.08997","1929.8599998950958","9793cf60-b001-4db3-a818-956f19d7b23e","78eb8442-e99a-445f-8154-59b764e0c73a","02ec3d94-5fd9-4c7b-8a32-d2ba56c817cd"
"Lloyd Meek","Hybrid","Round 05 v Western Bulldogs","3547.4248","164.19000000000003","2","333.53595","7.00472","127.86738","36","0","1517.94995","1866.8600001335144","9793cf60-b001-4db3-a818-956f19d7b23e","78eb8442-e99a-445f-8154-59b764e0c73a","409a7b10-d9b7-499a-8400-9b4d84931b66"
"Dylan Moore","Midfielder","Round 05 v Western Bulldogs","3801.15283","585.46","13","400.08633","8.35253","140.6532","57","0","1206.46997","1838.0999999046326","9793cf60-b001-4db3-a818-956f19d7b23e","8b0242f4-3a3b-4651-949f-17da0062afba","96317651-73ea-4189-ad56-b300436c77bf"
"Dylan Moore","Midfielder","Round 05 v Western Bulldogs","3281.11084","457.55000000000007","11","332.306","8.3218","142.24675","36","0","1187.57996","1631.4700000286102","9793cf60-b001-4db3-a818-956f19d7b23e","8b0242f4-3a3b-4651-949f-17da0062afba","1eca8998-ad85-4884-b58b-cec022a7d190"
"Dylan Moore","Midfielder","Round 05 v Western Bulldogs","4397.78223","294.37","8","455.5459","7.36691","136.72854","64","0","1678.43005","1929.8599998950958","9793cf60-b001-4db3-a818-956f19d7b23e","8b0242f4-3a3b-4651-949f-17da0062afba","02ec3d94-5fd9-4c7b-8a32-d2ba56c817cd"
"Dylan Moore","Midfielder","Round 05 v Western Bulldogs","4108.15088","474.24001000000004","12","443.41824","7.75903","132.03403","60","0","1355.37","1866.8600001335144","9793cf60-b001-4db3-a818-956f19d7b23e","8b0242f4-3a3b-4651-949f-17da0062afba","409a7b10-d9b7-499a-8400-9b4d84931b66"
"Jai Newcombe","Hybrid","Round 05 v Western Bulldogs","3261.10986","310.37998999999996","8","371.31912","7.04143","132.96542","59","0","1058.23999","1838.0999999046326","9793cf60-b001-4db3-a818-956f19d7b23e","a5e3bb3d-7e57-4dff-9d50-d405f3e1a584","96317651-73ea-4189-ad56-b300436c77bf"
"Jai Newcombe","Hybrid","Round 05 v Western Bulldogs","3322.61621","320.23999999999995","7","352.55426","8.63976","145.41945","38","0","1301.15002","1631.4700000286102","9793cf60-b001-4db3-a818-956f19d7b23e","a5e3bb3d-7e57-4dff-9d50-d405f3e1a584","1eca8998-ad85-4884-b58b-cec022a7d190"
"Jai Newcombe","Hybrid","Round 05 v Western Bulldogs","3640.69971","263.30001","7","389.08737","7.71888","138.52973","39","0","1356.85999","1929.8599998950958","9793cf60-b001-4db3-a818-956f19d7b23e","a5e3bb3d-7e57-4dff-9d50-d405f3e1a584","02ec3d94-5fd9-4c7b-8a32-d2ba56c817cd"
"Jai Newcombe","Hybrid","Round 05 v Western Bulldogs","2482.23462","168.47","3","276.3364","7.32218","134.92239","36","0","943.77002","1866.8600001335144","9793cf60-b001-4db3-a818-956f19d7b23e","a5e3bb3d-7e57-4dff-9d50-d405f3e1a584","409a7b10-d9b7-499a-8400-9b4d84931b66"
"Flynn Perez","Hybrid","Round 05 v Western Bulldogs","3329.07495","222.01","8","289.75177","7.15485","124.83875","39","0","1130.39001","1838.0999999046326","9793cf60-b001-4db3-a818-956f19d7b23e","aefe152f-bc18-48b5-91a6-ddc9443dffd0","96317651-73ea-4189-ad56-b300436c77bf"
"Flynn Perez","Hybrid","Round 05 v Western Bulldogs","3201.0896","244.6","6","279.44745","6.83829","138.85382","40","0","1235.18994","1631.4700000286102","9793cf60-b001-4db3-a818-956f19d7b23e","aefe152f-bc18-48b5-91a6-ddc9443dffd0","1eca8998-ad85-4884-b58b-cec022a7d190"
"Flynn Perez","Hybrid","Round 05 v Western Bulldogs","2977.77979","388.94999","11","251.73274","7.70062","141.19727","37","0","1028.28003","1929.8599998950958","9793cf60-b001-4db3-a818-956f19d7b23e","aefe152f-bc18-48b5-91a6-ddc9443dffd0","02ec3d94-5fd9-4c7b-8a32-d2ba56c817cd"
"Flynn Perez","Hybrid","Round 05 v Western Bulldogs","3249.37598","343.48999","11","284.48212","7.13705","124.50989","36","0","1144.13","1866.8600001335144","9793cf60-b001-4db3-a818-956f19d7b23e","aefe152f-bc18-48b5-91a6-ddc9443dffd0","409a7b10-d9b7-499a-8400-9b4d84931b66"
"Nick Watson","Hybrid","Round 05 v Western Bulldogs","2857.40381","347.33998999999994","9","280.21191","9.05654","120.59015","27","0","969.79004","1838.0999999046326","9793cf60-b001-4db3-a818-956f19d7b23e","d15ed9ce-f683-4f0e-b12f-c87e4029f11e","96317651-73ea-4189-ad56-b300436c77bf"
"Nick Watson","Hybrid","Round 05 v Western Bulldogs","2874.35938","244.26","6","272.8154","7.73563","127.55938","26","0","1204.64001","1631.4700000286102","9793cf60-b001-4db3-a818-956f19d7b23e","d15ed9ce-f683-4f0e-b12f-c87e4029f11e","1eca8998-ad85-4884-b58b-cec022a7d190"
"Nick Watson","Hybrid","Round 05 v Western Bulldogs","3203.42236","285.89001","7","319.81699","8.64033","118.26711","38","0","1116.04004","1929.8599998950958","9793cf60-b001-4db3-a818-956f19d7b23e","d15ed9ce-f683-4f0e-b12f-c87e4029f11e","02ec3d94-5fd9-4c7b-8a32-d2ba56c817cd"
"Nick Watson","Hybrid","Round 05 v Western Bulldogs","3234.89111","254.10999999999996","8","305.41446","8.67507","113.36639","34","0","1109.27002","1866.8600001335144","9793cf60-b001-4db3-a818-956f19d7b23e","d15ed9ce-f683-4f0e-b12f-c87e4029f11e","409a7b10-d9b7-499a-8400-9b4d84931b66"
"Josh Battle","Hybrid","Round 05 v Western Bulldogs","3761.03857","246.09","8","366.54333","8.29034","122.76933","56","0","1222.82996","1838.0999999046326","9793cf60-b001-4db3-a818-956f19d7b23e","d906015c-707c-4176-b45b-c0b21e435310","96317651-73ea-4189-ad56-b300436c77bf"
"Josh Battle","Hybrid","Round 05 v Western Bulldogs","2714.39014","271.38000999999997","10","273.91263","7.95345","131.8209","44","0","958.03998","1631.4700000286102","9793cf60-b001-4db3-a818-956f19d7b23e","d906015c-707c-4176-b45b-c0b21e435310","1eca8998-ad85-4884-b58b-cec022a7d190"
"Josh Battle","Hybrid","Round 05 v Western Bulldogs","4062.31592","243.26001000000002","9","399.24542","7.31542","126.29878","57","0","1417.5","1929.8599998950958","9793cf60-b001-4db3-a818-956f19d7b23e","d906015c-707c-4176-b45b-c0b21e435310","02ec3d94-5fd9-4c7b-8a32-d2ba56c817cd"
"Josh Battle","Hybrid","Round 05 v Western Bulldogs","3612.47681","295.76","6","341.36798","8.5252","116.1033","46","0","1110.23999","1866.8600001335144","9793cf60-b001-4db3-a818-956f19d7b23e","d906015c-707c-4176-b45b-c0b21e435310","409a7b10-d9b7-499a-8400-9b4d84931b66"
"Massimo D'Ambrosio","Hybrid","Round 05 v Western Bulldogs","3704.54395","363.03999","7","347.7504","7.78479","140.75995","57","0","1226.25","1838.0999999046326","9793cf60-b001-4db3-a818-956f19d7b23e","dc9a9fa6-3f4c-464e-ae3c-ce8c25ab08d1","96317651-73ea-4189-ad56-b300436c77bf"
"Massimo D'Ambrosio","Hybrid","Round 05 v Western Bulldogs","2985.59814","401.45000000000005","10","275.41791","7.72695","139.19413","39","0","868.96997","1631.4700000286102","9793cf60-b001-4db3-a818-956f19d7b23e","dc9a9fa6-3f4c-464e-ae3c-ce8c25ab08d1","1eca8998-ad85-4884-b58b-cec022a7d190"
"Massimo D'Ambrosio","Hybrid","Round 05 v Western Bulldogs","2912.52979","475.56002","13","257.83945","7.22042","141.11208","31","0","900.37","1929.8599998950958","9793cf60-b001-4db3-a818-956f19d7b23e","dc9a9fa6-3f4c-464e-ae3c-ce8c25ab08d1","02ec3d94-5fd9-4c7b-8a32-d2ba56c817cd"
"Massimo D'Ambrosio","Hybrid","Round 05 v Western Bulldogs","3469.93945","513.6300299999999","11","325.2478","7.36663","140.99809","40","0","1172.06006","1866.8600001335144","9793cf60-b001-4db3-a818-956f19d7b23e","dc9a9fa6-3f4c-464e-ae3c-ce8c25ab08d1","409a7b10-d9b7-499a-8400-9b4d84931b66"
"Conor Nash","Back","Round 05 v Western Bulldogs","3040.4231","334.51","7","272.24127","7.34271","142.58221","46","0","1042.5","1838.0999999046326","9793cf60-b001-4db3-a818-956f19d7b23e","ee799c04-c79f-41c9-bd53-176bb21a7077","96317651-73ea-4189-ad56-b300436c77bf"
"Conor Nash","Back","Round 05 v Western Bulldogs","3100.12231","338.63","7","262.74042","7.00968","141.72528","33","0","1104.51001","1631.4700000286102","9793cf60-b001-4db3-a818-956f19d7b23e","ee799c04-c79f-41c9-bd53-176bb21a7077","1eca8998-ad85-4884-b58b-cec022a7d190"
"Conor Nash","Back","Round 05 v Western Bulldogs","3747.11377","296.32","7","316.20627","7.89698","143.26933","37","0","1441.66992","1929.8599998950958","9793cf60-b001-4db3-a818-956f19d7b23e","ee799c04-c79f-41c9-bd53-176bb21a7077","02ec3d94-5fd9-4c7b-8a32-d2ba56c817cd"
"Conor Nash","Back","Round 05 v Western Bulldogs","3839.1355","276.46999999999997","7","321.16901","7.24489","133.10535","43","0","1491.25","1866.8600001335144","9793cf60-b001-4db3-a818-956f19d7b23e","ee799c04-c79f-41c9-bd53-176bb21a7077","409a7b10-d9b7-499a-8400-9b4d84931b66"
"Josh Weddle","Hybrid","Round 05 v Western Bulldogs","3189.34082","394.2","10","260.39117","8.37271","142.86814","28","0","1145.85999","1838.0999999046326","9793cf60-b001-4db3-a818-956f19d7b23e","eedc79b6-c40e-445e-8f0f-78f5c4d301aa","96317651-73ea-4189-ad56-b300436c77bf"
"Josh Weddle","Hybrid","Round 05 v Western Bulldogs","2995.31934","187.80999999999997","5","256.98459","7.50007","129.85864","29","0","1169.85999","1631.4700000286102","9793cf60-b001-4db3-a818-956f19d7b23e","eedc79b6-c40e-445e-8f0f-78f5c4d301aa","1eca8998-ad85-4884-b58b-cec022a7d190"
"Josh Weddle","Hybrid","Round 05 v Western Bulldogs","3278.29858","237.64000000000001","5","282.17551","8.45491","128.16618","45","0","1188.39001","1929.8599998950958","9793cf60-b001-4db3-a818-956f19d7b23e","eedc79b6-c40e-445e-8f0f-78f5c4d301aa","02ec3d94-5fd9-4c7b-8a32-d2ba56c817cd"
"Josh Weddle","Hybrid","Round 05 v Western Bulldogs","4076.77661","462.04999999999995","13","331.97772","7.69072","131.02568","49","0","1275.42004","1866.8600001335144","9793cf60-b001-4db3-a818-956f19d7b23e","eedc79b6-c40e-445e-8f0f-78f5c4d301aa","409a7b10-d9b7-499a-8400-9b4d84931b66"
"Jack Scrimshaw","Hybrid","Round 22 v Collingwood","3155.18066","118.94","4","275.93222","8.0852","110.72299","28","0","1115.14001","1928.090000152588","253652d9-8402-446d-ae22-8afa767923ff","131ea882-7562-4a3d-a0e0-ddd0ca763ee2","937cf9d8-03f1-4349-a46e-191bbb32879a"
"Jack Scrimshaw","Hybrid","Round 22 v Collingwood","3099.8855","110.67","2","275.19296","7.32448","130.69576","40","0","1227.10999","1718.6799998283386","253652d9-8402-446d-ae22-8afa767923ff","131ea882-7562-4a3d-a0e0-ddd0ca763ee2","446cd3d2-4a05-49ad-841f-e73541be825f"
"Jack Scrimshaw","Hybrid","Round 22 v Collingwood","2523.74609","162.07999999999998","5","234.94034","7.49401","114.32426","22","0","1037.48999","1621.5699999332428","253652d9-8402-446d-ae22-8afa767923ff","131ea882-7562-4a3d-a0e0-ddd0ca763ee2","b28ab5c1-e9a1-46f1-8d29-2c9b48edba60"
"Mabior Chol","Hybrid","Round 22 v Collingwood","3200.95361","260.93","5","268.33984","8.18629","118.68204","40","0","1089.81006","2142.0599999427795","253652d9-8402-446d-ae22-8afa767923ff","236a3ba1-a655-45e2-bcd2-6ad50b7c42fd","81d1bb0a-6236-41b3-bcba-9817903ae93a"
"Mabior Chol","Hybrid","Round 22 v Collingwood","2162.36255","112.20000000000002","3","182.63931","7.71666","101.52731","31","0","658.45001","1928.090000152588","253652d9-8402-446d-ae22-8afa767923ff","236a3ba1-a655-45e2-bcd2-6ad50b7c42fd","937cf9d8-03f1-4349-a46e-191bbb32879a"
"Mabior Chol","Hybrid","Round 22 v Collingwood","2276.60767","280.15","6","191.41327","7.72366","120.84119","24","0","784.96002","1718.6799998283386","253652d9-8402-446d-ae22-8afa767923ff","236a3ba1-a655-45e2-bcd2-6ad50b7c42fd","446cd3d2-4a05-49ad-841f-e73541be825f"
"Mabior Chol","Hybrid","Round 22 v Collingwood","2594.49731","118.25999999999999","2","218.15947","8.52295","121.898","29","0","1076.72998","1621.5699999332428","253652d9-8402-446d-ae22-8afa767923ff","236a3ba1-a655-45e2-bcd2-6ad50b7c42fd","b28ab5c1-e9a1-46f1-8d29-2c9b48edba60"
"Josh Ward","Hybrid","Round 22 v Collingwood","3788.6936","435.67001","11","359.0235","7.60488","159.30036","52","0","1497.93005","2142.0599999427795","253652d9-8402-446d-ae22-8afa767923ff","2794f857-7792-4f4b-b5fc-204ce195a191","81d1bb0a-6236-41b3-bcba-9817903ae93a"
"Josh Ward","Hybrid","Round 22 v Collingwood","3689.03271","409.53999999999996","7","337.78708","8.15236","151.68304","44","0","1316.23999","1718.6799998283386","253652d9-8402-446d-ae22-8afa767923ff","2794f857-7792-4f4b-b5fc-204ce195a191","446cd3d2-4a05-49ad-841f-e73541be825f"
"Josh Ward","Hybrid","Round 22 v Collingwood","3112.87158","458.19000000000005","11","290.28336","7.46625","148.72892","36","0","1163.32996","1621.5699999332428","253652d9-8402-446d-ae22-8afa767923ff","2794f857-7792-4f4b-b5fc-204ce195a191","b28ab5c1-e9a1-46f1-8d29-2c9b48edba60"
"James Sicily","Back","Round 22 v Collingwood","3832.25635","416.27002","10","352.9476","8.32283","123.78955","38","0","1377.35999","2142.0599999427795","253652d9-8402-446d-ae22-8afa767923ff","29708cec-1d8a-451d-a7da-18fca9557adc","81d1bb0a-6236-41b3-bcba-9817903ae93a"
"James Sicily","Back","Round 22 v Collingwood","2594.36182","280.1","8","225.65356","7.63376","111.29744","29","0","729.02002","1928.090000152588","253652d9-8402-446d-ae22-8afa767923ff","29708cec-1d8a-451d-a7da-18fca9557adc","937cf9d8-03f1-4349-a46e-191bbb32879a"
"James Sicily","Back","Round 22 v Collingwood","3446.49805","510.42999","12","316.22375","7.81757","129.53594","38","0","1243.56006","1718.6799998283386","253652d9-8402-446d-ae22-8afa767923ff","29708cec-1d8a-451d-a7da-18fca9557adc","446cd3d2-4a05-49ad-841f-e73541be825f"
"James Sicily","Back","Round 22 v Collingwood","2847.03662","479.7","11","250.40147","7.97428","126.84597","27","0","874.25","1621.5699999332428","253652d9-8402-446d-ae22-8afa767923ff","29708cec-1d8a-451d-a7da-18fca9557adc","b28ab5c1-e9a1-46f1-8d29-2c9b48edba60"
"Jack Ginnivan","Hybrid","Round 22 v Collingwood","3440.08057","511.04000999999994","12","365.77185","7.64949","144.28053","44","0","1246.47998","2142.0599999427795","253652d9-8402-446d-ae22-8afa767923ff","020880cf-4cc3-45b8-ade5-ced73183435f","81d1bb0a-6236-41b3-bcba-9817903ae93a"
"Jack Ginnivan","Hybrid","Round 22 v Collingwood","3554.06372","400.73998","9","369.9039","7.62872","121.96094","55","0","1014.21997","1928.090000152588","253652d9-8402-446d-ae22-8afa767923ff","020880cf-4cc3-45b8-ade5-ced73183435f","937cf9d8-03f1-4349-a46e-191bbb32879a"
"Jack Ginnivan","Hybrid","Round 22 v Collingwood","3247.66406","434.85999","13","333.40811","7.81211","136.38675","39","0","1231.46997","1718.6799998283386","253652d9-8402-446d-ae22-8afa767923ff","020880cf-4cc3-45b8-ade5-ced73183435f","446cd3d2-4a05-49ad-841f-e73541be825f"
"Jack Ginnivan","Hybrid","Round 22 v Collingwood","3173.49121","548.54001","12","324.43097","7.29246","137.72439","31","0","913.37","1621.5699999332428","253652d9-8402-446d-ae22-8afa767923ff","020880cf-4cc3-45b8-ade5-ced73183435f","b28ab5c1-e9a1-46f1-8d29-2c9b48edba60"
"Jack Gunston","Forward","Round 22 v Collingwood","3470.52979","354.21999999999997","11","343.08167","7.72263","134.35522","39","0","1308.51001","2142.0599999427795","253652d9-8402-446d-ae22-8afa767923ff","0325dfcd-afd9-4feb-9006-dd13f41ca9e6","81d1bb0a-6236-41b3-bcba-9817903ae93a"
"Jack Gunston","Forward","Round 22 v Collingwood","3110.86572","220.02","8","302.31052","7.06063","117.44656","42","0","1093.54004","1928.090000152588","253652d9-8402-446d-ae22-8afa767923ff","0325dfcd-afd9-4feb-9006-dd13f41ca9e6","937cf9d8-03f1-4349-a46e-191bbb32879a"
"Jack Gunston","Forward","Round 22 v Collingwood","3563.8479","380.15000000000003","8","340.88199","7.66041","124.41576","39","0","1278.38","1718.6799998283386","253652d9-8402-446d-ae22-8afa767923ff","0325dfcd-afd9-4feb-9006-dd13f41ca9e6","446cd3d2-4a05-49ad-841f-e73541be825f"
"Jack Gunston","Forward","Round 22 v Collingwood","2411.43262","103.1","3","241.98199","6.88396","127.84042","24","0","1003.17999","1621.5699999332428","253652d9-8402-446d-ae22-8afa767923ff","0325dfcd-afd9-4feb-9006-dd13f41ca9e6","b28ab5c1-e9a1-46f1-8d29-2c9b48edba60"
"Karl Amon","Hybrid","Round 22 v Collingwood","3713.20898","488.03000000000003","8","349.59235","7.727","136.14298","40","0","1263.91003","2142.0599999427795","253652d9-8402-446d-ae22-8afa767923ff","036695b3-12e6-43fb-a153-0dea34fd7c41","81d1bb0a-6236-41b3-bcba-9817903ae93a"
"Karl Amon","Hybrid","Round 22 v Collingwood","3468.78467","356.85999000000004","8","326.12772","7.18742","122.14031","37","0","1236.12","1928.090000152588","253652d9-8402-446d-ae22-8afa767923ff","036695b3-12e6-43fb-a153-0dea34fd7c41","937cf9d8-03f1-4349-a46e-191bbb32879a"
"Karl Amon","Hybrid","Round 22 v Collingwood","3100.87891","561.24","12","291.7547","7.81362","152.1605","27","0","1073.72998","1718.6799998283386","253652d9-8402-446d-ae22-8afa767923ff","036695b3-12e6-43fb-a153-0dea34fd7c41","446cd3d2-4a05-49ad-841f-e73541be825f"
"Karl Amon","Hybrid","Round 22 v Collingwood","3226.52026","418.51001","6","312.83466","7.49506","147.40822","32","0","1194.90991","1621.5699999332428","253652d9-8402-446d-ae22-8afa767923ff","036695b3-12e6-43fb-a153-0dea34fd7c41","b28ab5c1-e9a1-46f1-8d29-2c9b48edba60"
"Jack Scrimshaw","Hybrid","Round 22 v Collingwood","2947.32227","208.91","4","252.90149","7.59064","130.46348","31","0","1065.04004","2142.0599999427795","253652d9-8402-446d-ae22-8afa767923ff","131ea882-7562-4a3d-a0e0-ddd0ca763ee2","81d1bb0a-6236-41b3-bcba-9817903ae93a"
"Josh Ward","Hybrid","Round 22 v Collingwood","3178.72974","380.41","11","296.70435","7.58616","136.22349","48","0","1126.42993","1928.090000152588","253652d9-8402-446d-ae22-8afa767923ff","2794f857-7792-4f4b-b5fc-204ce195a191","937cf9d8-03f1-4349-a46e-191bbb32879a"
"Blake Hardwick","Back","Round 22 v Collingwood","3204.32813","381.53001","9","315.06531","7.57223","131.36351","52","0","1069.04004","2142.0599999427795","253652d9-8402-446d-ae22-8afa767923ff","2ca83ae0-85a1-479e-bef1-d06af29b9200","81d1bb0a-6236-41b3-bcba-9817903ae93a"
"Blake Hardwick","Back","Round 22 v Collingwood","3552.88599","217.17999999999998","6","304.62762","7.39814","110.56183","37","0","1129.82996","1928.090000152588","253652d9-8402-446d-ae22-8afa767923ff","2ca83ae0-85a1-479e-bef1-d06af29b9200","937cf9d8-03f1-4349-a46e-191bbb32879a"
"Blake Hardwick","Back","Round 22 v Collingwood","3162.74146","380.92001","9","303.36099","8.63352","126.74456","40","0","1007.76001","1718.6799998283386","253652d9-8402-446d-ae22-8afa767923ff","2ca83ae0-85a1-479e-bef1-d06af29b9200","446cd3d2-4a05-49ad-841f-e73541be825f"
"Blake Hardwick","Back","Round 22 v Collingwood","2773.29297","272.43","7","264.97357","7.60029","116.6818","35","0","912.38","1621.5699999332428","253652d9-8402-446d-ae22-8afa767923ff","2ca83ae0-85a1-479e-bef1-d06af29b9200","b28ab5c1-e9a1-46f1-8d29-2c9b48edba60"
"Mitch Lewis","Back","Round 22 v Collingwood","3042.81982","456.39000000000004","13","252.78796","8.11543","127.33684","31","0","1049.47998","2142.0599999427795","253652d9-8402-446d-ae22-8afa767923ff","35159eb5-300f-48c1-b664-b6b12ef66fda","81d1bb0a-6236-41b3-bcba-9817903ae93a"
"Mitch Lewis","Back","Round 22 v Collingwood","3189.0835","327.06001000000003","6","265.17056","6.72748","121.69597","36","0","1048.77002","1928.090000152588","253652d9-8402-446d-ae22-8afa767923ff","35159eb5-300f-48c1-b664-b6b12ef66fda","937cf9d8-03f1-4349-a46e-191bbb32879a"
"Mitch Lewis","Back","Round 22 v Collingwood","3036.32739","350.34000000000003","10","247.76279","7.53306","128.62706","41","0","972.64001","1718.6799998283386","253652d9-8402-446d-ae22-8afa767923ff","35159eb5-300f-48c1-b664-b6b12ef66fda","446cd3d2-4a05-49ad-841f-e73541be825f"
"Mitch Lewis","Back","Round 22 v Collingwood","3316.88721","338.72999999999996","8","274.86752","7.21935","122.72873","29","0","1213.52002","1621.5699999332428","253652d9-8402-446d-ae22-8afa767923ff","35159eb5-300f-48c1-b664-b6b12ef66fda","b28ab5c1-e9a1-46f1-8d29-2c9b48edba60"
"Jarman Impey","Midfielder","Round 22 v Collingwood","3409.26416","426.91999999999996","11","344.4856","8.22355","133.29066","38","0","1119.43005","2142.0599999427795","253652d9-8402-446d-ae22-8afa767923ff","48b7449c-7b00-4728-8dcf-81959514acff","81d1bb0a-6236-41b3-bcba-9817903ae93a"
"Jarman Impey","Midfielder","Round 22 v Collingwood","3072.80615","359.9","9","311.55197","7.67964","112.56594","28","0","946.0","1928.090000152588","253652d9-8402-446d-ae22-8afa767923ff","48b7449c-7b00-4728-8dcf-81959514acff","937cf9d8-03f1-4349-a46e-191bbb32879a"
"Jarman Impey","Midfielder","Round 22 v Collingwood","3074.9292","456.69","13","317.62201","8.19744","133.24553","34","0","1013.13","1718.6799998283386","253652d9-8402-446d-ae22-8afa767923ff","48b7449c-7b00-4728-8dcf-81959514acff","446cd3d2-4a05-49ad-841f-e73541be825f"
"Jarman Impey","Midfielder","Round 22 v Collingwood","3127.77002","479.99001","11","330.02966","8.44923","123.09936","37","0","1034.09998","1621.5699999332428","253652d9-8402-446d-ae22-8afa767923ff","48b7449c-7b00-4728-8dcf-81959514acff","b28ab5c1-e9a1-46f1-8d29-2c9b48edba60"
"Tom Barrass","Hybrid","Round 22 v Collingwood","2960.90015","201.56","7","265.90103","6.82708","123.89308","29","0","1008.09003","2142.0599999427795","253652d9-8402-446d-ae22-8afa767923ff","6c56e5bd-2cd0-47f8-993f-dcc1d1ebce45","81d1bb0a-6236-41b3-bcba-9817903ae93a"
"Tom Barrass","Hybrid","Round 22 v Collingwood","3023.14209","130.39","4","256.27359","6.94409","118.11456","21","0","1095.71997","1928.090000152588","253652d9-8402-446d-ae22-8afa767923ff","6c56e5bd-2cd0-47f8-993f-dcc1d1ebce45","937cf9d8-03f1-4349-a46e-191bbb32879a"
"Tom Barrass","Hybrid","Round 22 v Collingwood","3008.34473","212.01","6","253.27589","7.91458","121.58367","28","0","1020.42999","1718.6799998283386","253652d9-8402-446d-ae22-8afa767923ff","6c56e5bd-2cd0-47f8-993f-dcc1d1ebce45","446cd3d2-4a05-49ad-841f-e73541be825f"
"Tom Barrass","Hybrid","Round 22 v Collingwood","3163.02148","205.67000000000002","4","260.51395","7.2549","117.03552","23","0","997.12","1621.5699999332428","253652d9-8402-446d-ae22-8afa767923ff","6c56e5bd-2cd0-47f8-993f-dcc1d1ebce45","b28ab5c1-e9a1-46f1-8d29-2c9b48edba60"
"Changkuoth Jiath","Midfielder","Round 22 v Collingwood","3628.55444","472.14998","13","380.17697","8.20123","141.98352","46","0","1225.83008","2142.0599999427795","253652d9-8402-446d-ae22-8afa767923ff","70206079-6eef-492b-8a40-67b9b32e13c1","81d1bb0a-6236-41b3-bcba-9817903ae93a"
"Changkuoth Jiath","Midfielder","Round 22 v Collingwood","3362.85522","458.71000000000004","14","351.83517","8.65244","131.52937","42","0","1200.94995","1928.090000152588","253652d9-8402-446d-ae22-8afa767923ff","70206079-6eef-492b-8a40-67b9b32e13c1","937cf9d8-03f1-4349-a46e-191bbb32879a"
"Changkuoth Jiath","Midfielder","Round 22 v Collingwood","3090.56738","378.09","8","329.457","8.52735","142.64377","40","0","1044.87","1718.6799998283386","253652d9-8402-446d-ae22-8afa767923ff","70206079-6eef-492b-8a40-67b9b32e13c1","446cd3d2-4a05-49ad-841f-e73541be825f"
"Changkuoth Jiath","Midfielder","Round 22 v Collingwood","2839.16699","263.66","8","290.94156","6.98884","126.6364","30","0","932.52002","1621.5699999332428","253652d9-8402-446d-ae22-8afa767923ff","70206079-6eef-492b-8a40-67b9b32e13c1","b28ab5c1-e9a1-46f1-8d29-2c9b48edba60"
"Connor Macdonald","Hybrid","Round 22 v Collingwood","3264.83008","560.38","9","327.67987","7.58624","151.18104","39","0","1066.07996","2142.0599999427795","253652d9-8402-446d-ae22-8afa767923ff","7381a6b2-b11c-4f42-85df-1b3b97b11693","81d1bb0a-6236-41b3-bcba-9817903ae93a"
"Connor Macdonald","Hybrid","Round 22 v Collingwood","3336.14551","573.70001","15","328.26501","7.32462","133.45828","51","0","964.44","1928.090000152588","253652d9-8402-446d-ae22-8afa767923ff","7381a6b2-b11c-4f42-85df-1b3b97b11693","937cf9d8-03f1-4349-a46e-191bbb32879a"
"Connor Macdonald","Hybrid","Round 22 v Collingwood","3594.54541","719.32","22","356.11221","8.18141","152.27468","40","0","1147.93005","1718.6799998283386","253652d9-8402-446d-ae22-8afa767923ff","7381a6b2-b11c-4f42-85df-1b3b97b11693","446cd3d2-4a05-49ad-841f-e73541be825f"
"Connor Macdonald","Hybrid","Round 22 v Collingwood","3304.39868","434.34999999999997","6","326.82224","7.70854","149.30074","37","0","1130.82996","1621.5699999332428","253652d9-8402-446d-ae22-8afa767923ff","7381a6b2-b11c-4f42-85df-1b3b97b11693","b28ab5c1-e9a1-46f1-8d29-2c9b48edba60"
"Lloyd Meek","Hybrid","Round 22 v Collingwood","3472.67798","115.46000000000001","2","370.16992","6.42376","133.70939","43","0","1404.09009","2142.0599999427795","253652d9-8402-446d-ae22-8afa767923ff","78eb8442-e99a-445f-8154-59b764e0c73a","81d1bb0a-6236-41b3-bcba-9817903ae93a"
"Lloyd Meek","Hybrid","Round 22 v Collingwood","3466.89307","141.23000000000002","2","351.6665","7.39867","122.87702","31","0","1333.70996","1928.090000152588","253652d9-8402-446d-ae22-8afa767923ff","78eb8442-e99a-445f-8154-59b764e0c73a","937cf9d8-03f1-4349-a46e-191bbb32879a"
"Lloyd Meek","Hybrid","Round 22 v Collingwood","3077.58423","179.76","2","311.87671","7.01597","136.12309","35","0","1264.20996","1718.6799998283386","253652d9-8402-446d-ae22-8afa767923ff","78eb8442-e99a-445f-8154-59b764e0c73a","446cd3d2-4a05-49ad-841f-e73541be825f"
"Lloyd Meek","Hybrid","Round 22 v Collingwood","2426.84058","92.28","2","235.3544","6.34362","127.89","28","0","892.65002","1621.5699999332428","253652d9-8402-446d-ae22-8afa767923ff","78eb8442-e99a-445f-8154-59b764e0c73a","b28ab5c1-e9a1-46f1-8d29-2c9b48edba60"
"Calsher Dear","Hybrid","Round 22 v Collingwood","2834.94214","246.84","6","263.57318","7.69092","131.90174","33","0","1018.29999","2142.0599999427795","253652d9-8402-446d-ae22-8afa767923ff","8abef924-5203-4e6c-967d-b809d768e3b4","81d1bb0a-6236-41b3-bcba-9817903ae93a"
"Calsher Dear","Hybrid","Round 22 v Collingwood","2880.15039","208.64001","7","270.91129","7.20163","107.88427","35","0","854.48999","1928.090000152588","253652d9-8402-446d-ae22-8afa767923ff","8abef924-5203-4e6c-967d-b809d768e3b4","937cf9d8-03f1-4349-a46e-191bbb32879a"
"Calsher Dear","Hybrid","Round 22 v Collingwood","2841.06665","238.02","6","254.52443","7.36722","134.78185","41","0","1038.30005","1718.6799998283386","253652d9-8402-446d-ae22-8afa767923ff","8abef924-5203-4e6c-967d-b809d768e3b4","446cd3d2-4a05-49ad-841f-e73541be825f"
"Dylan Moore","Midfielder","Round 22 v Collingwood","4784.77881","817.2999900000001","22","483.47791","8.17947","154.55794","67","0","1745.85999","2142.0599999427795","253652d9-8402-446d-ae22-8afa767923ff","8b0242f4-3a3b-4651-949f-17da0062afba","81d1bb0a-6236-41b3-bcba-9817903ae93a"
"Dylan Moore","Midfielder","Round 22 v Collingwood","3407.47632","537.8","15","359.35425","7.71355","124.63185","45","0","1100.64001","1928.090000152588","253652d9-8402-446d-ae22-8afa767923ff","8b0242f4-3a3b-4651-949f-17da0062afba","937cf9d8-03f1-4349-a46e-191bbb32879a"
"Dylan Moore","Midfielder","Round 22 v Collingwood","3411.83374","481.10999000000004","8","340.15369","8.04577","152.24038","39","0","1287.01001","1718.6799998283386","253652d9-8402-446d-ae22-8afa767923ff","8b0242f4-3a3b-4651-949f-17da0062afba","446cd3d2-4a05-49ad-841f-e73541be825f"
"Dylan Moore","Midfielder","Round 22 v Collingwood","2695.3833","444.12","10","273.74393","7.7375","150.56886","37","0","988.27002","1621.5699999332428","253652d9-8402-446d-ae22-8afa767923ff","8b0242f4-3a3b-4651-949f-17da0062afba","b28ab5c1-e9a1-46f1-8d29-2c9b48edba60"
"James Worpel","Midfielder","Round 22 v Collingwood","3413.41772","283.11","6","355.59113","8.30465","134.74017","46","0","1384.25","2142.0599999427795","253652d9-8402-446d-ae22-8afa767923ff","8efe86c2-4856-43ad-8822-2a8807b79d8b","81d1bb0a-6236-41b3-bcba-9817903ae93a"
"James Worpel","Midfielder","Round 22 v Collingwood","2975.18994","215.93","8","292.48157","7.31593","111.97062","42","0","987.46002","1928.090000152588","253652d9-8402-446d-ae22-8afa767923ff","8efe86c2-4856-43ad-8822-2a8807b79d8b","937cf9d8-03f1-4349-a46e-191bbb32879a"
"James Worpel","Midfielder","Round 22 v Collingwood","2288.58252","237.38000000000002","7","232.30164","7.9819","140.56913","29","0","970.09998","1718.6799998283386","253652d9-8402-446d-ae22-8afa767923ff","8efe86c2-4856-43ad-8822-2a8807b79d8b","446cd3d2-4a05-49ad-841f-e73541be825f"
"James Worpel","Midfielder","Round 22 v Collingwood","2846.48535","124.63999999999999","4","299.37109","7.16996","129.84014","49","0","1214.87","1621.5699999332428","253652d9-8402-446d-ae22-8afa767923ff","8efe86c2-4856-43ad-8822-2a8807b79d8b","b28ab5c1-e9a1-46f1-8d29-2c9b48edba60"
"Jai Newcombe","Hybrid","Round 22 v Collingwood","2035.52344","227.21","4","217.68394","8.09479","138.42076","23","0","655.12","2142.0599999427795","253652d9-8402-446d-ae22-8afa767923ff","a5e3bb3d-7e57-4dff-9d50-d405f3e1a584","81d1bb0a-6236-41b3-bcba-9817903ae93a"
"Jai Newcombe","Hybrid","Round 22 v Collingwood","3393.71582","331.28000000000003","10","356.21844","7.03843","119.98076","44","0","914.70996","1928.090000152588","253652d9-8402-446d-ae22-8afa767923ff","a5e3bb3d-7e57-4dff-9d50-d405f3e1a584","937cf9d8-03f1-4349-a46e-191bbb32879a"
"Jai Newcombe","Hybrid","Round 22 v Collingwood","3513.46143","161.2","5","383.43784","6.54078","146.73763","42","0","1549.69995","1718.6799998283386","253652d9-8402-446d-ae22-8afa767923ff","a5e3bb3d-7e57-4dff-9d50-d405f3e1a584","446cd3d2-4a05-49ad-841f-e73541be825f"
"Jai Newcombe","Hybrid","Round 22 v Collingwood","2792.37134","278.21","7","298.15375","8.00577","145.28089","31","0","1109.13","1621.5699999332428","253652d9-8402-446d-ae22-8afa767923ff","a5e3bb3d-7e57-4dff-9d50-d405f3e1a584","b28ab5c1-e9a1-46f1-8d29-2c9b48edba60"
"Nick Watson","Hybrid","Round 22 v Collingwood","3359.89648","447.78","14","358.37924","8.64355","130.2277","30","0","1305.04004","2142.0599999427795","253652d9-8402-446d-ae22-8afa767923ff","d15ed9ce-f683-4f0e-b12f-c87e4029f11e","81d1bb0a-6236-41b3-bcba-9817903ae93a"
"Nick Watson","Hybrid","Round 22 v Collingwood","2567.72803","229.15000000000003","6","251.99911","7.34512","104.79097","29","0","769.51001","1928.090000152588","253652d9-8402-446d-ae22-8afa767923ff","d15ed9ce-f683-4f0e-b12f-c87e4029f11e","937cf9d8-03f1-4349-a46e-191bbb32879a"
"Nick Watson","Hybrid","Round 22 v Collingwood","3484.95117","473.84999999999997","10","345.85211","8.47636","135.04422","29","0","1263.32007","1718.6799998283386","253652d9-8402-446d-ae22-8afa767923ff","d15ed9ce-f683-4f0e-b12f-c87e4029f11e","446cd3d2-4a05-49ad-841f-e73541be825f"
"Nick Watson","Hybrid","Round 22 v Collingwood","2528.12134","124.67","2","266.35809","8.3079","126.06674","20","0","1086.08997","1621.5699999332428","253652d9-8402-446d-ae22-8afa767923ff","d15ed9ce-f683-4f0e-b12f-c87e4029f11e","b28ab5c1-e9a1-46f1-8d29-2c9b48edba60"
"Josh Battle","Hybrid","Round 22 v Collingwood","4280.95557","485.43","13","414.66327","7.5235","139.6776","57","0","1423.94006","2142.0599999427795","253652d9-8402-446d-ae22-8afa767923ff","d906015c-707c-4176-b45b-c0b21e435310","81d1bb0a-6236-41b3-bcba-9817903ae93a"
"Josh Battle","Hybrid","Round 22 v Collingwood","3446.01343","436.82001","15","317.06802","7.94907","118.52764","40","0","978.53998","1928.090000152588","253652d9-8402-446d-ae22-8afa767923ff","d906015c-707c-4176-b45b-c0b21e435310","937cf9d8-03f1-4349-a46e-191bbb32879a"
"Josh Battle","Hybrid","Round 22 v Collingwood","3903.50488","485.15002000000004","14","372.68973","7.72001","136.27336","47","0","1186.48999","1718.6799998283386","253652d9-8402-446d-ae22-8afa767923ff","d906015c-707c-4176-b45b-c0b21e435310","446cd3d2-4a05-49ad-841f-e73541be825f"
"Josh Battle","Hybrid","Round 22 v Collingwood","2704.65479","357.95001","8","259.32755","7.45778","136.13692","29","0","842.04999","1621.5699999332428","253652d9-8402-446d-ae22-8afa767923ff","d906015c-707c-4176-b45b-c0b21e435310","b28ab5c1-e9a1-46f1-8d29-2c9b48edba60"
"Massimo D'Ambrosio","Hybrid","Round 22 v Collingwood","3863.55688","585.45002","18","384.44873","7.63603","144.19575","55","0","1397.54004","2142.0599999427795","253652d9-8402-446d-ae22-8afa767923ff","dc9a9fa6-3f4c-464e-ae3c-ce8c25ab08d1","81d1bb0a-6236-41b3-bcba-9817903ae93a"
"Massimo D'Ambrosio","Hybrid","Round 22 v Collingwood","3290.01758","396.13","12","319.41757","7.7161","125.84778","38","0","1067.96997","1928.090000152588","253652d9-8402-446d-ae22-8afa767923ff","dc9a9fa6-3f4c-464e-ae3c-ce8c25ab08d1","937cf9d8-03f1-4349-a46e-191bbb32879a"
"Massimo D'Ambrosio","Hybrid","Round 22 v Collingwood","2911.3623","382.39999","11","290.58197","7.40678","136.74574","30","0","937.10999","1718.6799998283386","253652d9-8402-446d-ae22-8afa767923ff","dc9a9fa6-3f4c-464e-ae3c-ce8c25ab08d1","446cd3d2-4a05-49ad-841f-e73541be825f"
"Massimo D'Ambrosio","Hybrid","Round 22 v Collingwood","2997.08545","437.87001","11","292.65167","7.57239","148.36934","28","0","1068.82007","1621.5699999332428","253652d9-8402-446d-ae22-8afa767923ff","dc9a9fa6-3f4c-464e-ae3c-ce8c25ab08d1","b28ab5c1-e9a1-46f1-8d29-2c9b48edba60"
"Luke Breust","Forward","Round 22 v Collingwood","694.86633","107.03999999999999","3","72.75467","7.3071","141.70824","7","0","304.53","1718.6799998283386","253652d9-8402-446d-ae22-8afa767923ff","ee01af18-5e25-44f8-ad1e-e1852412a21f","446cd3d2-4a05-49ad-841f-e73541be825f"
"Luke Breust","Forward","Round 22 v Collingwood","3472.28076","307.13","5","346.298","7.74911","128.47848","36","0","1371.05005","1621.5699999332428","253652d9-8402-446d-ae22-8afa767923ff","ee01af18-5e25-44f8-ad1e-e1852412a21f","b28ab5c1-e9a1-46f1-8d29-2c9b48edba60"
"Conor Nash","Back","Round 22 v Collingwood","3953.28271","224.64","5","347.37729","7.437","137.2477","55","0","1577.33997","2142.0599999427795","253652d9-8402-446d-ae22-8afa767923ff","ee799c04-c79f-41c9-bd53-176bb21a7077","81d1bb0a-6236-41b3-bcba-9817903ae93a"
"Conor Nash","Back","Round 22 v Collingwood","2538.83887","312.74","7","220.02753","7.235","116.16742","39","0","781.06","1928.090000152588","253652d9-8402-446d-ae22-8afa767923ff","ee799c04-c79f-41c9-bd53-176bb21a7077","937cf9d8-03f1-4349-a46e-191bbb32879a"
"Conor Nash","Back","Round 22 v Collingwood","3152.67285","294.46","10","272.16779","7.90368","144.1892","34","0","1219.04004","1718.6799998283386","253652d9-8402-446d-ae22-8afa767923ff","ee799c04-c79f-41c9-bd53-176bb21a7077","446cd3d2-4a05-49ad-841f-e73541be825f"
"Conor Nash","Back","Round 22 v Collingwood","3453.51978","229.73","5","304.00159","7.30562","145.02361","43","0","1519.32996","1621.5699999332428","253652d9-8402-446d-ae22-8afa767923ff","ee799c04-c79f-41c9-bd53-176bb21a7077","b28ab5c1-e9a1-46f1-8d29-2c9b48edba60"
"Jack Ginnivan","Hybrid","Round 21 v Adelaide","3681.3125","544.88","14","363.53632","7.90098","141.85355","48","0","1167.73999","1882.8600001335144","2796f658-43aa-46b6-bbed-0b2d5793cda8","020880cf-4cc3-45b8-ade5-ced73183435f","92de7aef-2a48-4694-ac81-9e2a16b743f2"
"Jack Ginnivan","Hybrid","Round 21 v Adelaide","2352.02466","166.72001","6","223.1463","6.72632","118.77913","34","0","805.66998","2070.6900000572205","2796f658-43aa-46b6-bbed-0b2d5793cda8","020880cf-4cc3-45b8-ade5-ced73183435f","16069a96-e72e-46a5-ab87-22610403857f"
"Jack Ginnivan","Hybrid","Round 21 v Adelaide","3671.77148","477.35999","14","366.43573","7.23369","131.8694","44","0","1112.80005","1942.770000219345","2796f658-43aa-46b6-bbed-0b2d5793cda8","020880cf-4cc3-45b8-ade5-ced73183435f","4fb2cdf3-0393-43be-86f1-a23e5bc1dfd8"
"Jack Ginnivan","Hybrid","Round 21 v Adelaide","4258.79834","386.53","13","426.75494","7.40117","123.98008","63","0","1238.42004","2061.039999961853","2796f658-43aa-46b6-bbed-0b2d5793cda8","020880cf-4cc3-45b8-ade5-ced73183435f","5d6188d9-ad25-4e32-aed9-f88006f3aa16"
"Jack Gunston","Forward","Round 21 v Adelaide","2872.87939","305.0","7","285.46289","7.8377","135.23781","38","0","1035.91003","1882.8600001335144","2796f658-43aa-46b6-bbed-0b2d5793cda8","0325dfcd-afd9-4feb-9006-dd13f41ca9e6","92de7aef-2a48-4694-ac81-9e2a16b743f2"
"Jack Gunston","Forward","Round 21 v Adelaide","3903.48438","222.4","5","364.16226","7.53354","113.10677","31","0","1390.66003","2070.6900000572205","2796f658-43aa-46b6-bbed-0b2d5793cda8","0325dfcd-afd9-4feb-9006-dd13f41ca9e6","16069a96-e72e-46a5-ab87-22610403857f"
"Jack Gunston","Forward","Round 21 v Adelaide","2637.96948","146.04000000000002","4","269.4617","7.82086","111.31612","39","0","938.33002","1942.770000219345","2796f658-43aa-46b6-bbed-0b2d5793cda8","0325dfcd-afd9-4feb-9006-dd13f41ca9e6","4fb2cdf3-0393-43be-86f1-a23e5bc1dfd8"
"Jack Gunston","Forward","Round 21 v Adelaide","3751.16528","147.62","7","360.11893","6.75936","109.20211","38","0","1373.07996","2061.039999961853","2796f658-43aa-46b6-bbed-0b2d5793cda8","0325dfcd-afd9-4feb-9006-dd13f41ca9e6","5d6188d9-ad25-4e32-aed9-f88006f3aa16"
"Karl Amon","Hybrid","Round 21 v Adelaide","3920.98462","617.4799700000001","16","378.99402","7.12447","144.26523","48","0","1276.13","1882.8600001335144","2796f658-43aa-46b6-bbed-0b2d5793cda8","036695b3-12e6-43fb-a153-0dea34fd7c41","92de7aef-2a48-4694-ac81-9e2a16b743f2"
"Karl Amon","Hybrid","Round 21 v Adelaide","2847.83228","362.64","9","274.91763","8.27793","125.29785","38","0","924.73999","2070.6900000572205","2796f658-43aa-46b6-bbed-0b2d5793cda8","036695b3-12e6-43fb-a153-0dea34fd7c41","16069a96-e72e-46a5-ab87-22610403857f"
"Karl Amon","Hybrid","Round 21 v Adelaide","3454.72534","415.92001000000005","8","323.32733","8.60963","134.62941","38","0","1211.39001","1942.770000219345","2796f658-43aa-46b6-bbed-0b2d5793cda8","036695b3-12e6-43fb-a153-0dea34fd7c41","4fb2cdf3-0393-43be-86f1-a23e5bc1dfd8"
"Karl Amon","Hybrid","Round 21 v Adelaide","4270.52686","439.89998999999995","12","399.6767","7.52165","124.32151","43","0","1478.76001","2061.039999961853","2796f658-43aa-46b6-bbed-0b2d5793cda8","036695b3-12e6-43fb-a153-0dea34fd7c41","5d6188d9-ad25-4e32-aed9-f88006f3aa16"
"Will Day","Hybrid","Round 21 v Adelaide","3519.51221","365.24","9","361.18726","8.22699","129.60507","46","0","1229.96997","1882.8600001335144","2796f658-43aa-46b6-bbed-0b2d5793cda8","09911943-d336-480e-bc5a-6f526913bbfb","92de7aef-2a48-4694-ac81-9e2a16b743f2"
"Will Day","Hybrid","Round 21 v Adelaide","3357.48486","164.04","4","352.02737","7.63296","118.56154","53","0","1164.41003","2070.6900000572205","2796f658-43aa-46b6-bbed-0b2d5793cda8","09911943-d336-480e-bc5a-6f526913bbfb","16069a96-e72e-46a5-ab87-22610403857f"
"Will Day","Hybrid","Round 21 v Adelaide","2748.72632","151.44","3","289.58978","7.38964","122.47225","46","0","946.35999","1942.770000219345","2796f658-43aa-46b6-bbed-0b2d5793cda8","09911943-d336-480e-bc5a-6f526913bbfb","4fb2cdf3-0393-43be-86f1-a23e5bc1dfd8"
"Will Day","Hybrid","Round 21 v Adelaide","1779.48096","12.33","0","201.36002","6.17472","102.68013","19","0","715.39001","2061.039999961853","2796f658-43aa-46b6-bbed-0b2d5793cda8","09911943-d336-480e-bc5a-6f526913bbfb","5d6188d9-ad25-4e32-aed9-f88006f3aa16"
"Jack Scrimshaw","Hybrid","Round 21 v Adelaide","3408.80615","317.28","10","298.7298","7.52321","137.5147","38","0","1302.42004","1882.8600001335144","2796f658-43aa-46b6-bbed-0b2d5793cda8","131ea882-7562-4a3d-a0e0-ddd0ca763ee2","92de7aef-2a48-4694-ac81-9e2a16b743f2"
"Jack Scrimshaw","Hybrid","Round 21 v Adelaide","3018.44092","288.36","4","273.94281","6.82839","120.74166","46","0","907.60999","2070.6900000572205","2796f658-43aa-46b6-bbed-0b2d5793cda8","131ea882-7562-4a3d-a0e0-ddd0ca763ee2","16069a96-e72e-46a5-ab87-22610403857f"
"Jack Scrimshaw","Hybrid","Round 21 v Adelaide","2819.28271","209.16","6","253.49849","7.17251","125.85241","30","0","1124.84998","1942.770000219345","2796f658-43aa-46b6-bbed-0b2d5793cda8","131ea882-7562-4a3d-a0e0-ddd0ca763ee2","4fb2cdf3-0393-43be-86f1-a23e5bc1dfd8"
"Jack Scrimshaw","Hybrid","Round 21 v Adelaide","2996.49756","212.20000000000002","5","260.20074","7.75366","121.33288","37","0","1119.18994","2061.039999961853","2796f658-43aa-46b6-bbed-0b2d5793cda8","131ea882-7562-4a3d-a0e0-ddd0ca763ee2","5d6188d9-ad25-4e32-aed9-f88006f3aa16"
"Mabior Chol","Hybrid","Round 21 v Adelaide","2666.22974","220.75000000000003","5","221.04204","8.09254","114.19195","32","0","939.03003","1882.8600001335144","2796f658-43aa-46b6-bbed-0b2d5793cda8","236a3ba1-a655-45e2-bcd2-6ad50b7c42fd","92de7aef-2a48-4694-ac81-9e2a16b743f2"
"Mabior Chol","Hybrid","Round 21 v Adelaide","2340.43848","161.45","5","190.05417","6.68043","110.47012","28","0","747.20001","2070.6900000572205","2796f658-43aa-46b6-bbed-0b2d5793cda8","236a3ba1-a655-45e2-bcd2-6ad50b7c42fd","16069a96-e72e-46a5-ab87-22610403857f"
"Mabior Chol","Hybrid","Round 21 v Adelaide","2548.03076","213.20000000000002","4","205.54019","7.71176","99.83012","26","0","812.75","1942.770000219345","2796f658-43aa-46b6-bbed-0b2d5793cda8","236a3ba1-a655-45e2-bcd2-6ad50b7c42fd","4fb2cdf3-0393-43be-86f1-a23e5bc1dfd8"
"Mabior Chol","Hybrid","Round 21 v Adelaide","2817.06421","75.11","2","225.03397","7.00598","100.30137","27","0","865.16003","2061.039999961853","2796f658-43aa-46b6-bbed-0b2d5793cda8","236a3ba1-a655-45e2-bcd2-6ad50b7c42fd","5d6188d9-ad25-4e32-aed9-f88006f3aa16"
"Josh Ward","Hybrid","Round 21 v Adelaide","3894.93774","406.36999999999995","11","368.01227","7.64303","151.18926","47","0","1476.95996","1882.8600001335144","2796f658-43aa-46b6-bbed-0b2d5793cda8","2794f857-7792-4f4b-b5fc-204ce195a191","92de7aef-2a48-4694-ac81-9e2a16b743f2"
"Josh Ward","Hybrid","Round 21 v Adelaide","2543.76514","285.34999","6","247.22357","7.82587","135.46157","36","0","827.06995","2070.6900000572205","2796f658-43aa-46b6-bbed-0b2d5793cda8","2794f857-7792-4f4b-b5fc-204ce195a191","16069a96-e72e-46a5-ab87-22610403857f"
"Josh Ward","Hybrid","Round 21 v Adelaide","3948.04492","649.51999","12","376.62289","7.92709","143.13586","53","0","1384.29004","1942.770000219345","2796f658-43aa-46b6-bbed-0b2d5793cda8","2794f857-7792-4f4b-b5fc-204ce195a191","4fb2cdf3-0393-43be-86f1-a23e5bc1dfd8"
"Josh Ward","Hybrid","Round 21 v Adelaide","2964.35522","438.25","10","263.89645","7.78036","134.69138","29","0","959.33002","2061.039999961853","2796f658-43aa-46b6-bbed-0b2d5793cda8","2794f857-7792-4f4b-b5fc-204ce195a191","5d6188d9-ad25-4e32-aed9-f88006f3aa16"
"Harry Morrison","Back","Round 21 v Adelaide","3435.677","410.28","8","327.97849","8.12527","160.55316","40","0","1299.80005","1882.8600001335144","2796f658-43aa-46b6-bbed-0b2d5793cda8","28405012-6960-46d6-9664-4d4f08217ee7","92de7aef-2a48-4694-ac81-9e2a16b743f2"
"Harry Morrison","Back","Round 21 v Adelaide","4537.47705","434.69999","11","428.73511","7.47355","138.89527","51","0","1647.17004","2070.6900000572205","2796f658-43aa-46b6-bbed-0b2d5793cda8","28405012-6960-46d6-9664-4d4f08217ee7","16069a96-e72e-46a5-ab87-22610403857f"
"Harry Morrison","Back","Round 21 v Adelaide","3717.98779","460.01001","15","357.7782","7.41206","137.41062","40","0","1361.22998","1942.770000219345","2796f658-43aa-46b6-bbed-0b2d5793cda8","28405012-6960-46d6-9664-4d4f08217ee7","4fb2cdf3-0393-43be-86f1-a23e5bc1dfd8"
"Harry Morrison","Back","Round 21 v Adelaide","3999.9375","450.78999999999996","11","374.7381","7.60108","131.72132","43","0","1438.59998","2061.039999961853","2796f658-43aa-46b6-bbed-0b2d5793cda8","28405012-6960-46d6-9664-4d4f08217ee7","5d6188d9-ad25-4e32-aed9-f88006f3aa16"
"James Sicily","Back","Round 21 v Adelaide","3804.54419","377.92","10","356.06415","7.33124","130.70292","43","0","1284.62","1882.8600001335144","2796f658-43aa-46b6-bbed-0b2d5793cda8","29708cec-1d8a-451d-a7da-18fca9557adc","92de7aef-2a48-4694-ac81-9e2a16b743f2"
"James Sicily","Back","Round 21 v Adelaide","3992.72705","400.07998999999995","8","377.59793","7.79654","115.69265","53","0","1301.67004","2070.6900000572205","2796f658-43aa-46b6-bbed-0b2d5793cda8","29708cec-1d8a-451d-a7da-18fca9557adc","16069a96-e72e-46a5-ab87-22610403857f"
"James Sicily","Back","Round 21 v Adelaide","3486.55811","420.64","10","307.58011","7.86493","124.34082","24","0","1121.87","1942.770000219345","2796f658-43aa-46b6-bbed-0b2d5793cda8","29708cec-1d8a-451d-a7da-18fca9557adc","4fb2cdf3-0393-43be-86f1-a23e5bc1dfd8"
"James Sicily","Back","Round 21 v Adelaide","3616.44556","345.64","11","327.51276","7.58544","105.28021","40","0","1089.52002","2061.039999961853","2796f658-43aa-46b6-bbed-0b2d5793cda8","29708cec-1d8a-451d-a7da-18fca9557adc","5d6188d9-ad25-4e32-aed9-f88006f3aa16"
"Blake Hardwick","Back","Round 21 v Adelaide","3248.24609","279.64","8","310.9498","7.23037","129.98444","44","0","1175.16003","1882.8600001335144","2796f658-43aa-46b6-bbed-0b2d5793cda8","2ca83ae0-85a1-479e-bef1-d06af29b9200","92de7aef-2a48-4694-ac81-9e2a16b743f2"
"Blake Hardwick","Back","Round 21 v Adelaide","4035.99414","376.57000999999997","11","392.75589","8.40516","116.94636","59","0","1252.46997","2070.6900000572205","2796f658-43aa-46b6-bbed-0b2d5793cda8","2ca83ae0-85a1-479e-bef1-d06af29b9200","16069a96-e72e-46a5-ab87-22610403857f"
"Blake Hardwick","Back","Round 21 v Adelaide","3910.3667","361.51999","10","354.37833","7.50878","120.76674","41","0","1273.75","1942.770000219345","2796f658-43aa-46b6-bbed-0b2d5793cda8","2ca83ae0-85a1-479e-bef1-d06af29b9200","4fb2cdf3-0393-43be-86f1-a23e5bc1dfd8"
"Blake Hardwick","Back","Round 21 v Adelaide","3600.48999","352.63","10","337.38739","8.41347","126.07273","38","0","1278.43994","2061.039999961853","2796f658-43aa-46b6-bbed-0b2d5793cda8","2ca83ae0-85a1-479e-bef1-d06af29b9200","5d6188d9-ad25-4e32-aed9-f88006f3aa16"
"Mitch Lewis","Back","Round 21 v Adelaide","3502.34644","360.09","8","297.7616","7.20871","129.16082","54","0","1059.96997","1882.8600001335144","2796f658-43aa-46b6-bbed-0b2d5793cda8","35159eb5-300f-48c1-b664-b6b12ef66fda","92de7aef-2a48-4694-ac81-9e2a16b743f2"
"Mitch Lewis","Back","Round 21 v Adelaide","3676.50977","280.75999","7","295.38232","7.50922","121.02275","35","0","1250.76001","2070.6900000572205","2796f658-43aa-46b6-bbed-0b2d5793cda8","35159eb5-300f-48c1-b664-b6b12ef66fda","16069a96-e72e-46a5-ab87-22610403857f"
"Mitch Lewis","Back","Round 21 v Adelaide","3264.93311","236.63","6","275.24155","7.457","122.98303","36","0","1108.38","1942.770000219345","2796f658-43aa-46b6-bbed-0b2d5793cda8","35159eb5-300f-48c1-b664-b6b12ef66fda","4fb2cdf3-0393-43be-86f1-a23e5bc1dfd8"
"Mitch Lewis","Back","Round 21 v Adelaide","2331.90088","194.03","6","194.98837","7.4839","118.39364","29","0","719.42999","2061.039999961853","2796f658-43aa-46b6-bbed-0b2d5793cda8","35159eb5-300f-48c1-b664-b6b12ef66fda","5d6188d9-ad25-4e32-aed9-f88006f3aa16"
"Jarman Impey","Midfielder","Round 21 v Adelaide","3849.19019","428.67001","10","391.86475","8.40751","140.93403","43","0","1405.76001","1882.8600001335144","2796f658-43aa-46b6-bbed-0b2d5793cda8","48b7449c-7b00-4728-8dcf-81959514acff","92de7aef-2a48-4694-ac81-9e2a16b743f2"
"Jarman Impey","Midfielder","Round 21 v Adelaide","3349.85498","472.51","16","340.72479","7.94379","119.16033","50","0","1052.12","2070.6900000572205","2796f658-43aa-46b6-bbed-0b2d5793cda8","48b7449c-7b00-4728-8dcf-81959514acff","16069a96-e72e-46a5-ab87-22610403857f"
"Jarman Impey","Midfielder","Round 21 v Adelaide","3357.56934","508.49998000000005","10","323.49255","8.39146","120.7947","29","0","1110.10999","1942.770000219345","2796f658-43aa-46b6-bbed-0b2d5793cda8","48b7449c-7b00-4728-8dcf-81959514acff","4fb2cdf3-0393-43be-86f1-a23e5bc1dfd8"
"Jarman Impey","Midfielder","Round 21 v Adelaide","3528.94824","465.59000000000003","11","339.17947","8.21827","116.66523","32","0","1070.71997","2061.039999961853","2796f658-43aa-46b6-bbed-0b2d5793cda8","48b7449c-7b00-4728-8dcf-81959514acff","5d6188d9-ad25-4e32-aed9-f88006f3aa16"
"Tom Barrass","Hybrid","Round 21 v Adelaide","3188.01465","203.43","5","272.31781","7.84171","133.99148","26","0","1257.42004","1882.8600001335144","2796f658-43aa-46b6-bbed-0b2d5793cda8","6c56e5bd-2cd0-47f8-993f-dcc1d1ebce45","92de7aef-2a48-4694-ac81-9e2a16b743f2"
"Tom Barrass","Hybrid","Round 21 v Adelaide","3623.55005","199.4","4","319.85327","7.24151","104.99544","48","0","1235.0","2070.6900000572205","2796f658-43aa-46b6-bbed-0b2d5793cda8","6c56e5bd-2cd0-47f8-993f-dcc1d1ebce45","16069a96-e72e-46a5-ab87-22610403857f"
"Tom Barrass","Hybrid","Round 21 v Adelaide","2902.59424","240.69999","5","249.95679","7.95952","112.11906","17","0","928.46002","1942.770000219345","2796f658-43aa-46b6-bbed-0b2d5793cda8","6c56e5bd-2cd0-47f8-993f-dcc1d1ebce45","4fb2cdf3-0393-43be-86f1-a23e5bc1dfd8"
"Tom Barrass","Hybrid","Round 21 v Adelaide","3356.33008","189.81","6","293.22308","8.54611","119.15119","29","0","1246.28003","2061.039999961853","2796f658-43aa-46b6-bbed-0b2d5793cda8","6c56e5bd-2cd0-47f8-993f-dcc1d1ebce45","5d6188d9-ad25-4e32-aed9-f88006f3aa16"
"Connor Macdonald","Hybrid","Round 21 v Adelaide","3083.95996","386.41998","11","331.53018","7.8397","148.90085","40","0","1124.18994","1882.8600001335144","2796f658-43aa-46b6-bbed-0b2d5793cda8","7381a6b2-b11c-4f42-85df-1b3b97b11693","92de7aef-2a48-4694-ac81-9e2a16b743f2"
"Connor Macdonald","Hybrid","Round 21 v Adelaide","3851.2085","425.19001000000003","9","378.08209","7.81763","130.8318","46","0","1192.02002","2070.6900000572205","2796f658-43aa-46b6-bbed-0b2d5793cda8","7381a6b2-b11c-4f42-85df-1b3b97b11693","16069a96-e72e-46a5-ab87-22610403857f"
"Connor Macdonald","Hybrid","Round 21 v Adelaide","3556.06665","676.74998","16","364.83527","8.29685","133.76802","45","0","1027.3999","1942.770000219345","2796f658-43aa-46b6-bbed-0b2d5793cda8","7381a6b2-b11c-4f42-85df-1b3b97b11693","4fb2cdf3-0393-43be-86f1-a23e5bc1dfd8"
"Connor Macdonald","Hybrid","Round 21 v Adelaide","1915.85254","336.54999","7","179.44952","7.28377","116.7562","17","0","523.71002","2061.039999961853","2796f658-43aa-46b6-bbed-0b2d5793cda8","7381a6b2-b11c-4f42-85df-1b3b97b11693","5d6188d9-ad25-4e32-aed9-f88006f3aa16"
"Lloyd Meek","Hybrid","Round 21 v Adelaide","3787.13794","301.87","5","374.90253","6.95288","135.76891","43","0","1457.94995","1882.8600001335144","2796f658-43aa-46b6-bbed-0b2d5793cda8","78eb8442-e99a-445f-8154-59b764e0c73a","92de7aef-2a48-4694-ac81-9e2a16b743f2"
"Lloyd Meek","Hybrid","Round 21 v Adelaide","3534.73926","77.96000000000001","1","349.31592","6.33814","117.54319","45","0","1254.35999","2070.6900000572205","2796f658-43aa-46b6-bbed-0b2d5793cda8","78eb8442-e99a-445f-8154-59b764e0c73a","16069a96-e72e-46a5-ab87-22610403857f"
"Lloyd Meek","Hybrid","Round 21 v Adelaide","3305.1355","71.11","1","306.90302","6.39084","117.05326","35","0","1036.98999","1942.770000219345","2796f658-43aa-46b6-bbed-0b2d5793cda8","78eb8442-e99a-445f-8154-59b764e0c73a","4fb2cdf3-0393-43be-86f1-a23e5bc1dfd8"
"Lloyd Meek","Hybrid","Round 21 v Adelaide","3608.01514","90.68","0","334.23288","6.48458","116.21015","37","0","1447.27002","2061.039999961853","2796f658-43aa-46b6-bbed-0b2d5793cda8","78eb8442-e99a-445f-8154-59b764e0c73a","5d6188d9-ad25-4e32-aed9-f88006f3aa16"
"Calsher Dear","Hybrid","Round 21 v Adelaide","3454.88623","338.80001","9","317.50311","8.08907","132.12644","47","0","1199.59998","1882.8600001335144","2796f658-43aa-46b6-bbed-0b2d5793cda8","8abef924-5203-4e6c-967d-b809d768e3b4","92de7aef-2a48-4694-ac81-9e2a16b743f2"
"Calsher Dear","Hybrid","Round 21 v Adelaide","2790.49048","229.82999000000004","7","241.75072","8.40542","124.94454","22","0","990.58997","2070.6900000572205","2796f658-43aa-46b6-bbed-0b2d5793cda8","8abef924-5203-4e6c-967d-b809d768e3b4","16069a96-e72e-46a5-ab87-22610403857f"
"Calsher Dear","Hybrid","Round 21 v Adelaide","1366.31689","135.16","5","120.24445","6.94618","133.30788","14","0","449.38","1942.770000219345","2796f658-43aa-46b6-bbed-0b2d5793cda8","8abef924-5203-4e6c-967d-b809d768e3b4","4fb2cdf3-0393-43be-86f1-a23e5bc1dfd8"
"Dylan Moore","Midfielder","Round 21 v Adelaide","4073.39771","527.63","13","422.91943","8.17901","151.16705","69","0","1460.33997","1882.8600001335144","2796f658-43aa-46b6-bbed-0b2d5793cda8","8b0242f4-3a3b-4651-949f-17da0062afba","92de7aef-2a48-4694-ac81-9e2a16b743f2"
"Dylan Moore","Midfielder","Round 21 v Adelaide","4397.3125","289.09000000000003","5","428.47168","7.11283","127.41586","51","0","1612.73999","2070.6900000572205","2796f658-43aa-46b6-bbed-0b2d5793cda8","8b0242f4-3a3b-4651-949f-17da0062afba","16069a96-e72e-46a5-ab87-22610403857f"
"Dylan Moore","Midfielder","Round 21 v Adelaide","3597.5437","371.35001","11","360.74707","7.10519","134.00836","38","0","1201.45007","1942.770000219345","2796f658-43aa-46b6-bbed-0b2d5793cda8","8b0242f4-3a3b-4651-949f-17da0062afba","4fb2cdf3-0393-43be-86f1-a23e5bc1dfd8"
"Dylan Moore","Midfielder","Round 21 v Adelaide","4129.20361","516.16","13","413.4852","7.37285","120.20738","48","0","1416.22998","2061.039999961853","2796f658-43aa-46b6-bbed-0b2d5793cda8","8b0242f4-3a3b-4651-949f-17da0062afba","5d6188d9-ad25-4e32-aed9-f88006f3aa16"
"James Worpel","Midfielder","Round 21 v Adelaide","2012.4679","152.16","3","202.43359","6.95642","128.81031","34","0","688.20001","1942.770000219345","2796f658-43aa-46b6-bbed-0b2d5793cda8","8efe86c2-4856-43ad-8822-2a8807b79d8b","4fb2cdf3-0393-43be-86f1-a23e5bc1dfd8"
"James Worpel","Midfielder","Round 21 v Adelaide","3759.91211","293.92","5","383.60596","7.01981","123.84359","49","0","1350.29004","2061.039999961853","2796f658-43aa-46b6-bbed-0b2d5793cda8","8efe86c2-4856-43ad-8822-2a8807b79d8b","5d6188d9-ad25-4e32-aed9-f88006f3aa16"
"Jai Newcombe","Hybrid","Round 21 v Adelaide","3899.30444","213.21","4","427.93555","7.05991","156.88104","52","0","1461.37012","1882.8600001335144","2796f658-43aa-46b6-bbed-0b2d5793cda8","a5e3bb3d-7e57-4dff-9d50-d405f3e1a584","92de7aef-2a48-4694-ac81-9e2a16b743f2"
"Jai Newcombe","Hybrid","Round 21 v Adelaide","3641.03345","184.7","5","401.70178","7.12505","129.1345","57","0","1157.64001","2070.6900000572205","2796f658-43aa-46b6-bbed-0b2d5793cda8","a5e3bb3d-7e57-4dff-9d50-d405f3e1a584","16069a96-e72e-46a5-ab87-22610403857f"
"Jai Newcombe","Hybrid","Round 21 v Adelaide","3315.81519","283.44998000000004","6","341.59628","7.6713","132.83895","38","0","1098.15002","1942.770000219345","2796f658-43aa-46b6-bbed-0b2d5793cda8","a5e3bb3d-7e57-4dff-9d50-d405f3e1a584","4fb2cdf3-0393-43be-86f1-a23e5bc1dfd8"
"Jai Newcombe","Hybrid","Round 21 v Adelaide","3753.48926","157.71","4","405.52197","6.69834","133.8357","43","0","1563.61011","2061.039999961853","2796f658-43aa-46b6-bbed-0b2d5793cda8","a5e3bb3d-7e57-4dff-9d50-d405f3e1a584","5d6188d9-ad25-4e32-aed9-f88006f3aa16"
"Nick Watson","Hybrid","Round 21 v Adelaide","3390.68457","366.72","10","348.55853","9.24471","124.53085","43","0","1061.55005","1882.8600001335144","2796f658-43aa-46b6-bbed-0b2d5793cda8","d15ed9ce-f683-4f0e-b12f-c87e4029f11e","92de7aef-2a48-4694-ac81-9e2a16b743f2"
"Nick Watson","Hybrid","Round 21 v Adelaide","3306.83374","102.97","5","341.88666","7.7377","117.83257","35","0","1293.26001","2070.6900000572205","2796f658-43aa-46b6-bbed-0b2d5793cda8","d15ed9ce-f683-4f0e-b12f-c87e4029f11e","16069a96-e72e-46a5-ab87-22610403857f"
"Nick Watson","Hybrid","Round 21 v Adelaide","2888.46216","287.71","7","296.05701","7.83083","128.54654","34","0","991.63","1942.770000219345","2796f658-43aa-46b6-bbed-0b2d5793cda8","d15ed9ce-f683-4f0e-b12f-c87e4029f11e","4fb2cdf3-0393-43be-86f1-a23e5bc1dfd8"
"Nick Watson","Hybrid","Round 21 v Adelaide","3696.77979","225.95","9","351.58051","8.39428","107.61887","43","0","1113.69995","2061.039999961853","2796f658-43aa-46b6-bbed-0b2d5793cda8","d15ed9ce-f683-4f0e-b12f-c87e4029f11e","5d6188d9-ad25-4e32-aed9-f88006f3aa16"
"Josh Battle","Hybrid","Round 21 v Adelaide","4202.55908","402.0","9","412.17468","8.50482","133.9205","60","0","1357.12","1882.8600001335144","2796f658-43aa-46b6-bbed-0b2d5793cda8","d906015c-707c-4176-b45b-c0b21e435310","92de7aef-2a48-4694-ac81-9e2a16b743f2"
"Josh Battle","Hybrid","Round 21 v Adelaide","3379.552","398.98999","13","319.47443","8.16122","121.86617","48","0","951.53998","2070.6900000572205","2796f658-43aa-46b6-bbed-0b2d5793cda8","d906015c-707c-4176-b45b-c0b21e435310","16069a96-e72e-46a5-ab87-22610403857f"
"Josh Battle","Hybrid","Round 21 v Adelaide","4216.83496","613.49","17","382.82538","7.36851","130.23163","41","0","1312.56006","1942.770000219345","2796f658-43aa-46b6-bbed-0b2d5793cda8","d906015c-707c-4176-b45b-c0b21e435310","4fb2cdf3-0393-43be-86f1-a23e5bc1dfd8"
"Josh Battle","Hybrid","Round 21 v Adelaide","4083.07202","360.28999999999996","14","396.65869","7.98324","118.86442","52","0","1367.02002","2061.039999961853","2796f658-43aa-46b6-bbed-0b2d5793cda8","d906015c-707c-4176-b45b-c0b21e435310","5d6188d9-ad25-4e32-aed9-f88006f3aa16"
"Massimo D'Ambrosio","Hybrid","Round 21 v Adelaide","3831.91699","433.99","10","389.7655","7.38159","153.74303","63","0","1352.54004","1882.8600001335144","2796f658-43aa-46b6-bbed-0b2d5793cda8","dc9a9fa6-3f4c-464e-ae3c-ce8c25ab08d1","92de7aef-2a48-4694-ac81-9e2a16b743f2"
"Massimo D'Ambrosio","Hybrid","Round 21 v Adelaide","3693.5415","424.89","13","364.95789","7.75055","129.96657","60","0","1307.31006","2070.6900000572205","2796f658-43aa-46b6-bbed-0b2d5793cda8","dc9a9fa6-3f4c-464e-ae3c-ce8c25ab08d1","16069a96-e72e-46a5-ab87-22610403857f"
"Massimo D'Ambrosio","Hybrid","Round 21 v Adelaide","3329.25635","509.81001","13","318.47626","7.49209","127.82054","33","0","1120.23999","1942.770000219345","2796f658-43aa-46b6-bbed-0b2d5793cda8","dc9a9fa6-3f4c-464e-ae3c-ce8c25ab08d1","4fb2cdf3-0393-43be-86f1-a23e5bc1dfd8"
"Massimo D'Ambrosio","Hybrid","Round 21 v Adelaide","2876.39258","336.96001","6","285.2099","6.79454","133.41751","40","0","936.90002","2061.039999961853","2796f658-43aa-46b6-bbed-0b2d5793cda8","dc9a9fa6-3f4c-464e-ae3c-ce8c25ab08d1","5d6188d9-ad25-4e32-aed9-f88006f3aa16"
"Conor Nash","Back","Round 21 v Adelaide","3793.70557","225.07","4","329.23181","6.94888","143.04984","55","0","1357.05005","1882.8600001335144","2796f658-43aa-46b6-bbed-0b2d5793cda8","ee799c04-c79f-41c9-bd53-176bb21a7077","92de7aef-2a48-4694-ac81-9e2a16b743f2"
"Conor Nash","Back","Round 21 v Adelaide","3961.87793","317.88","7","344.98035","7.68758","138.846","51","0","1443.47998","2070.6900000572205","2796f658-43aa-46b6-bbed-0b2d5793cda8","ee799c04-c79f-41c9-bd53-176bb21a7077","16069a96-e72e-46a5-ab87-22610403857f"
"Conor Nash","Back","Round 21 v Adelaide","3803.36768","406.25","12","318.10046","7.28403","136.87661","48","0","1336.13","1942.770000219345","2796f658-43aa-46b6-bbed-0b2d5793cda8","ee799c04-c79f-41c9-bd53-176bb21a7077","4fb2cdf3-0393-43be-86f1-a23e5bc1dfd8"
"Conor Nash","Back","Round 21 v Adelaide","2794.43896","378.21999999999997","10","238.16817","7.87212","124.13752","29","0","913.96002","2061.039999961853","2796f658-43aa-46b6-bbed-0b2d5793cda8","ee799c04-c79f-41c9-bd53-176bb21a7077","5d6188d9-ad25-4e32-aed9-f88006f3aa16"
"Jack Ginnivan","Hybrid","Round 23 v Melbourne","3835.875","518.19999","11","380.44574","7.80264","129.11057","45","0","1221.66003","1796.75","869c85ee-8871-4402-be74-2ce39a46856d","020880cf-4cc3-45b8-ade5-ced73183435f","ac94af9f-b798-4ca7-b99d-327081e17fde"
"Jack Ginnivan","Hybrid","Round 23 v Melbourne","3133.43726","365.31998","11","333.38327","7.35737","130.39418","54","0","1038.72998","1710.9100000858307","869c85ee-8871-4402-be74-2ce39a46856d","020880cf-4cc3-45b8-ade5-ced73183435f","1d719da6-234a-4e95-8bdb-a96ab9bc3ff0"
"Jack Ginnivan","Hybrid","Round 23 v Melbourne","3143.89453","363.0","9","328.82031","7.25304","128.55222","54","0","922.89001","1813.3700001239777","869c85ee-8871-4402-be74-2ce39a46856d","020880cf-4cc3-45b8-ade5-ced73183435f","71df9e04-a6e3-4503-9431-0ad31a769d66"
"Jack Ginnivan","Hybrid","Round 23 v Melbourne","2872.66528","449.32000000000005","8","294.98932","7.63251","122.48866","46","0","876.45001","1912.7599999904633","869c85ee-8871-4402-be74-2ce39a46856d","020880cf-4cc3-45b8-ade5-ced73183435f","0975166e-cc94-4a88-9e54-d4491eebb29f"
"Jack Gunston","Forward","Round 23 v Melbourne","2874.63037","271.2","6","267.89502","7.63209","115.11722","42","0","866.29999","1796.75","869c85ee-8871-4402-be74-2ce39a46856d","0325dfcd-afd9-4feb-9006-dd13f41ca9e6","ac94af9f-b798-4ca7-b99d-327081e17fde"
"Jack Gunston","Forward","Round 23 v Melbourne","2648.70117","95.00999999999999","3","260.8399","6.88403","112.23786","41","0","872.51001","1710.9100000858307","869c85ee-8871-4402-be74-2ce39a46856d","0325dfcd-afd9-4feb-9006-dd13f41ca9e6","1d719da6-234a-4e95-8bdb-a96ab9bc3ff0"
"Jack Gunston","Forward","Round 23 v Melbourne","2752.46851","118.21000000000001","5","246.8324","7.146","109.18017","26","0","981.84998","1813.3700001239777","869c85ee-8871-4402-be74-2ce39a46856d","0325dfcd-afd9-4feb-9006-dd13f41ca9e6","71df9e04-a6e3-4503-9431-0ad31a769d66"
"Jack Gunston","Forward","Round 23 v Melbourne","2193.07495","125.68","4","197.73477","7.28667","82.09869","25","0","627.91003","1912.7599999904633","869c85ee-8871-4402-be74-2ce39a46856d","0325dfcd-afd9-4feb-9006-dd13f41ca9e6","0975166e-cc94-4a88-9e54-d4491eebb29f"
"Karl Amon","Hybrid","Round 23 v Melbourne","3546.34717","416.14","8","336.52884","8.02861","145.1349","35","0","1274.75","1796.75","869c85ee-8871-4402-be74-2ce39a46856d","036695b3-12e6-43fb-a153-0dea34fd7c41","ac94af9f-b798-4ca7-b99d-327081e17fde"
"Karl Amon","Hybrid","Round 23 v Melbourne","3275.71436","361.75","9","310.81134","7.01733","144.04443","44","0","1224.71997","1710.9100000858307","869c85ee-8871-4402-be74-2ce39a46856d","036695b3-12e6-43fb-a153-0dea34fd7c41","1d719da6-234a-4e95-8bdb-a96ab9bc3ff0"
"Karl Amon","Hybrid","Round 23 v Melbourne","3525.44727","263.04999","5","341.16931","6.36288","140.12854","39","0","1281.10999","1813.3700001239777","869c85ee-8871-4402-be74-2ce39a46856d","036695b3-12e6-43fb-a153-0dea34fd7c41","71df9e04-a6e3-4503-9431-0ad31a769d66"
"Karl Amon","Hybrid","Round 23 v Melbourne","3418.46753","468.78","12","318.76001","8.04058","129.28662","39","0","1126.52002","1912.7599999904633","869c85ee-8871-4402-be74-2ce39a46856d","036695b3-12e6-43fb-a153-0dea34fd7c41","0975166e-cc94-4a88-9e54-d4491eebb29f"
"Jack Scrimshaw","Hybrid","Round 23 v Melbourne","3464.01904","315.34","9","297.68787","8.40104","133.89066","36","0","1289.03003","1796.75","869c85ee-8871-4402-be74-2ce39a46856d","131ea882-7562-4a3d-a0e0-ddd0ca763ee2","ac94af9f-b798-4ca7-b99d-327081e17fde"
"Jack Scrimshaw","Hybrid","Round 23 v Melbourne","3239.10205","218.85000000000002","5","275.7959","7.49289","127.25316","39","0","1272.69995","1710.9100000858307","869c85ee-8871-4402-be74-2ce39a46856d","131ea882-7562-4a3d-a0e0-ddd0ca763ee2","1d719da6-234a-4e95-8bdb-a96ab9bc3ff0"
"Jack Scrimshaw","Hybrid","Round 23 v Melbourne","3085.13501","130.78","5","277.8237","7.15537","117.83795","41","0","1162.91003","1813.3700001239777","869c85ee-8871-4402-be74-2ce39a46856d","131ea882-7562-4a3d-a0e0-ddd0ca763ee2","71df9e04-a6e3-4503-9431-0ad31a769d66"
"Jack Scrimshaw","Hybrid","Round 23 v Melbourne","2886.01563","143.47","3","249.48514","7.13462","124.37846","27","0","1209.48999","1912.7599999904633","869c85ee-8871-4402-be74-2ce39a46856d","131ea882-7562-4a3d-a0e0-ddd0ca763ee2","0975166e-cc94-4a88-9e54-d4491eebb29f"
"Mabior Chol","Hybrid","Round 23 v Melbourne","2949.33398","288.09999999999997","7","240.03915","8.02896","126.58539","31","0","1109.65991","1796.75","869c85ee-8871-4402-be74-2ce39a46856d","236a3ba1-a655-45e2-bcd2-6ad50b7c42fd","ac94af9f-b798-4ca7-b99d-327081e17fde"
"Mabior Chol","Hybrid","Round 23 v Melbourne","2828.54834","327.13","10","221.48358","8.39141","118.01928","43","0","769.25","1710.9100000858307","869c85ee-8871-4402-be74-2ce39a46856d","236a3ba1-a655-45e2-bcd2-6ad50b7c42fd","1d719da6-234a-4e95-8bdb-a96ab9bc3ff0"
"Mabior Chol","Hybrid","Round 23 v Melbourne","3015.32129","334.48001000000005","6","238.4856","8.16917","117.93033","32","0","1008.83002","1813.3700001239777","869c85ee-8871-4402-be74-2ce39a46856d","236a3ba1-a655-45e2-bcd2-6ad50b7c42fd","71df9e04-a6e3-4503-9431-0ad31a769d66"
"Mabior Chol","Hybrid","Round 23 v Melbourne","2545.57422","106.77999999999999","4","201.29384","7.71239","96.56653","24","0","809.20001","1912.7599999904633","869c85ee-8871-4402-be74-2ce39a46856d","236a3ba1-a655-45e2-bcd2-6ad50b7c42fd","0975166e-cc94-4a88-9e54-d4491eebb29f"
"Josh Ward","Hybrid","Round 23 v Melbourne","3735.77637","416.90999","12","349.58551","7.67102","143.07198","53","0","1264.28003","1796.75","869c85ee-8871-4402-be74-2ce39a46856d","2794f857-7792-4f4b-b5fc-204ce195a191","ac94af9f-b798-4ca7-b99d-327081e17fde"
"Josh Ward","Hybrid","Round 23 v Melbourne","3439.11914","399.4","9","330.4852","7.53522","149.2112","50","0","1269.87","1710.9100000858307","869c85ee-8871-4402-be74-2ce39a46856d","2794f857-7792-4f4b-b5fc-204ce195a191","1d719da6-234a-4e95-8bdb-a96ab9bc3ff0"
"Josh Ward","Hybrid","Round 23 v Melbourne","3776.44238","244.97","4","368.72339","6.77297","144.10602","55","0","1461.17004","1813.3700001239777","869c85ee-8871-4402-be74-2ce39a46856d","2794f857-7792-4f4b-b5fc-204ce195a191","71df9e04-a6e3-4503-9431-0ad31a769d66"
"Josh Ward","Hybrid","Round 23 v Melbourne","3015.12329","232.78","4","286.22125","7.08965","146.09335","38","0","1132.91003","1912.7599999904633","869c85ee-8871-4402-be74-2ce39a46856d","2794f857-7792-4f4b-b5fc-204ce195a191","0975166e-cc94-4a88-9e54-d4491eebb29f"
"James Sicily","Back","Round 23 v Melbourne","2500.0625","299.04","6","220.71466","7.80314","118.95053","31","0","881.64001","1796.75","869c85ee-8871-4402-be74-2ce39a46856d","29708cec-1d8a-451d-a7da-18fca9557adc","ac94af9f-b798-4ca7-b99d-327081e17fde"
"James Sicily","Back","Round 23 v Melbourne","3497.48853","260.15999","7","332.44116","8.29956","122.65362","37","0","1284.18994","1710.9100000858307","869c85ee-8871-4402-be74-2ce39a46856d","29708cec-1d8a-451d-a7da-18fca9557adc","1d719da6-234a-4e95-8bdb-a96ab9bc3ff0"
"James Sicily","Back","Round 23 v Melbourne","2845.92725","264.76","7","264.03949","7.84341","120.10328","34","0","977.87","1813.3700001239777","869c85ee-8871-4402-be74-2ce39a46856d","29708cec-1d8a-451d-a7da-18fca9557adc","71df9e04-a6e3-4503-9431-0ad31a769d66"
"James Sicily","Back","Round 23 v Melbourne","3314.19897","448.68","16","302.81323","8.52398","115.89797","40","0","1129.09998","1912.7599999904633","869c85ee-8871-4402-be74-2ce39a46856d","29708cec-1d8a-451d-a7da-18fca9557adc","0975166e-cc94-4a88-9e54-d4491eebb29f"
"Blake Hardwick","Back","Round 23 v Melbourne","3958.40649","253.43001","6","368.68469","7.74349","135.32628","50","0","1404.40002","1796.75","869c85ee-8871-4402-be74-2ce39a46856d","2ca83ae0-85a1-479e-bef1-d06af29b9200","ac94af9f-b798-4ca7-b99d-327081e17fde"
"Blake Hardwick","Back","Round 23 v Melbourne","3842.18896","313.53","8","375.05972","7.69501","134.74194","54","0","1386.67004","1710.9100000858307","869c85ee-8871-4402-be74-2ce39a46856d","2ca83ae0-85a1-479e-bef1-d06af29b9200","1d719da6-234a-4e95-8bdb-a96ab9bc3ff0"
"Blake Hardwick","Back","Round 23 v Melbourne","2663.73193","163.32999999999998","5","258.44055","6.67501","123.90603","36","0","955.97998","1813.3700001239777","869c85ee-8871-4402-be74-2ce39a46856d","2ca83ae0-85a1-479e-bef1-d06af29b9200","71df9e04-a6e3-4503-9431-0ad31a769d66"
"Blake Hardwick","Back","Round 23 v Melbourne","3375.5332","345.81999","14","309.93759","7.28893","105.88469","55","0","902.54999","1912.7599999904633","869c85ee-8871-4402-be74-2ce39a46856d","2ca83ae0-85a1-479e-bef1-d06af29b9200","0975166e-cc94-4a88-9e54-d4491eebb29f"
"Mitch Lewis","Back","Round 23 v Melbourne","3103.177","277.12999","7","249.75674","8.76575","122.7385","42","0","1092.78003","1796.75","869c85ee-8871-4402-be74-2ce39a46856d","35159eb5-300f-48c1-b664-b6b12ef66fda","ac94af9f-b798-4ca7-b99d-327081e17fde"
"Mitch Lewis","Back","Round 23 v Melbourne","2974.40405","279.22999999999996","8","237.75375","7.08301","127.42076","42","0","960.25","1710.9100000858307","869c85ee-8871-4402-be74-2ce39a46856d","35159eb5-300f-48c1-b664-b6b12ef66fda","1d719da6-234a-4e95-8bdb-a96ab9bc3ff0"
"Mitch Lewis","Back","Round 23 v Melbourne","3210.56348","414.44000000000005","10","258.62497","7.21725","126.89305","44","0","1115.25","1813.3700001239777","869c85ee-8871-4402-be74-2ce39a46856d","35159eb5-300f-48c1-b664-b6b12ef66fda","71df9e04-a6e3-4503-9431-0ad31a769d66"
"Mitch Lewis","Back","Round 23 v Melbourne","2580.41626","366.99","8","208.54355","8.18229","117.73762","31","0","768.71002","1912.7599999904633","869c85ee-8871-4402-be74-2ce39a46856d","35159eb5-300f-48c1-b664-b6b12ef66fda","0975166e-cc94-4a88-9e54-d4491eebb29f"
"Jarman Impey","Midfielder","Round 23 v Melbourne","3454.80908","470.40999999999997","12","360.06601","8.80638","133.32254","35","0","1295.95996","1796.75","869c85ee-8871-4402-be74-2ce39a46856d","48b7449c-7b00-4728-8dcf-81959514acff","ac94af9f-b798-4ca7-b99d-327081e17fde"
"Jarman Impey","Midfielder","Round 23 v Melbourne","3208.05908","381.84000000000003","10","350.65369","7.93816","137.84665","45","0","1212.5","1710.9100000858307","869c85ee-8871-4402-be74-2ce39a46856d","48b7449c-7b00-4728-8dcf-81959514acff","1d719da6-234a-4e95-8bdb-a96ab9bc3ff0"
"Jarman Impey","Midfielder","Round 23 v Melbourne","2871.5437","261.16999","7","306.60089","8.82091","113.09","34","0","918.87","1813.3700001239777","869c85ee-8871-4402-be74-2ce39a46856d","48b7449c-7b00-4728-8dcf-81959514acff","71df9e04-a6e3-4503-9431-0ad31a769d66"
"Jarman Impey","Midfielder","Round 23 v Melbourne","3017.76123","458.54000999999994","9","312.11536","8.61831","119.67882","38","0","919.64996","1912.7599999904633","869c85ee-8871-4402-be74-2ce39a46856d","48b7449c-7b00-4728-8dcf-81959514acff","0975166e-cc94-4a88-9e54-d4491eebb29f"
"Tom Barrass","Hybrid","Round 23 v Melbourne","2792.94458","160.17","3","239.44965","7.22572","118.9871","29","0","1019.42999","1796.75","869c85ee-8871-4402-be74-2ce39a46856d","6c56e5bd-2cd0-47f8-993f-dcc1d1ebce45","ac94af9f-b798-4ca7-b99d-327081e17fde"
"Tom Barrass","Hybrid","Round 23 v Melbourne","2550.59692","182.82999999999998","5","216.32735","7.11724","131.0934","18","0","967.08002","1710.9100000858307","869c85ee-8871-4402-be74-2ce39a46856d","6c56e5bd-2cd0-47f8-993f-dcc1d1ebce45","1d719da6-234a-4e95-8bdb-a96ab9bc3ff0"
"Tom Barrass","Hybrid","Round 23 v Melbourne","3449.37109","126.64","3","287.96512","7.4033","114.13129","39","0","1239.78003","1813.3700001239777","869c85ee-8871-4402-be74-2ce39a46856d","6c56e5bd-2cd0-47f8-993f-dcc1d1ebce45","71df9e04-a6e3-4503-9431-0ad31a769d66"
"Tom Barrass","Hybrid","Round 23 v Melbourne","3374.88599","126.50999999999999","5","274.02771","7.95339","105.86438","32","0","992.09003","1912.7599999904633","869c85ee-8871-4402-be74-2ce39a46856d","6c56e5bd-2cd0-47f8-993f-dcc1d1ebce45","0975166e-cc94-4a88-9e54-d4491eebb29f"
"Changkuoth Jiath","Midfielder","Round 23 v Melbourne","3125.77344","557.38001","13","318.0856","8.34056","145.06656","36","0","977.97998","1796.75","869c85ee-8871-4402-be74-2ce39a46856d","70206079-6eef-492b-8a40-67b9b32e13c1","ac94af9f-b798-4ca7-b99d-327081e17fde"
"Changkuoth Jiath","Midfielder","Round 23 v Melbourne","3951.00342","549.56998","13","422.27338","7.9479","138.55796","57","0","1325.33997","1710.9100000858307","869c85ee-8871-4402-be74-2ce39a46856d","70206079-6eef-492b-8a40-67b9b32e13c1","1d719da6-234a-4e95-8bdb-a96ab9bc3ff0"
"Changkuoth Jiath","Midfielder","Round 23 v Melbourne","2787.94727","315.95","9","306.68176","7.89038","133.24691","49","0","929.03998","1813.3700001239777","869c85ee-8871-4402-be74-2ce39a46856d","70206079-6eef-492b-8a40-67b9b32e13c1","71df9e04-a6e3-4503-9431-0ad31a769d66"
"Changkuoth Jiath","Midfielder","Round 23 v Melbourne","3120.65186","449.26002","12","330.47675","7.90107","129.75234","45","0","1039.53003","1912.7599999904633","869c85ee-8871-4402-be74-2ce39a46856d","70206079-6eef-492b-8a40-67b9b32e13c1","0975166e-cc94-4a88-9e54-d4491eebb29f"
"Connor Macdonald","Hybrid","Round 23 v Melbourne","3779.64209","581.71001","13","382.6962","8.41497","144.34563","51","0","1319.70996","1796.75","869c85ee-8871-4402-be74-2ce39a46856d","7381a6b2-b11c-4f42-85df-1b3b97b11693","ac94af9f-b798-4ca7-b99d-327081e17fde"
"Connor Macdonald","Hybrid","Round 23 v Melbourne","3709.18213","422.31998","11","387.6427","7.13292","149.96087","49","0","1281.60999","1710.9100000858307","869c85ee-8871-4402-be74-2ce39a46856d","7381a6b2-b11c-4f42-85df-1b3b97b11693","1d719da6-234a-4e95-8bdb-a96ab9bc3ff0"
"Connor Macdonald","Hybrid","Round 23 v Melbourne","3325.60083","225.76","5","340.24564","7.38384","127.01698","50","0","1195.73999","1813.3700001239777","869c85ee-8871-4402-be74-2ce39a46856d","7381a6b2-b11c-4f42-85df-1b3b97b11693","71df9e04-a6e3-4503-9431-0ad31a769d66"
"Connor Macdonald","Hybrid","Round 23 v Melbourne","3450.14063","313.18999","6","333.56137","7.63151","123.15553","38","0","1121.38","1912.7599999904633","869c85ee-8871-4402-be74-2ce39a46856d","7381a6b2-b11c-4f42-85df-1b3b97b11693","0975166e-cc94-4a88-9e54-d4491eebb29f"
"Lloyd Meek","Hybrid","Round 23 v Melbourne","2877.55225","152.11","3","300.20932","6.81153","122.18041","37","0","1069.10999","1796.75","869c85ee-8871-4402-be74-2ce39a46856d","78eb8442-e99a-445f-8154-59b764e0c73a","ac94af9f-b798-4ca7-b99d-327081e17fde"
"Lloyd Meek","Hybrid","Round 23 v Melbourne","2821.021","120.22999999999999","2","290.40698","6.85768","134.80508","37","0","1136.64001","1710.9100000858307","869c85ee-8871-4402-be74-2ce39a46856d","78eb8442-e99a-445f-8154-59b764e0c73a","1d719da6-234a-4e95-8bdb-a96ab9bc3ff0"
"Lloyd Meek","Hybrid","Round 23 v Melbourne","3133.6626","94.13","2","314.46661","6.61324","123.28518","44","0","1085.27002","1813.3700001239777","869c85ee-8871-4402-be74-2ce39a46856d","78eb8442-e99a-445f-8154-59b764e0c73a","71df9e04-a6e3-4503-9431-0ad31a769d66"
"Lloyd Meek","Hybrid","Round 23 v Melbourne","3400.32056","25.87","0","319.11414","6.10802","112.24835","28","0","1252.96997","1912.7599999904633","869c85ee-8871-4402-be74-2ce39a46856d","78eb8442-e99a-445f-8154-59b764e0c73a","0975166e-cc94-4a88-9e54-d4491eebb29f"
"Calsher Dear","Hybrid","Round 23 v Melbourne","3041.771","224.90000000000003","7","272.93311","7.71938","133.34667","40","0","1140.04004","1796.75","869c85ee-8871-4402-be74-2ce39a46856d","8abef924-5203-4e6c-967d-b809d768e3b4","ac94af9f-b798-4ca7-b99d-327081e17fde"
"Calsher Dear","Hybrid","Round 23 v Melbourne","2699.13281","347.46999","12","255.9325","7.33237","121.21128","57","0","785.52997","1710.9100000858307","869c85ee-8871-4402-be74-2ce39a46856d","8abef924-5203-4e6c-967d-b809d768e3b4","1d719da6-234a-4e95-8bdb-a96ab9bc3ff0"
"Calsher Dear","Hybrid","Round 23 v Melbourne","2447.11426","262.26","6","220.40723","7.60626","125.34306","31","0","791.02002","1813.3700001239777","869c85ee-8871-4402-be74-2ce39a46856d","8abef924-5203-4e6c-967d-b809d768e3b4","71df9e04-a6e3-4503-9431-0ad31a769d66"
"Calsher Dear","Hybrid","Round 23 v Melbourne","2500.323","150.42999","4","235.06407","7.59196","109.28542","39","0","789.47003","1912.7599999904633","869c85ee-8871-4402-be74-2ce39a46856d","8abef924-5203-4e6c-967d-b809d768e3b4","0975166e-cc94-4a88-9e54-d4491eebb29f"
"Dylan Moore","Midfielder","Round 23 v Melbourne","3519.22534","446.54999999999995","11","358.79959","7.35416","152.11365","46","0","1308.47998","1796.75","869c85ee-8871-4402-be74-2ce39a46856d","8b0242f4-3a3b-4651-949f-17da0062afba","ac94af9f-b798-4ca7-b99d-327081e17fde"
"Dylan Moore","Midfielder","Round 23 v Melbourne","4190.37695","575.52999","16","430.37946","7.47744","146.95257","60","0","1463.63","1710.9100000858307","869c85ee-8871-4402-be74-2ce39a46856d","8b0242f4-3a3b-4651-949f-17da0062afba","1d719da6-234a-4e95-8bdb-a96ab9bc3ff0"
"Dylan Moore","Midfielder","Round 23 v Melbourne","3536.5625","402.89","12","356.59912","7.50535","143.10149","54","0","1257.08008","1813.3700001239777","869c85ee-8871-4402-be74-2ce39a46856d","8b0242f4-3a3b-4651-949f-17da0062afba","71df9e04-a6e3-4503-9431-0ad31a769d66"
"Dylan Moore","Midfielder","Round 23 v Melbourne","3512.89844","382.3","9","358.46112","7.31849","139.53362","47","0","1302.46997","1912.7599999904633","869c85ee-8871-4402-be74-2ce39a46856d","8b0242f4-3a3b-4651-949f-17da0062afba","0975166e-cc94-4a88-9e54-d4491eebb29f"
"James Worpel","Midfielder","Round 23 v Melbourne","2633.39746","164.63","4","263.28802","7.0151","135.51744","46","0","1004.17999","1796.75","869c85ee-8871-4402-be74-2ce39a46856d","8efe86c2-4856-43ad-8822-2a8807b79d8b","ac94af9f-b798-4ca7-b99d-327081e17fde"
"James Worpel","Midfielder","Round 23 v Melbourne","3264.37012","267.64000000000004","7","340.27356","8.14699","141.53121","59","0","1255.72998","1710.9100000858307","869c85ee-8871-4402-be74-2ce39a46856d","8efe86c2-4856-43ad-8822-2a8807b79d8b","1d719da6-234a-4e95-8bdb-a96ab9bc3ff0"
"James Worpel","Midfielder","Round 23 v Melbourne","2632.75098","160.51999999999998","5","269.29907","6.67317","133.96292","46","0","944.17999","1813.3700001239777","869c85ee-8871-4402-be74-2ce39a46856d","8efe86c2-4856-43ad-8822-2a8807b79d8b","71df9e04-a6e3-4503-9431-0ad31a769d66"
"Jack Scrimshaw","Hybrid","Round 23 v Melbourne","2834.99634","204.21","7","249.70648","7.12543","125.52563","22","0","1010.35999","1640.25","94a2b105-2482-4bba-a7d7-127375bd0809","131ea882-7562-4a3d-a0e0-ddd0ca763ee2","5578600d-9764-425d-8a84-34aaa831a2ae"
"James Worpel","Midfielder","Round 23 v Melbourne","3417.64014","379.74999","8","330.91571","8.06823","124.52688","50","0","1059.73999","1912.7599999904633","869c85ee-8871-4402-be74-2ce39a46856d","8efe86c2-4856-43ad-8822-2a8807b79d8b","0975166e-cc94-4a88-9e54-d4491eebb29f"
"Jai Newcombe","Hybrid","Round 23 v Melbourne","3469.19604","220.32","5","379.83099","6.72427","142.74079","47","0","1417.53003","1796.75","869c85ee-8871-4402-be74-2ce39a46856d","a5e3bb3d-7e57-4dff-9d50-d405f3e1a584","ac94af9f-b798-4ca7-b99d-327081e17fde"
"Jai Newcombe","Hybrid","Round 23 v Melbourne","3091.59351","293.63999","5","324.16702","7.42812","141.05594","38","0","1171.42993","1710.9100000858307","869c85ee-8871-4402-be74-2ce39a46856d","a5e3bb3d-7e57-4dff-9d50-d405f3e1a584","1d719da6-234a-4e95-8bdb-a96ab9bc3ff0"
"Jai Newcombe","Hybrid","Round 23 v Melbourne","2697.50244","322.83998999999994","8","280.29919","7.84526","132.38301","32","0","905.31","1813.3700001239777","869c85ee-8871-4402-be74-2ce39a46856d","a5e3bb3d-7e57-4dff-9d50-d405f3e1a584","71df9e04-a6e3-4503-9431-0ad31a769d66"
"Jai Newcombe","Hybrid","Round 23 v Melbourne","2907.34277","210.23","6","294.57538","6.88816","140.27289","37","0","1186.81006","1912.7599999904633","869c85ee-8871-4402-be74-2ce39a46856d","a5e3bb3d-7e57-4dff-9d50-d405f3e1a584","0975166e-cc94-4a88-9e54-d4491eebb29f"
"Nick Watson","Hybrid","Round 23 v Melbourne","3161.96533","494.82","16","294.70901","8.14351","128.87132","29","0","1043.67004","1796.75","869c85ee-8871-4402-be74-2ce39a46856d","d15ed9ce-f683-4f0e-b12f-c87e4029f11e","ac94af9f-b798-4ca7-b99d-327081e17fde"
"Nick Watson","Hybrid","Round 23 v Melbourne","2788.08838","241.89001","7","266.30322","7.60645","120.81153","34","0","1012.79004","1710.9100000858307","869c85ee-8871-4402-be74-2ce39a46856d","d15ed9ce-f683-4f0e-b12f-c87e4029f11e","1d719da6-234a-4e95-8bdb-a96ab9bc3ff0"
"Nick Watson","Hybrid","Round 23 v Melbourne","796.10577","114.03999999999999","3","83.51638","7.19642","129.31842","9","0","324.17999","1813.3700001239777","869c85ee-8871-4402-be74-2ce39a46856d","d15ed9ce-f683-4f0e-b12f-c87e4029f11e","71df9e04-a6e3-4503-9431-0ad31a769d66"
"Josh Battle","Hybrid","Round 23 v Melbourne","3987.7981","227.57000000000002","5","394.75308","7.70153","133.16704","39","0","1509.28003","1796.75","869c85ee-8871-4402-be74-2ce39a46856d","d906015c-707c-4176-b45b-c0b21e435310","ac94af9f-b798-4ca7-b99d-327081e17fde"
"Josh Battle","Hybrid","Round 23 v Melbourne","3490.39624","351.46001","12","339.55652","7.62213","142.4419","42","0","1282.28003","1710.9100000858307","869c85ee-8871-4402-be74-2ce39a46856d","d906015c-707c-4176-b45b-c0b21e435310","1d719da6-234a-4e95-8bdb-a96ab9bc3ff0"
"Josh Battle","Hybrid","Round 23 v Melbourne","3929.43115","366.42","10","386.12448","7.86215","130.01531","48","0","1375.59998","1813.3700001239777","869c85ee-8871-4402-be74-2ce39a46856d","d906015c-707c-4176-b45b-c0b21e435310","71df9e04-a6e3-4503-9431-0ad31a769d66"
"Josh Battle","Hybrid","Round 23 v Melbourne","3295.90698","469.81","15","320.56125","8.2891","125.43571","41","0","986.13","1912.7599999904633","869c85ee-8871-4402-be74-2ce39a46856d","d906015c-707c-4176-b45b-c0b21e435310","0975166e-cc94-4a88-9e54-d4491eebb29f"
"Massimo D'Ambrosio","Hybrid","Round 23 v Melbourne","3575.97778","465.25001000000003","12","343.3736","7.76372","143.66742","38","0","1255.35999","1796.75","869c85ee-8871-4402-be74-2ce39a46856d","dc9a9fa6-3f4c-464e-ae3c-ce8c25ab08d1","ac94af9f-b798-4ca7-b99d-327081e17fde"
"Massimo D'Ambrosio","Hybrid","Round 23 v Melbourne","1798.80798","165.82000000000002","2","188.25604","6.32185","129.78569","28","0","595.12","1710.9100000858307","869c85ee-8871-4402-be74-2ce39a46856d","dc9a9fa6-3f4c-464e-ae3c-ce8c25ab08d1","1d719da6-234a-4e95-8bdb-a96ab9bc3ff0"
"Massimo D'Ambrosio","Hybrid","Round 23 v Melbourne","3492.81934","309.99998999999997","8","342.00253","7.28863","139.88717","43","0","1430.70996","1813.3700001239777","869c85ee-8871-4402-be74-2ce39a46856d","dc9a9fa6-3f4c-464e-ae3c-ce8c25ab08d1","71df9e04-a6e3-4503-9431-0ad31a769d66"
"Massimo D'Ambrosio","Hybrid","Round 23 v Melbourne","3673.10913","442.88000000000005","10","360.069","7.57101","135.04822","36","0","1403.23999","1912.7599999904633","869c85ee-8871-4402-be74-2ce39a46856d","dc9a9fa6-3f4c-464e-ae3c-ce8c25ab08d1","0975166e-cc94-4a88-9e54-d4491eebb29f"
"Luke Breust","Forward","Round 23 v Melbourne","2947.76367","322.99","10","292.45187","7.69906","122.05724","31","0","1033.69995","1813.3700001239777","869c85ee-8871-4402-be74-2ce39a46856d","ee01af18-5e25-44f8-ad1e-e1852412a21f","71df9e04-a6e3-4503-9431-0ad31a769d66"
"Luke Breust","Forward","Round 23 v Melbourne","3666.91138","317.36001000000005","10","341.46307","7.40589","115.02472","44","0","1184.93005","1912.7599999904633","869c85ee-8871-4402-be74-2ce39a46856d","ee01af18-5e25-44f8-ad1e-e1852412a21f","0975166e-cc94-4a88-9e54-d4491eebb29f"
"Conor Nash","Back","Round 23 v Melbourne","2776.24463","380.69001","10","234.83594","7.62508","137.14252","28","0","995.08997","1796.75","869c85ee-8871-4402-be74-2ce39a46856d","ee799c04-c79f-41c9-bd53-176bb21a7077","ac94af9f-b798-4ca7-b99d-327081e17fde"
"Conor Nash","Back","Round 23 v Melbourne","2517.31445","198.31","3","215.29065","6.47714","141.33482","38","0","993.53003","1710.9100000858307","869c85ee-8871-4402-be74-2ce39a46856d","ee799c04-c79f-41c9-bd53-176bb21a7077","1d719da6-234a-4e95-8bdb-a96ab9bc3ff0"
"Conor Nash","Back","Round 23 v Melbourne","3364.79346","152.81","1","288.94223","6.42651","136.80803","40","0","1312.53003","1813.3700001239777","869c85ee-8871-4402-be74-2ce39a46856d","ee799c04-c79f-41c9-bd53-176bb21a7077","71df9e04-a6e3-4503-9431-0ad31a769d66"
"Conor Nash","Back","Round 23 v Melbourne","3247.24463","291.72","7","279.02216","6.98207","128.51722","37","0","1187.1499","1912.7599999904633","869c85ee-8871-4402-be74-2ce39a46856d","ee799c04-c79f-41c9-bd53-176bb21a7077","0975166e-cc94-4a88-9e54-d4491eebb29f"
"Karl Amon","Hybrid","Round 23 v Melbourne","3366.94531","461.70999","9","330.3111","8.0353","141.36632","19","0","1251.06006","1798.75","94a2b105-2482-4bba-a7d7-127375bd0809","036695b3-12e6-43fb-a153-0dea34fd7c41","3ab76dfd-342a-4c9d-a500-efd9ad5f4d80"
"Karl Amon","Hybrid","Round 23 v Melbourne","3151.83643","297.03999999999996","7","298.84937","7.4632","134.11689","20","0","1095.38","1640.25","94a2b105-2482-4bba-a7d7-127375bd0809","036695b3-12e6-43fb-a153-0dea34fd7c41","5578600d-9764-425d-8a84-34aaa831a2ae"
"Karl Amon","Hybrid","Round 23 v Melbourne","3555.10205","413.93","6","350.38254","7.39172","126.39314","19","0","1193.93005","1783.8700001239777","94a2b105-2482-4bba-a7d7-127375bd0809","036695b3-12e6-43fb-a153-0dea34fd7c41","9d503672-2b56-4b61-a7d4-b38b4bb744f0"
"Karl Amon","Hybrid","Round 23 v Melbourne","2310.02368","205.01999999999998","3","222.11563","7.52626","125.79544","13","0","815.58997","1691.6799998283386","94a2b105-2482-4bba-a7d7-127375bd0809","036695b3-12e6-43fb-a153-0dea34fd7c41","56b92e45-d986-4927-8d1a-639637223d60"
"Will Day","Hybrid","Round 23 v Melbourne","3278.30249","403.08998999999994","12","331.64978","7.67","139.59827","18","0","1252.13","1798.75","94a2b105-2482-4bba-a7d7-127375bd0809","09911943-d336-480e-bc5a-6f526913bbfb","3ab76dfd-342a-4c9d-a500-efd9ad5f4d80"
"Will Day","Hybrid","Round 23 v Melbourne","3192.51465","292.75998","9","303.69122","7.24211","124.15714","27","0","992.89001","1640.25","94a2b105-2482-4bba-a7d7-127375bd0809","09911943-d336-480e-bc5a-6f526913bbfb","5578600d-9764-425d-8a84-34aaa831a2ae"
"Will Day","Hybrid","Round 23 v Melbourne","3388.91797","259.23","4","348.54489","7.38899","113.98537","19","0","1083.66003","1783.8700001239777","94a2b105-2482-4bba-a7d7-127375bd0809","09911943-d336-480e-bc5a-6f526913bbfb","9d503672-2b56-4b61-a7d4-b38b4bb744f0"
"Will Day","Hybrid","Round 23 v Melbourne","822.89697","10.3","1","94.69617","7.01","104.08951","5","0","305.29001","1691.6799998283386","94a2b105-2482-4bba-a7d7-127375bd0809","09911943-d336-480e-bc5a-6f526913bbfb","56b92e45-d986-4927-8d1a-639637223d60"
"Jack Scrimshaw","Hybrid","Round 23 v Melbourne","3669.11182","411.92","10","330.33948","7.94404","134.95915","22","0","1317.84998","1798.75","94a2b105-2482-4bba-a7d7-127375bd0809","131ea882-7562-4a3d-a0e0-ddd0ca763ee2","3ab76dfd-342a-4c9d-a500-efd9ad5f4d80"
"Jack Scrimshaw","Hybrid","Round 23 v Melbourne","2981.4917","244.99","7","268.51163","7.12045","124.60523","9","0","1089.57996","1783.8700001239777","94a2b105-2482-4bba-a7d7-127375bd0809","131ea882-7562-4a3d-a0e0-ddd0ca763ee2","9d503672-2b56-4b61-a7d4-b38b4bb744f0"
"Jack Scrimshaw","Hybrid","Round 23 v Melbourne","3493.03955","288.25","10","312.50958","7.53766","131.60837","23","0","1412.84009","1691.6799998283386","94a2b105-2482-4bba-a7d7-127375bd0809","131ea882-7562-4a3d-a0e0-ddd0ca763ee2","56b92e45-d986-4927-8d1a-639637223d60"
"Josh Ward","Hybrid","Round 23 v Melbourne","3536.94141","561.72997","14","345.47162","7.766","149.1384","24","0","1138.58997","1798.75","94a2b105-2482-4bba-a7d7-127375bd0809","2794f857-7792-4f4b-b5fc-204ce195a191","3ab76dfd-342a-4c9d-a500-efd9ad5f4d80"
"Josh Ward","Hybrid","Round 23 v Melbourne","3246.89063","507.11999","15","318.08792","7.69154","144.38753","23","0","1120.39001","1640.25","94a2b105-2482-4bba-a7d7-127375bd0809","2794f857-7792-4f4b-b5fc-204ce195a191","5578600d-9764-425d-8a84-34aaa831a2ae"
"Josh Ward","Hybrid","Round 23 v Melbourne","3494.56445","567.4000199999999","11","342.83026","8.11001","151.39563","18","0","1190.64001","1783.8700001239777","94a2b105-2482-4bba-a7d7-127375bd0809","2794f857-7792-4f4b-b5fc-204ce195a191","9d503672-2b56-4b61-a7d4-b38b4bb744f0"
"Josh Ward","Hybrid","Round 23 v Melbourne","2527.49634","259.72999999999996","4","261.08386","8.8063","143.97177","20","0","870.37","1691.6799998283386","94a2b105-2482-4bba-a7d7-127375bd0809","2794f857-7792-4f4b-b5fc-204ce195a191","56b92e45-d986-4927-8d1a-639637223d60"
"Harry Morrison","Back","Round 23 v Melbourne","3181.31714","255.58999999999997","5","327.98129","7.45323","136.85243","27","0","1028.60999","1798.75","94a2b105-2482-4bba-a7d7-127375bd0809","28405012-6960-46d6-9664-4d4f08217ee7","3ab76dfd-342a-4c9d-a500-efd9ad5f4d80"
"Harry Morrison","Back","Round 23 v Melbourne","3078.78906","387.94000000000005","8","320.11707","7.13624","145.38935","28","0","1018.03003","1640.25","94a2b105-2482-4bba-a7d7-127375bd0809","28405012-6960-46d6-9664-4d4f08217ee7","5578600d-9764-425d-8a84-34aaa831a2ae"
"Harry Morrison","Back","Round 23 v Melbourne","3399.77002","417.47","13","357.41824","7.55312","136.06791","25","0","1083.35999","1783.8700001239777","94a2b105-2482-4bba-a7d7-127375bd0809","28405012-6960-46d6-9664-4d4f08217ee7","9d503672-2b56-4b61-a7d4-b38b4bb744f0"
"Harry Morrison","Back","Round 23 v Melbourne","3248.78711","466.27999","9","353.25537","7.5314","137.35104","24","0","1073.03003","1691.6799998283386","94a2b105-2482-4bba-a7d7-127375bd0809","28405012-6960-46d6-9664-4d4f08217ee7","56b92e45-d986-4927-8d1a-639637223d60"
"James Sicily","Back","Round 23 v Melbourne","3847.89111","368.66001","8","342.27695","7.68719","128.35217","16","0","1392.56995","1798.75","94a2b105-2482-4bba-a7d7-127375bd0809","29708cec-1d8a-451d-a7da-18fca9557adc","3ab76dfd-342a-4c9d-a500-efd9ad5f4d80"
"James Sicily","Back","Round 23 v Melbourne","3436.08447","380.29001000000005","13","310.60828","9.09319","125.69125","24","0","1122.85999","1640.25","94a2b105-2482-4bba-a7d7-127375bd0809","29708cec-1d8a-451d-a7da-18fca9557adc","5578600d-9764-425d-8a84-34aaa831a2ae"
"James Sicily","Back","Round 23 v Melbourne","3866.00171","300.84999999999997","8","359.42746","7.99544","130.03195","32","0","1564.62","1783.8700001239777","94a2b105-2482-4bba-a7d7-127375bd0809","29708cec-1d8a-451d-a7da-18fca9557adc","9d503672-2b56-4b61-a7d4-b38b4bb744f0"
"James Sicily","Back","Round 23 v Melbourne","2883.28735","113.92","3","248.64734","7.47779","118.4507","20","0","1069.16992","1691.6799998283386","94a2b105-2482-4bba-a7d7-127375bd0809","29708cec-1d8a-451d-a7da-18fca9557adc","56b92e45-d986-4927-8d1a-639637223d60"
"Blake Hardwick","Back","Round 23 v Melbourne","3778.81592","434.7","11","373.89166","8.35699","140.41466","25","0","1461.27991","1798.75","94a2b105-2482-4bba-a7d7-127375bd0809","2ca83ae0-85a1-479e-bef1-d06af29b9200","3ab76dfd-342a-4c9d-a500-efd9ad5f4d80"
"Blake Hardwick","Back","Round 23 v Melbourne","3253.5166","261.23","5","321.0748","7.55424","126.08738","32","0","1254.85999","1640.25","94a2b105-2482-4bba-a7d7-127375bd0809","2ca83ae0-85a1-479e-bef1-d06af29b9200","5578600d-9764-425d-8a84-34aaa831a2ae"
"Blake Hardwick","Back","Round 23 v Melbourne","2744.75635","175.41","5","283.40979","7.32339","115.60925","29","0","854.28003","1783.8700001239777","94a2b105-2482-4bba-a7d7-127375bd0809","2ca83ae0-85a1-479e-bef1-d06af29b9200","9d503672-2b56-4b61-a7d4-b38b4bb744f0"
"Blake Hardwick","Back","Round 23 v Melbourne","2538.5354","148.5","3","258.33521","7.91946","104.17282","17","0","804.27002","1691.6799998283386","94a2b105-2482-4bba-a7d7-127375bd0809","2ca83ae0-85a1-479e-bef1-d06af29b9200","56b92e45-d986-4927-8d1a-639637223d60"
"James Blanck","Hybrid","Round 23 v Melbourne","3223.09131","261.07","9","307.43738","8.61739","128.76999","21","0","1256.39001","1798.75","94a2b105-2482-4bba-a7d7-127375bd0809","332895cd-549e-4958-a2a8-c06506a6b021","3ab76dfd-342a-4c9d-a500-efd9ad5f4d80"
"James Blanck","Hybrid","Round 23 v Melbourne","2550.45898","133.38","5","244.91776","7.96407","119.35322","13","0","1002.09003","1640.25","94a2b105-2482-4bba-a7d7-127375bd0809","332895cd-549e-4958-a2a8-c06506a6b021","5578600d-9764-425d-8a84-34aaa831a2ae"
"James Blanck","Hybrid","Round 23 v Melbourne","3399.99756","188.64999999999998","5","334.48163","7.17938","114.35803","18","0","1254.81995","1783.8700001239777","94a2b105-2482-4bba-a7d7-127375bd0809","332895cd-549e-4958-a2a8-c06506a6b021","9d503672-2b56-4b61-a7d4-b38b4bb744f0"
"James Blanck","Hybrid","Round 23 v Melbourne","3078.91943","199.91000000000003","7","293.62006","7.39522","109.20219","17","0","1043.84998","1691.6799998283386","94a2b105-2482-4bba-a7d7-127375bd0809","332895cd-549e-4958-a2a8-c06506a6b021","56b92e45-d986-4927-8d1a-639637223d60"
"Jacob Koschitzke","Hybrid","Round 23 v Melbourne","3383.41821","334.83001","8","294.10248","7.28256","131.55581","23","0","1103.54004","1798.75","94a2b105-2482-4bba-a7d7-127375bd0809","4070ffd5-8b3e-4f61-a151-fe11be403868","3ab76dfd-342a-4c9d-a500-efd9ad5f4d80"
"Jacob Koschitzke","Hybrid","Round 23 v Melbourne","2902.43481","221.92999","3","254.03801","7.89975","125.31922","17","0","1130.51001","1640.25","94a2b105-2482-4bba-a7d7-127375bd0809","4070ffd5-8b3e-4f61-a151-fe11be403868","5578600d-9764-425d-8a84-34aaa831a2ae"
"Jacob Koschitzke","Hybrid","Round 23 v Melbourne","2826.10449","187.23000000000002","4","247.85434","6.46225","131.34999","17","0","1046.02002","1783.8700001239777","94a2b105-2482-4bba-a7d7-127375bd0809","4070ffd5-8b3e-4f61-a151-fe11be403868","9d503672-2b56-4b61-a7d4-b38b4bb744f0"
"Jacob Koschitzke","Hybrid","Round 23 v Melbourne","2445.5813","163.96","3","222.16681","6.92408","121.58199","20","0","834.59998","1691.6799998283386","94a2b105-2482-4bba-a7d7-127375bd0809","4070ffd5-8b3e-4f61-a151-fe11be403868","56b92e45-d986-4927-8d1a-639637223d60"
"Max Ramsden","Hybrid","Round 23 v Melbourne","3244.73193","388.33999","8","315.20828","7.15941","138.35335","16","0","1013.69","1798.75","94a2b105-2482-4bba-a7d7-127375bd0809","4677c91b-7431-4ef7-99b0-1e002767f04e","3ab76dfd-342a-4c9d-a500-efd9ad5f4d80"
"Max Ramsden","Hybrid","Round 23 v Melbourne","3224.85327","195.29000000000002","5","311.54547","6.63636","145.29093","17","0","1206.39001","1640.25","94a2b105-2482-4bba-a7d7-127375bd0809","4677c91b-7431-4ef7-99b0-1e002767f04e","5578600d-9764-425d-8a84-34aaa831a2ae"
"Max Ramsden","Hybrid","Round 23 v Melbourne","2849.92603","260.57001","5","279.56128","7.11835","150.03691","19","0","965.92004","1783.8700001239777","94a2b105-2482-4bba-a7d7-127375bd0809","4677c91b-7431-4ef7-99b0-1e002767f04e","9d503672-2b56-4b61-a7d4-b38b4bb744f0"
"Jarman Impey","Midfielder","Round 23 v Melbourne","2888.96533","351.66000999999994","9","340.83743","7.46875","124.27617","20","0","1053.22998","1798.75","94a2b105-2482-4bba-a7d7-127375bd0809","48b7449c-7b00-4728-8dcf-81959514acff","3ab76dfd-342a-4c9d-a500-efd9ad5f4d80"
"Jarman Impey","Midfielder","Round 23 v Melbourne","3097.37695","448.61001999999996","13","365.03799","7.63972","136.91072","24","0","1089.81006","1640.25","94a2b105-2482-4bba-a7d7-127375bd0809","48b7449c-7b00-4728-8dcf-81959514acff","5578600d-9764-425d-8a84-34aaa831a2ae"
"Jarman Impey","Midfielder","Round 23 v Melbourne","3153.24658","509.89999","10","365.33017","7.96499","127.47601","29","0","922.78998","1783.8700001239777","94a2b105-2482-4bba-a7d7-127375bd0809","48b7449c-7b00-4728-8dcf-81959514acff","9d503672-2b56-4b61-a7d4-b38b4bb744f0"
"Jarman Impey","Midfielder","Round 23 v Melbourne","3075.21436","554.50999","13","367.13739","7.94765","142.11772","25","0","1022.55005","1691.6799998283386","94a2b105-2482-4bba-a7d7-127375bd0809","48b7449c-7b00-4728-8dcf-81959514acff","56b92e45-d986-4927-8d1a-639637223d60"
"Ned Reeves","Hybrid","Round 23 v Melbourne","2972.54468","21.33","0","292.26031","5.98375","115.46628","13","0","1339.26001","1798.75","94a2b105-2482-4bba-a7d7-127375bd0809","52c4e9a4-a9c9-4323-b7b5-9c68cdefcfa3","3ab76dfd-342a-4c9d-a500-efd9ad5f4d80"
"Ned Reeves","Hybrid","Round 23 v Melbourne","2948.16797","106.88","2","283.20715","6.4698","120.17234","12","0","1267.60999","1640.25","94a2b105-2482-4bba-a7d7-127375bd0809","52c4e9a4-a9c9-4323-b7b5-9c68cdefcfa3","5578600d-9764-425d-8a84-34aaa831a2ae"
"Ned Reeves","Hybrid","Round 23 v Melbourne","2592.63037","32.13","1","245.12402","6.48608","105.11942","15","0","1013.51001","1783.8700001239777","94a2b105-2482-4bba-a7d7-127375bd0809","52c4e9a4-a9c9-4323-b7b5-9c68cdefcfa3","9d503672-2b56-4b61-a7d4-b38b4bb744f0"
"Ned Reeves","Hybrid","Round 23 v Melbourne","2612.05908","62.16","2","244.69304","6.22494","113.33783","12","0","1128.18994","1691.6799998283386","94a2b105-2482-4bba-a7d7-127375bd0809","52c4e9a4-a9c9-4323-b7b5-9c68cdefcfa3","56b92e45-d986-4927-8d1a-639637223d60"
"Connor Macdonald","Hybrid","Round 23 v Melbourne","3997.18945","730.5999999999999","16","392.59021","7.87429","155.15735","22","0","1358.63","1798.75","94a2b105-2482-4bba-a7d7-127375bd0809","7381a6b2-b11c-4f42-85df-1b3b97b11693","3ab76dfd-342a-4c9d-a500-efd9ad5f4d80"
"Connor Macdonald","Hybrid","Round 23 v Melbourne","3345.16553","347.77","9","330.82431","7.41265","139.04394","18","0","1209.05005","1640.25","94a2b105-2482-4bba-a7d7-127375bd0809","7381a6b2-b11c-4f42-85df-1b3b97b11693","5578600d-9764-425d-8a84-34aaa831a2ae"
"Connor Macdonald","Hybrid","Round 23 v Melbourne","2704.55737","300.33","8","264.10583","8.41508","134.69135","27","0","963.13","1783.8700001239777","94a2b105-2482-4bba-a7d7-127375bd0809","7381a6b2-b11c-4f42-85df-1b3b97b11693","9d503672-2b56-4b61-a7d4-b38b4bb744f0"
"Connor Macdonald","Hybrid","Round 23 v Melbourne","3922.6123","558.0699999999999","12","375.57346","8.10504","152.16506","18","0","1417.17993","1691.6799998283386","94a2b105-2482-4bba-a7d7-127375bd0809","7381a6b2-b11c-4f42-85df-1b3b97b11693","56b92e45-d986-4927-8d1a-639637223d60"
"Dylan Moore","Midfielder","Round 23 v Melbourne","3623.63867","495.19999","11","363.99716","7.86047","143.66122","24","0","1348.02002","1798.75","94a2b105-2482-4bba-a7d7-127375bd0809","8b0242f4-3a3b-4651-949f-17da0062afba","3ab76dfd-342a-4c9d-a500-efd9ad5f4d80"
"Dylan Moore","Midfielder","Round 23 v Melbourne","3485.99561","323.45999","5","344.71719","7.86168","140.24107","27","0","1271.27002","1640.25","94a2b105-2482-4bba-a7d7-127375bd0809","8b0242f4-3a3b-4651-949f-17da0062afba","5578600d-9764-425d-8a84-34aaa831a2ae"
"Dylan Moore","Midfielder","Round 23 v Melbourne","3978.71729","510.81998999999996","17","402.4155","8.38435","143.66972","38","0","1490.46997","1783.8700001239777","94a2b105-2482-4bba-a7d7-127375bd0809","8b0242f4-3a3b-4651-949f-17da0062afba","9d503672-2b56-4b61-a7d4-b38b4bb744f0"
"Dylan Moore","Midfielder","Round 23 v Melbourne","3753.26953","464.15","10","370.23273","8.14387","133.11984","24","0","1401.41003","1691.6799998283386","94a2b105-2482-4bba-a7d7-127375bd0809","8b0242f4-3a3b-4651-949f-17da0062afba","56b92e45-d986-4927-8d1a-639637223d60"
"James Worpel","Midfielder","Round 23 v Melbourne","3266.33447","357.65","8","348.58154","7.3743","140.89656","27","0","1202.27002","1798.75","94a2b105-2482-4bba-a7d7-127375bd0809","8efe86c2-4856-43ad-8822-2a8807b79d8b","3ab76dfd-342a-4c9d-a500-efd9ad5f4d80"
"James Worpel","Midfielder","Round 23 v Melbourne","3120.78735","217.60000000000002","6","335.06256","7.44745","151.16554","22","0","1244.81006","1640.25","94a2b105-2482-4bba-a7d7-127375bd0809","8efe86c2-4856-43ad-8822-2a8807b79d8b","5578600d-9764-425d-8a84-34aaa831a2ae"
"James Worpel","Midfielder","Round 23 v Melbourne","3088.08447","268.9","7","339.45868","8.03263","132.30773","19","0","1243.51001","1783.8700001239777","94a2b105-2482-4bba-a7d7-127375bd0809","8efe86c2-4856-43ad-8822-2a8807b79d8b","9d503672-2b56-4b61-a7d4-b38b4bb744f0"
"James Worpel","Midfielder","Round 23 v Melbourne","2853.80957","128.85","4","305.65442","7.17803","122.5293","23","0","1188.83997","1691.6799998283386","94a2b105-2482-4bba-a7d7-127375bd0809","8efe86c2-4856-43ad-8822-2a8807b79d8b","56b92e45-d986-4927-8d1a-639637223d60"
"Finn Maginness","Hybrid","Round 23 v Melbourne","4411.36865","493.6","9","478.11069","7.14812","150.40551","25","0","1802.58997","1798.75","94a2b105-2482-4bba-a7d7-127375bd0809","909a916f-b95d-44e4-8b9c-51b5ef5f1d35","3ab76dfd-342a-4c9d-a500-efd9ad5f4d80"
"Finn Maginness","Hybrid","Round 23 v Melbourne","3272.98169","201.71","5","376.27386","6.75439","142.77118","24","0","1318.53003","1640.25","94a2b105-2482-4bba-a7d7-127375bd0809","909a916f-b95d-44e4-8b9c-51b5ef5f1d35","5578600d-9764-425d-8a84-34aaa831a2ae"
"Finn Maginness","Hybrid","Round 23 v Melbourne","3432.05298","346.21001","9","374.4873","7.45325","139.16361","28","0","1255.77002","1783.8700001239777","94a2b105-2482-4bba-a7d7-127375bd0809","909a916f-b95d-44e4-8b9c-51b5ef5f1d35","9d503672-2b56-4b61-a7d4-b38b4bb744f0"
"Finn Maginness","Hybrid","Round 23 v Melbourne","3926.75342","459.48999","13","405.19305","7.78349","139.27292","30","0","1320.85999","1691.6799998283386","94a2b105-2482-4bba-a7d7-127375bd0809","909a916f-b95d-44e4-8b9c-51b5ef5f1d35","56b92e45-d986-4927-8d1a-639637223d60"
"Henry Hustwaite","Hybrid","Round 23 v Melbourne","3059.64697","187.56","4","325.91745","6.84389","139.28379","25","0","1247.05005","1798.75","94a2b105-2482-4bba-a7d7-127375bd0809","9924c3a1-cc5a-4983-8d2d-e3e29d20bb26","3ab76dfd-342a-4c9d-a500-efd9ad5f4d80"
"Henry Hustwaite","Hybrid","Round 23 v Melbourne","2108.70752","188.04","3","219.5058","7.07653","126.57181","14","0","749.07001","1640.25","94a2b105-2482-4bba-a7d7-127375bd0809","9924c3a1-cc5a-4983-8d2d-e3e29d20bb26","5578600d-9764-425d-8a84-34aaa831a2ae"
"Henry Hustwaite","Hybrid","Round 23 v Melbourne","3082.34424","256.62","5","328.45901","6.77716","142.52846","21","0","1258.26001","1783.8700001239777","94a2b105-2482-4bba-a7d7-127375bd0809","9924c3a1-cc5a-4983-8d2d-e3e29d20bb26","9d503672-2b56-4b61-a7d4-b38b4bb744f0"
"Henry Hustwaite","Hybrid","Round 23 v Melbourne","3446.49414","66.67","0","370.99576","6.00978","138.76544","25","0","1539.18994","1691.6799998283386","94a2b105-2482-4bba-a7d7-127375bd0809","9924c3a1-cc5a-4983-8d2d-e3e29d20bb26","56b92e45-d986-4927-8d1a-639637223d60"
"Ned Long","Hybrid","Round 23 v Melbourne","3441.10083","606.47002","13","358.34955","8.20114","154.62494","25","0","1115.79004","1798.75","94a2b105-2482-4bba-a7d7-127375bd0809","9e180dc9-8f80-427c-82ca-b0530d71c3da","3ab76dfd-342a-4c9d-a500-efd9ad5f4d80"
"Ned Long","Hybrid","Round 23 v Melbourne","2615.68774","257.90001","5","269.41809","7.64321","143.86666","19","0","908.71997","1640.25","94a2b105-2482-4bba-a7d7-127375bd0809","9e180dc9-8f80-427c-82ca-b0530d71c3da","5578600d-9764-425d-8a84-34aaa831a2ae"
"Ned Long","Hybrid","Round 23 v Melbourne","2505.73267","307.87","8","259.98947","7.04965","150.5864","17","0","906.85999","1783.8700001239777","94a2b105-2482-4bba-a7d7-127375bd0809","9e180dc9-8f80-427c-82ca-b0530d71c3da","9d503672-2b56-4b61-a7d4-b38b4bb744f0"
"Ned Long","Hybrid","Round 23 v Melbourne","3344.52783","367.03999000000005","8","358.65906","7.54226","145.64644","35","0","1226.07007","1691.6799998283386","94a2b105-2482-4bba-a7d7-127375bd0809","9e180dc9-8f80-427c-82ca-b0530d71c3da","56b92e45-d986-4927-8d1a-639637223d60"
"Jai Serong","Hybrid","Round 23 v Melbourne","3703.84448","308.81","9","413.52948","7.26829","131.36685","30","0","1249.73999","1691.6799998283386","94a2b105-2482-4bba-a7d7-127375bd0809","da56f5d2-e45f-4bc2-967d-79efd34c0cd2","56b92e45-d986-4927-8d1a-639637223d60"
"D Grainger-Barras","Hybrid","Round 23 v Melbourne","2775.80151","259.1","5","269.28113","7.32885","128.27278","16","0","1036.89001","1798.75","94a2b105-2482-4bba-a7d7-127375bd0809","de6c0446-6146-4d72-b65b-eefbab334af6","3ab76dfd-342a-4c9d-a500-efd9ad5f4d80"
"D Grainger-Barras","Hybrid","Round 23 v Melbourne","2120.62646","146.84","4","221.38248","7.87252","128.87951","19","0","835.47998","1640.25","94a2b105-2482-4bba-a7d7-127375bd0809","de6c0446-6146-4d72-b65b-eefbab334af6","5578600d-9764-425d-8a84-34aaa831a2ae"
"D Grainger-Barras","Hybrid","Round 23 v Melbourne","2721.42676","221.64001000000002","5","262.39877","7.18424","121.46696","14","0","1097.19995","1783.8700001239777","94a2b105-2482-4bba-a7d7-127375bd0809","de6c0446-6146-4d72-b65b-eefbab334af6","9d503672-2b56-4b61-a7d4-b38b4bb744f0"
"D Grainger-Barras","Hybrid","Round 23 v Melbourne","2608.17041","238.48000000000002","5","251.95494","7.75878","125.44809","16","0","1018.40002","1691.6799998283386","94a2b105-2482-4bba-a7d7-127375bd0809","de6c0446-6146-4d72-b65b-eefbab334af6","56b92e45-d986-4927-8d1a-639637223d60"
"Luke Breust","Forward","Round 23 v Melbourne","3064.9104","253.41000000000003","8","334.93585","7.04267","127.17998","22","0","1204.46997","1798.75","94a2b105-2482-4bba-a7d7-127375bd0809","ee01af18-5e25-44f8-ad1e-e1852412a21f","3ab76dfd-342a-4c9d-a500-efd9ad5f4d80"
"Luke Breust","Forward","Round 23 v Melbourne","3001.92432","269.19999","5","315.28644","8.16322","128.66401","12","0","1186.90991","1640.25","94a2b105-2482-4bba-a7d7-127375bd0809","ee01af18-5e25-44f8-ad1e-e1852412a21f","5578600d-9764-425d-8a84-34aaa831a2ae"
"Luke Breust","Forward","Round 23 v Melbourne","3792.11328","179.14","7","369.38934","6.77056","127.54674","20","0","1573.88","1783.8700001239777","94a2b105-2482-4bba-a7d7-127375bd0809","ee01af18-5e25-44f8-ad1e-e1852412a21f","9d503672-2b56-4b61-a7d4-b38b4bb744f0"
"Luke Breust","Forward","Round 23 v Melbourne","2917.68628","194.87","4","281.35858","7.74377","129.44195","18","0","996.81","1691.6799998283386","94a2b105-2482-4bba-a7d7-127375bd0809","ee01af18-5e25-44f8-ad1e-e1852412a21f","56b92e45-d986-4927-8d1a-639637223d60"
"Conor Nash","Back","Round 23 v Melbourne","3294.00049","110.92999999999999","4","298.48227","6.56823","154.01642","8","0","1461.39001","1798.75","94a2b105-2482-4bba-a7d7-127375bd0809","ee799c04-c79f-41c9-bd53-176bb21a7077","3ab76dfd-342a-4c9d-a500-efd9ad5f4d80"
"Conor Nash","Back","Round 23 v Melbourne","3510.60864","222.34999","5","314.8172","6.74558","155.50869","29","0","1381.12","1640.25","94a2b105-2482-4bba-a7d7-127375bd0809","ee799c04-c79f-41c9-bd53-176bb21a7077","5578600d-9764-425d-8a84-34aaa831a2ae"
"Conor Nash","Back","Round 23 v Melbourne","3321.07129","204.85000000000002","5","303.5043","7.3019","137.83238","22","0","1250.15002","1783.8700001239777","94a2b105-2482-4bba-a7d7-127375bd0809","ee799c04-c79f-41c9-bd53-176bb21a7077","9d503672-2b56-4b61-a7d4-b38b4bb744f0"
"Conor Nash","Back","Round 23 v Melbourne","3451.75537","205.14","4","316.18948","7.40568","145.55361","25","0","1413.69995","1691.6799998283386","94a2b105-2482-4bba-a7d7-127375bd0809","ee799c04-c79f-41c9-bd53-176bb21a7077","56b92e45-d986-4927-8d1a-639637223d60"
"Josh Weddle","Hybrid","Round 23 v Melbourne","3816.60425","597.70002","13","335.66144","7.41252","159.16555","22","0","1313.02002","1798.75","94a2b105-2482-4bba-a7d7-127375bd0809","eedc79b6-c40e-445e-8f0f-78f5c4d301aa","3ab76dfd-342a-4c9d-a500-efd9ad5f4d80"
"Josh Weddle","Hybrid","Round 23 v Melbourne","3124.29639","265.97999","8","287.46024","8.31544","149.50813","24","0","1080.46997","1640.25","94a2b105-2482-4bba-a7d7-127375bd0809","eedc79b6-c40e-445e-8f0f-78f5c4d301aa","5578600d-9764-425d-8a84-34aaa831a2ae"
"Josh Weddle","Hybrid","Round 23 v Melbourne","3035.77051","182.23000000000002","4","277.94223","7.67978","134.64487","26","0","1116.80005","1783.8700001239777","94a2b105-2482-4bba-a7d7-127375bd0809","eedc79b6-c40e-445e-8f0f-78f5c4d301aa","9d503672-2b56-4b61-a7d4-b38b4bb744f0"
"Josh Weddle","Hybrid","Round 23 v Melbourne","3225.125","415.64","12","290.31683","8.61162","132.48494","20","0","1050.19995","1691.6799998283386","94a2b105-2482-4bba-a7d7-127375bd0809","eedc79b6-c40e-445e-8f0f-78f5c4d301aa","56b92e45-d986-4927-8d1a-639637223d60"
"Jack Ginnivan","Hybrid","Round 20 v Carlton","3133.23486","421.99998000000005","9","309.90469","7.41934","125.16584","51","0","970.30994","1943.4000000953674","e70271d7-604f-47da-8eb3-a3a5ad2792eb","020880cf-4cc3-45b8-ade5-ced73183435f","c02dcc95-d00f-41dd-8b60-8432ecf4d808"
"Jack Ginnivan","Hybrid","Round 20 v Carlton","3723.37329","477.99001000000004","13","391.80124","7.81678","129.47186","50","0","1315.52002","1725.4900000095367","e70271d7-604f-47da-8eb3-a3a5ad2792eb","020880cf-4cc3-45b8-ade5-ced73183435f","eb2f567e-fc66-44d5-a5b8-395c251441a2"
"Jack Ginnivan","Hybrid","Round 20 v Carlton","2924.55127","441.74","8","291.54993","8.03914","125.89364","37","0","906.91003","1928.6499998569489","e70271d7-604f-47da-8eb3-a3a5ad2792eb","020880cf-4cc3-45b8-ade5-ced73183435f","d161fdd5-b213-4d59-98ff-7fde64da7c65"
"Jack Ginnivan","Hybrid","Round 20 v Carlton","3160.2666","546.7499999999999","16","331.20276","7.25092","131.3585","50","0","1045.33997","1673.8199999332428","e70271d7-604f-47da-8eb3-a3a5ad2792eb","020880cf-4cc3-45b8-ade5-ced73183435f","b364be3a-e01c-4e73-9696-1262ea802afb"
"Jack Gunston","Forward","Round 20 v Carlton","3584.93823","288.93001","8","359.13019","7.67866","125.60514","44","0","1311.30005","1943.4000000953674","e70271d7-604f-47da-8eb3-a3a5ad2792eb","0325dfcd-afd9-4feb-9006-dd13f41ca9e6","c02dcc95-d00f-41dd-8b60-8432ecf4d808"
"Jack Gunston","Forward","Round 20 v Carlton","3321.61816","230.51","6","331.54233","7.86784","133.37689","39","0","1263.5","1725.4900000095367","e70271d7-604f-47da-8eb3-a3a5ad2792eb","0325dfcd-afd9-4feb-9006-dd13f41ca9e6","eb2f567e-fc66-44d5-a5b8-395c251441a2"
"Jack Gunston","Forward","Round 20 v Carlton","3225.67578","246.21999999999997","3","316.18457","7.69251","128.71383","26","0","1179.62","1928.6499998569489","e70271d7-604f-47da-8eb3-a3a5ad2792eb","0325dfcd-afd9-4feb-9006-dd13f41ca9e6","d161fdd5-b213-4d59-98ff-7fde64da7c65"
"Jack Gunston","Forward","Round 20 v Carlton","2976.93555","225.15000000000003","5","287.83337","7.80345","115.34114","40","0","1098.71997","1673.8199999332428","e70271d7-604f-47da-8eb3-a3a5ad2792eb","0325dfcd-afd9-4feb-9006-dd13f41ca9e6","b364be3a-e01c-4e73-9696-1262ea802afb"
"Karl Amon","Hybrid","Round 20 v Carlton","3826.53125","683.05999","15","373.15036","7.93833","139.72497","42","0","1373.58008","1943.4000000953674","e70271d7-604f-47da-8eb3-a3a5ad2792eb","036695b3-12e6-43fb-a153-0dea34fd7c41","c02dcc95-d00f-41dd-8b60-8432ecf4d808"
"Karl Amon","Hybrid","Round 20 v Carlton","3595.77295","377.48999000000003","11","343.99872","6.96477","135.90665","38","0","1364.39001","1725.4900000095367","e70271d7-604f-47da-8eb3-a3a5ad2792eb","036695b3-12e6-43fb-a153-0dea34fd7c41","eb2f567e-fc66-44d5-a5b8-395c251441a2"
"Karl Amon","Hybrid","Round 20 v Carlton","3630.56055","435.87","8","341.12335","7.10492","132.23757","41","0","1348.60999","1928.6499998569489","e70271d7-604f-47da-8eb3-a3a5ad2792eb","036695b3-12e6-43fb-a153-0dea34fd7c41","d161fdd5-b213-4d59-98ff-7fde64da7c65"
"Karl Amon","Hybrid","Round 20 v Carlton","2440.97266","291.6","5","236.88025","7.63318","134.38149","20","0","955.92999","1673.8199999332428","e70271d7-604f-47da-8eb3-a3a5ad2792eb","036695b3-12e6-43fb-a153-0dea34fd7c41","b364be3a-e01c-4e73-9696-1262ea802afb"
"Will Day","Hybrid","Round 20 v Carlton","2919.47217","315.45000999999996","9","305.81247","8.77414","138.47846","49","0","1044.65002","1943.4000000953674","e70271d7-604f-47da-8eb3-a3a5ad2792eb","09911943-d336-480e-bc5a-6f526913bbfb","c02dcc95-d00f-41dd-8b60-8432ecf4d808"
"Will Day","Hybrid","Round 20 v Carlton","2253.53101","177.13","4","238.45584","7.03922","132.95168","35","0","817.69995","1725.4900000095367","e70271d7-604f-47da-8eb3-a3a5ad2792eb","09911943-d336-480e-bc5a-6f526913bbfb","eb2f567e-fc66-44d5-a5b8-395c251441a2"
"Will Day","Hybrid","Round 20 v Carlton","3523.17871","294.58","8","381.60138","7.81819","129.13931","51","0","1294.44995","1928.6499998569489","e70271d7-604f-47da-8eb3-a3a5ad2792eb","09911943-d336-480e-bc5a-6f526913bbfb","d161fdd5-b213-4d59-98ff-7fde64da7c65"
"Will Day","Hybrid","Round 20 v Carlton","2108.73438","41.53","0","236.83521","6.05019","125.68324","29","0","831.93005","1673.8199999332428","e70271d7-604f-47da-8eb3-a3a5ad2792eb","09911943-d336-480e-bc5a-6f526913bbfb","b364be3a-e01c-4e73-9696-1262ea802afb"
"Jack Scrimshaw","Hybrid","Round 20 v Carlton","3278.76929","264.71","8","290.48755","7.43264","128.39289","35","0","1339.96997","1943.4000000953674","e70271d7-604f-47da-8eb3-a3a5ad2792eb","131ea882-7562-4a3d-a0e0-ddd0ca763ee2","c02dcc95-d00f-41dd-8b60-8432ecf4d808"
"Jack Scrimshaw","Hybrid","Round 20 v Carlton","2957.18213","204.9","7","265.74579","7.25085","127.24171","31","0","1118.52002","1725.4900000095367","e70271d7-604f-47da-8eb3-a3a5ad2792eb","131ea882-7562-4a3d-a0e0-ddd0ca763ee2","eb2f567e-fc66-44d5-a5b8-395c251441a2"
"Jack Scrimshaw","Hybrid","Round 20 v Carlton","3300.99561","225.14000000000001","5","308.54761","7.41449","118.72661","41","0","1326.41003","1928.6499998569489","e70271d7-604f-47da-8eb3-a3a5ad2792eb","131ea882-7562-4a3d-a0e0-ddd0ca763ee2","d161fdd5-b213-4d59-98ff-7fde64da7c65"
"Jack Scrimshaw","Hybrid","Round 20 v Carlton","2539.50195","96.39","2","233.23706","6.94893","111.90849","33","0","933.85999","1673.8199999332428","e70271d7-604f-47da-8eb3-a3a5ad2792eb","131ea882-7562-4a3d-a0e0-ddd0ca763ee2","b364be3a-e01c-4e73-9696-1262ea802afb"
"Josh Ward","Hybrid","Round 20 v Carlton","3994.04102","506.28001","11","355.58981","7.93932","150.22157","45","0","1460.94006","1943.4000000953674","e70271d7-604f-47da-8eb3-a3a5ad2792eb","2794f857-7792-4f4b-b5fc-204ce195a191","c02dcc95-d00f-41dd-8b60-8432ecf4d808"
"Josh Ward","Hybrid","Round 20 v Carlton","3241.12305","298.96999999999997","8","290.35089","7.20477","139.03636","45","0","1181.14001","1725.4900000095367","e70271d7-604f-47da-8eb3-a3a5ad2792eb","2794f857-7792-4f4b-b5fc-204ce195a191","eb2f567e-fc66-44d5-a5b8-395c251441a2"
"Josh Ward","Hybrid","Round 20 v Carlton","3255.5498","498.17001999999997","12","285.45111","7.06135","141.63185","38","0","1060.62","1928.6499998569489","e70271d7-604f-47da-8eb3-a3a5ad2792eb","2794f857-7792-4f4b-b5fc-204ce195a191","d161fdd5-b213-4d59-98ff-7fde64da7c65"
"Josh Ward","Hybrid","Round 20 v Carlton","3792.73828","304.79999","7","347.68018","7.56209","135.95506","47","0","1370.38","1673.8199999332428","e70271d7-604f-47da-8eb3-a3a5ad2792eb","2794f857-7792-4f4b-b5fc-204ce195a191","b364be3a-e01c-4e73-9696-1262ea802afb"
"Harry Morrison","Back","Round 20 v Carlton","3381.91309","446.94000000000005","11","330.66345","8.35958","145.43986","44","0","1241.37","1943.4000000953674","e70271d7-604f-47da-8eb3-a3a5ad2792eb","28405012-6960-46d6-9664-4d4f08217ee7","c02dcc95-d00f-41dd-8b60-8432ecf4d808"
"Harry Morrison","Back","Round 20 v Carlton","3801.32617","367.10999","8","372.49759","7.80354","144.52796","47","0","1511.55005","1725.4900000095367","e70271d7-604f-47da-8eb3-a3a5ad2792eb","28405012-6960-46d6-9664-4d4f08217ee7","eb2f567e-fc66-44d5-a5b8-395c251441a2"
"Harry Morrison","Back","Round 20 v Carlton","3743.02441","629.7600100000001","12","363.70093","7.68799","137.05357","41","0","1296.78003","1928.6499998569489","e70271d7-604f-47da-8eb3-a3a5ad2792eb","28405012-6960-46d6-9664-4d4f08217ee7","d161fdd5-b213-4d59-98ff-7fde64da7c65"
"Harry Morrison","Back","Round 20 v Carlton","2731.04395","294.19999","9","263.11853","7.11519","134.04226","30","0","899.84998","1673.8199999332428","e70271d7-604f-47da-8eb3-a3a5ad2792eb","28405012-6960-46d6-9664-4d4f08217ee7","b364be3a-e01c-4e73-9696-1262ea802afb"
"James Sicily","Back","Round 20 v Carlton","3434.55908","530.0200100000001","13","323.88318","8.3434","122.60736","37","0","1188.40991","1943.4000000953674","e70271d7-604f-47da-8eb3-a3a5ad2792eb","29708cec-1d8a-451d-a7da-18fca9557adc","c02dcc95-d00f-41dd-8b60-8432ecf4d808"
"James Sicily","Back","Round 20 v Carlton","3287.89404","229.27001","6","302.73282","7.11978","124.7462","35","0","1192.12","1725.4900000095367","e70271d7-604f-47da-8eb3-a3a5ad2792eb","29708cec-1d8a-451d-a7da-18fca9557adc","eb2f567e-fc66-44d5-a5b8-395c251441a2"
"James Sicily","Back","Round 20 v Carlton","2570.89551","247.64","5","257.3302","8.31102","117.42108","29","0","997.65002","1928.6499998569489","e70271d7-604f-47da-8eb3-a3a5ad2792eb","29708cec-1d8a-451d-a7da-18fca9557adc","d161fdd5-b213-4d59-98ff-7fde64da7c65"
"James Sicily","Back","Round 20 v Carlton","2821.56152","485.81","9","258.11316","8.16004","113.30435","34","0","861.62","1673.8199999332428","e70271d7-604f-47da-8eb3-a3a5ad2792eb","29708cec-1d8a-451d-a7da-18fca9557adc","b364be3a-e01c-4e73-9696-1262ea802afb"
"Blake Hardwick","Back","Round 20 v Carlton","3455.92603","259.74","5","338.9986","7.47812","133.15924","52","0","1240.79004","1943.4000000953674","e70271d7-604f-47da-8eb3-a3a5ad2792eb","2ca83ae0-85a1-479e-bef1-d06af29b9200","c02dcc95-d00f-41dd-8b60-8432ecf4d808"
"Blake Hardwick","Back","Round 20 v Carlton","3817.21777","427.2","12","360.36053","7.32675","132.73509","53","0","1329.91003","1725.4900000095367","e70271d7-604f-47da-8eb3-a3a5ad2792eb","2ca83ae0-85a1-479e-bef1-d06af29b9200","eb2f567e-fc66-44d5-a5b8-395c251441a2"
"Blake Hardwick","Back","Round 20 v Carlton","3114.91602","277.33","8","299.24628","7.86315","113.90894","47","0","1043.46997","1928.6499998569489","e70271d7-604f-47da-8eb3-a3a5ad2792eb","2ca83ae0-85a1-479e-bef1-d06af29b9200","d161fdd5-b213-4d59-98ff-7fde64da7c65"
"Blake Hardwick","Back","Round 20 v Carlton","3065.10938","231.21","8","287.28625","7.27881","109.87237","40","0","915.71997","1673.8199999332428","e70271d7-604f-47da-8eb3-a3a5ad2792eb","2ca83ae0-85a1-479e-bef1-d06af29b9200","b364be3a-e01c-4e73-9696-1262ea802afb"
"Mitch Lewis","Back","Round 20 v Carlton","3323.39526","528.97","10","275.23499","7.52289","131.82409","36","0","992.22998","1943.4000000953674","e70271d7-604f-47da-8eb3-a3a5ad2792eb","35159eb5-300f-48c1-b664-b6b12ef66fda","c02dcc95-d00f-41dd-8b60-8432ecf4d808"
"Mitch Lewis","Back","Round 20 v Carlton","2039.73584","149.79000000000002","3","170.69318","7.54285","119.3363","27","0","674.73999","1725.4900000095367","e70271d7-604f-47da-8eb3-a3a5ad2792eb","35159eb5-300f-48c1-b664-b6b12ef66fda","eb2f567e-fc66-44d5-a5b8-395c251441a2"
"Mitch Lewis","Back","Round 20 v Carlton","3258.35254","337.24","8","265.17963","7.626","129.25269","39","0","1252.93005","1928.6499998569489","e70271d7-604f-47da-8eb3-a3a5ad2792eb","35159eb5-300f-48c1-b664-b6b12ef66fda","d161fdd5-b213-4d59-98ff-7fde64da7c65"
"Mitch Lewis","Back","Round 20 v Carlton","2890.58887","401.21000000000004","10","239.88953","6.91944","117.78451","35","0","844.91003","1673.8199999332428","e70271d7-604f-47da-8eb3-a3a5ad2792eb","35159eb5-300f-48c1-b664-b6b12ef66fda","b364be3a-e01c-4e73-9696-1262ea802afb"
"Jarman Impey","Midfielder","Round 20 v Carlton","3767.22925","603.88002","18","404.26047","7.45262","127.99121","46","0","1262.72998","1943.4000000953674","e70271d7-604f-47da-8eb3-a3a5ad2792eb","48b7449c-7b00-4728-8dcf-81959514acff","c02dcc95-d00f-41dd-8b60-8432ecf4d808"
"Jarman Impey","Midfielder","Round 20 v Carlton","2923.29492","171.67999999999998","5","312.34302","8.07102","122.32895","42","0","1049.19995","1725.4900000095367","e70271d7-604f-47da-8eb3-a3a5ad2792eb","48b7449c-7b00-4728-8dcf-81959514acff","eb2f567e-fc66-44d5-a5b8-395c251441a2"
"Jarman Impey","Midfielder","Round 20 v Carlton","3370.32275","509.3500000000001","15","365.84308","8.22066","127.05813","41","0","1193.32007","1928.6499998569489","e70271d7-604f-47da-8eb3-a3a5ad2792eb","48b7449c-7b00-4728-8dcf-81959514acff","d161fdd5-b213-4d59-98ff-7fde64da7c65"
"Jarman Impey","Midfielder","Round 20 v Carlton","1951.18262","171.43","4","197.24854","6.95132","118.79467","25","0","564.35999","1673.8199999332428","e70271d7-604f-47da-8eb3-a3a5ad2792eb","48b7449c-7b00-4728-8dcf-81959514acff","b364be3a-e01c-4e73-9696-1262ea802afb"
"Tom Barrass","Hybrid","Round 20 v Carlton","3117.42603","204.95999999999998","4","282.85254","7.52076","120.35774","29","0","1230.23999","1943.4000000953674","e70271d7-604f-47da-8eb3-a3a5ad2792eb","6c56e5bd-2cd0-47f8-993f-dcc1d1ebce45","c02dcc95-d00f-41dd-8b60-8432ecf4d808"
"Tom Barrass","Hybrid","Round 20 v Carlton","2433.76221","132.89","5","209.97748","6.71914","125.244","22","0","849.92999","1725.4900000095367","e70271d7-604f-47da-8eb3-a3a5ad2792eb","6c56e5bd-2cd0-47f8-993f-dcc1d1ebce45","eb2f567e-fc66-44d5-a5b8-395c251441a2"
"Tom Barrass","Hybrid","Round 20 v Carlton","3461.49805","178.95","6","303.77515","6.78257","107.68666","38","0","1121.15002","1928.6499998569489","e70271d7-604f-47da-8eb3-a3a5ad2792eb","6c56e5bd-2cd0-47f8-993f-dcc1d1ebce45","d161fdd5-b213-4d59-98ff-7fde64da7c65"
"Tom Barrass","Hybrid","Round 20 v Carlton","2761.39258","218.17001","3","244.71179","7.7697","113.08609","27","0","885.28003","1673.8199999332428","e70271d7-604f-47da-8eb3-a3a5ad2792eb","6c56e5bd-2cd0-47f8-993f-dcc1d1ebce45","b364be3a-e01c-4e73-9696-1262ea802afb"
"Connor Macdonald","Hybrid","Round 20 v Carlton","3454.2959","630.56001","16","348.7879","8.50393","138.46538","38","0","1160.62","1943.4000000953674","e70271d7-604f-47da-8eb3-a3a5ad2792eb","7381a6b2-b11c-4f42-85df-1b3b97b11693","c02dcc95-d00f-41dd-8b60-8432ecf4d808"
"Connor Macdonald","Hybrid","Round 20 v Carlton","3183.0293","438.63998999999995","13","331.03836","7.35102","134.52262","42","0","1143.34998","1725.4900000095367","e70271d7-604f-47da-8eb3-a3a5ad2792eb","7381a6b2-b11c-4f42-85df-1b3b97b11693","eb2f567e-fc66-44d5-a5b8-395c251441a2"
"Connor Macdonald","Hybrid","Round 20 v Carlton","3129.24609","424.37001","11","305.26459","7.30964","135.34314","34","0","1077.95996","1928.6499998569489","e70271d7-604f-47da-8eb3-a3a5ad2792eb","7381a6b2-b11c-4f42-85df-1b3b97b11693","d161fdd5-b213-4d59-98ff-7fde64da7c65"
"Connor Macdonald","Hybrid","Round 20 v Carlton","3036.49316","335.37","9","310.30884","8.02315","133.15811","34","0","1015.34998","1673.8199999332428","e70271d7-604f-47da-8eb3-a3a5ad2792eb","7381a6b2-b11c-4f42-85df-1b3b97b11693","b364be3a-e01c-4e73-9696-1262ea802afb"
"Lloyd Meek","Hybrid","Round 20 v Carlton","3567.56006","100.41","3","368.67804","7.47846","127.82372","45","0","1473.60999","1943.4000000953674","e70271d7-604f-47da-8eb3-a3a5ad2792eb","78eb8442-e99a-445f-8154-59b764e0c73a","c02dcc95-d00f-41dd-8b60-8432ecf4d808"
"Lloyd Meek","Hybrid","Round 20 v Carlton","3080.30029","147.1","2","321.28912","6.20123","125.26468","42","0","1140.19995","1725.4900000095367","e70271d7-604f-47da-8eb3-a3a5ad2792eb","78eb8442-e99a-445f-8154-59b764e0c73a","eb2f567e-fc66-44d5-a5b8-395c251441a2"
"Lloyd Meek","Hybrid","Round 20 v Carlton","3325.38672","22.34","1","350.88177","6.60133","121.34824","29","0","1452.64001","1928.6499998569489","e70271d7-604f-47da-8eb3-a3a5ad2792eb","78eb8442-e99a-445f-8154-59b764e0c73a","d161fdd5-b213-4d59-98ff-7fde64da7c65"
"Lloyd Meek","Hybrid","Round 20 v Carlton","2815.3418","265.76","4","270.41797","7.06273","133.70205","32","0","960.66998","1673.8199999332428","e70271d7-604f-47da-8eb3-a3a5ad2792eb","78eb8442-e99a-445f-8154-59b764e0c73a","b364be3a-e01c-4e73-9696-1262ea802afb"
"Bailey Macdonald","Hybrid","Round 20 v Carlton","2758.7793","250.85","7","287.7756","7.84844","131.42259","48","0","940.84998","1928.6499998569489","e70271d7-604f-47da-8eb3-a3a5ad2792eb","8311e970-95e1-4e14-aebd-95f6b458bc6b","d161fdd5-b213-4d59-98ff-7fde64da7c65"
"Bailey Macdonald","Hybrid","Round 20 v Carlton","3559.37451","447.43001999999996","9","354.05872","8.20914","127.58987","41","0","1203.81006","1673.8199999332428","e70271d7-604f-47da-8eb3-a3a5ad2792eb","8311e970-95e1-4e14-aebd-95f6b458bc6b","b364be3a-e01c-4e73-9696-1262ea802afb"
"Calsher Dear","Hybrid","Round 20 v Carlton","3613.66016","429.30999","9","322.26373","7.63965","125.14335","52","0","1174.43994","1943.4000000953674","e70271d7-604f-47da-8eb3-a3a5ad2792eb","8abef924-5203-4e6c-967d-b809d768e3b4","c02dcc95-d00f-41dd-8b60-8432ecf4d808"
"Calsher Dear","Hybrid","Round 20 v Carlton","2803.51074","309.31999","8","251.68997","7.43013","124.67251","32","0","878.55005","1725.4900000095367","e70271d7-604f-47da-8eb3-a3a5ad2792eb","8abef924-5203-4e6c-967d-b809d768e3b4","eb2f567e-fc66-44d5-a5b8-395c251441a2"
"Calsher Dear","Hybrid","Round 20 v Carlton","3136.97168","294.59001","6","281.01184","7.41659","114.79035","40","0","1021.52997","1928.6499998569489","e70271d7-604f-47da-8eb3-a3a5ad2792eb","8abef924-5203-4e6c-967d-b809d768e3b4","d161fdd5-b213-4d59-98ff-7fde64da7c65"
"Calsher Dear","Hybrid","Round 20 v Carlton","2718.8457","194.61","7","242.05688","6.9518","115.02986","30","0","857.71997","1673.8199999332428","e70271d7-604f-47da-8eb3-a3a5ad2792eb","8abef924-5203-4e6c-967d-b809d768e3b4","b364be3a-e01c-4e73-9696-1262ea802afb"
"Dylan Moore","Midfielder","Round 20 v Carlton","3830.93994","646.0800099999999","17","382.05023","8.34428","144.07898","59","0","1240.82996","1943.4000000953674","e70271d7-604f-47da-8eb3-a3a5ad2792eb","8b0242f4-3a3b-4651-949f-17da0062afba","c02dcc95-d00f-41dd-8b60-8432ecf4d808"
"Dylan Moore","Midfielder","Round 20 v Carlton","4156.87305","553.28999","12","427.64215","7.84271","144.54583","49","0","1597.52002","1725.4900000095367","e70271d7-604f-47da-8eb3-a3a5ad2792eb","8b0242f4-3a3b-4651-949f-17da0062afba","eb2f567e-fc66-44d5-a5b8-395c251441a2"
"Dylan Moore","Midfielder","Round 20 v Carlton","3876.6875","621.40999","12","398.45612","7.58267","138.22111","52","0","1480.87","1928.6499998569489","e70271d7-604f-47da-8eb3-a3a5ad2792eb","8b0242f4-3a3b-4651-949f-17da0062afba","d161fdd5-b213-4d59-98ff-7fde64da7c65"
"Dylan Moore","Midfielder","Round 20 v Carlton","3326.32031","446.54999999999995","11","352.10938","7.67103","136.8612","50","0","1228.06006","1673.8199999332428","e70271d7-604f-47da-8eb3-a3a5ad2792eb","8b0242f4-3a3b-4651-949f-17da0062afba","b364be3a-e01c-4e73-9696-1262ea802afb"
"James Worpel","Midfielder","Round 20 v Carlton","3534.70508","405.17001","11","344.59375","7.39822","130.30851","50","0","1321.29004","1943.4000000953674","e70271d7-604f-47da-8eb3-a3a5ad2792eb","8efe86c2-4856-43ad-8822-2a8807b79d8b","c02dcc95-d00f-41dd-8b60-8432ecf4d808"
"James Worpel","Midfielder","Round 20 v Carlton","2870.88232","178.56","5","290.43634","7.67104","126.2546","41","0","989.25","1725.4900000095367","e70271d7-604f-47da-8eb3-a3a5ad2792eb","8efe86c2-4856-43ad-8822-2a8807b79d8b","eb2f567e-fc66-44d5-a5b8-395c251441a2"
"James Worpel","Midfielder","Round 20 v Carlton","3282.354","275.86999000000003","8","338.6463","8.56307","117.9635","50","0","1257.54004","1928.6499998569489","e70271d7-604f-47da-8eb3-a3a5ad2792eb","8efe86c2-4856-43ad-8822-2a8807b79d8b","d161fdd5-b213-4d59-98ff-7fde64da7c65"
"James Worpel","Midfielder","Round 20 v Carlton","2822.53027","91.48","2","285.19653","6.81457","123.77528","48","0","1150.54004","1673.8199999332428","e70271d7-604f-47da-8eb3-a3a5ad2792eb","8efe86c2-4856-43ad-8822-2a8807b79d8b","b364be3a-e01c-4e73-9696-1262ea802afb"
"Jai Newcombe","Hybrid","Round 20 v Carlton","3913.58447","346.08","7","409.45276","8.012","133.46846","45","0","1253.06006","1943.4000000953674","e70271d7-604f-47da-8eb3-a3a5ad2792eb","a5e3bb3d-7e57-4dff-9d50-d405f3e1a584","c02dcc95-d00f-41dd-8b60-8432ecf4d808"
"Jai Newcombe","Hybrid","Round 20 v Carlton","3200.16211","170.68","5","348.75354","7.68411","141.19608","36","0","1193.57996","1725.4900000095367","e70271d7-604f-47da-8eb3-a3a5ad2792eb","a5e3bb3d-7e57-4dff-9d50-d405f3e1a584","eb2f567e-fc66-44d5-a5b8-395c251441a2"
"Jai Newcombe","Hybrid","Round 20 v Carlton","832.47949","103.42","3","83.0542","6.99838","125.21313","9","0","252.13","1928.6499998569489","e70271d7-604f-47da-8eb3-a3a5ad2792eb","a5e3bb3d-7e57-4dff-9d50-d405f3e1a584","d161fdd5-b213-4d59-98ff-7fde64da7c65"
"Nick Watson","Hybrid","Round 20 v Carlton","3641.71997","528.5600099999999","12","359.18719","8.72378","129.60242","31","0","1246.09009","1943.4000000953674","e70271d7-604f-47da-8eb3-a3a5ad2792eb","d15ed9ce-f683-4f0e-b12f-c87e4029f11e","c02dcc95-d00f-41dd-8b60-8432ecf4d808"
"Nick Watson","Hybrid","Round 20 v Carlton","2927.71045","317.03999","9","304.67416","8.61037","120.44721","35","0","1081.67993","1725.4900000095367","e70271d7-604f-47da-8eb3-a3a5ad2792eb","d15ed9ce-f683-4f0e-b12f-c87e4029f11e","eb2f567e-fc66-44d5-a5b8-395c251441a2"
"Nick Watson","Hybrid","Round 20 v Carlton","3151.5625","315.23999999999995","6","324.48303","8.52811","125.52359","23","0","1187.65002","1928.6499998569489","e70271d7-604f-47da-8eb3-a3a5ad2792eb","d15ed9ce-f683-4f0e-b12f-c87e4029f11e","d161fdd5-b213-4d59-98ff-7fde64da7c65"
"Nick Watson","Hybrid","Round 20 v Carlton","2316.22754","254.51999999999998","8","241.41199","8.44273","121.07406","18","0","906.01001","1673.8199999332428","e70271d7-604f-47da-8eb3-a3a5ad2792eb","d15ed9ce-f683-4f0e-b12f-c87e4029f11e","b364be3a-e01c-4e73-9696-1262ea802afb"
"Josh Battle","Hybrid","Round 20 v Carlton","4356.41211","352.28","11","428.0076","8.07726","134.49868","54","0","1581.63","1943.4000000953674","e70271d7-604f-47da-8eb3-a3a5ad2792eb","d906015c-707c-4176-b45b-c0b21e435310","c02dcc95-d00f-41dd-8b60-8432ecf4d808"
"Josh Battle","Hybrid","Round 20 v Carlton","3260.77295","345.65000000000003","9","325.77222","7.71551","132.59217","49","0","997.77002","1725.4900000095367","e70271d7-604f-47da-8eb3-a3a5ad2792eb","d906015c-707c-4176-b45b-c0b21e435310","eb2f567e-fc66-44d5-a5b8-395c251441a2"
"Josh Battle","Hybrid","Round 20 v Carlton","3537.65625","261.29","5","355.2594","7.98096","118.13057","47","0","1172.88","1928.6499998569489","e70271d7-604f-47da-8eb3-a3a5ad2792eb","d906015c-707c-4176-b45b-c0b21e435310","d161fdd5-b213-4d59-98ff-7fde64da7c65"
"Josh Battle","Hybrid","Round 20 v Carlton","2703.27051","351.14000999999996","6","265.2113","7.11869","125.14176","42","0","869.36005","1673.8199999332428","e70271d7-604f-47da-8eb3-a3a5ad2792eb","d906015c-707c-4176-b45b-c0b21e435310","b364be3a-e01c-4e73-9696-1262ea802afb"
"Massimo D'Ambrosio","Hybrid","Round 20 v Carlton","3960.87402","544.49999","16","379.328","7.57226","142.47834","52","0","1347.45996","1943.4000000953674","e70271d7-604f-47da-8eb3-a3a5ad2792eb","dc9a9fa6-3f4c-464e-ae3c-ce8c25ab08d1","c02dcc95-d00f-41dd-8b60-8432ecf4d808"
"Massimo D'Ambrosio","Hybrid","Round 20 v Carlton","1993.4082","320.56998999999996","6","201.60455","7.80326","158.94073","23","0","680.59003","1725.4900000095367","e70271d7-604f-47da-8eb3-a3a5ad2792eb","dc9a9fa6-3f4c-464e-ae3c-ce8c25ab08d1","eb2f567e-fc66-44d5-a5b8-395c251441a2"
"Massimo D'Ambrosio","Hybrid","Round 20 v Carlton","3483.26465","500.09","14","349.11298","8.28967","137.59415","49","0","1162.48999","1928.6499998569489","e70271d7-604f-47da-8eb3-a3a5ad2792eb","dc9a9fa6-3f4c-464e-ae3c-ce8c25ab08d1","d161fdd5-b213-4d59-98ff-7fde64da7c65"
"Massimo D'Ambrosio","Hybrid","Round 20 v Carlton","2781.76465","366.75999","9","284.49475","8.1353","126.78867","43","0","841.06","1673.8199999332428","e70271d7-604f-47da-8eb3-a3a5ad2792eb","dc9a9fa6-3f4c-464e-ae3c-ce8c25ab08d1","b364be3a-e01c-4e73-9696-1262ea802afb"
"Conor Nash","Back","Round 20 v Carlton","2708.98315","205.00999","3","223.55376","6.95887","141.88358","33","0","1018.58002","1943.4000000953674","e70271d7-604f-47da-8eb3-a3a5ad2792eb","ee799c04-c79f-41c9-bd53-176bb21a7077","c02dcc95-d00f-41dd-8b60-8432ecf4d808"
"Conor Nash","Back","Round 20 v Carlton","3902.7063","390.12001","8","332.95544","7.48529","147.12389","54","0","1527.33997","1725.4900000095367","e70271d7-604f-47da-8eb3-a3a5ad2792eb","ee799c04-c79f-41c9-bd53-176bb21a7077","eb2f567e-fc66-44d5-a5b8-395c251441a2"
"Conor Nash","Back","Round 20 v Carlton","3233.22705","324.20001","7","293.1239","7.11932","137.47785","49","0","1220.26001","1928.6499998569489","e70271d7-604f-47da-8eb3-a3a5ad2792eb","ee799c04-c79f-41c9-bd53-176bb21a7077","d161fdd5-b213-4d59-98ff-7fde64da7c65"
"Conor Nash","Back","Round 20 v Carlton","3163.92969","238.94","6","276.03601","7.09773","132.78387","47","0","1075.98999","1673.8199999332428","e70271d7-604f-47da-8eb3-a3a5ad2792eb","ee799c04-c79f-41c9-bd53-176bb21a7077","b364be3a-e01c-4e73-9696-1262ea802afb"
"Jack Ginnivan","Hybrid","Round 19 v Port Adelaide","2531.74805","184.38","5","236.99641","7.36226","129.04682","41","0","916.0","1964.0599999427795","e866e05c-99e3-4cc1-a975-4c163eaf7553","020880cf-4cc3-45b8-ade5-ced73183435f","dffad6df-0a4d-4999-abb3-b07de04e2fd8"
"Jack Ginnivan","Hybrid","Round 19 v Port Adelaide","3270.69189","589.23","17","304.9863","7.67346","133.27731","56","0","920.90002","1862.7099997997284","e866e05c-99e3-4cc1-a975-4c163eaf7553","020880cf-4cc3-45b8-ade5-ced73183435f","b833765a-6d97-4d78-bf61-6f90988d9713"
"Jack Ginnivan","Hybrid","Round 19 v Port Adelaide","3178.19043","491.07","13","301.2879","7.53729","129.30336","47","0","936.54999","1889.7200000286102","e866e05c-99e3-4cc1-a975-4c163eaf7553","020880cf-4cc3-45b8-ade5-ced73183435f","3e830db8-dfe4-4227-9646-13fbd419c2cd"
"Jack Ginnivan","Hybrid","Round 19 v Port Adelaide","3634.7793","345.91001000000006","10","356.6272","7.68254","140.66665","61","0","1249.69995","1923.3900001049042","e866e05c-99e3-4cc1-a975-4c163eaf7553","020880cf-4cc3-45b8-ade5-ced73183435f","7a877ec2-a258-4863-b093-183a1931e54a"
"Jack Gunston","Forward","Round 19 v Port Adelaide","3212.38379","181.57999","5","326.15323","7.29306","114.26142","33","0","1248.17004","1964.0599999427795","e866e05c-99e3-4cc1-a975-4c163eaf7553","0325dfcd-afd9-4feb-9006-dd13f41ca9e6","dffad6df-0a4d-4999-abb3-b07de04e2fd8"
"Jack Gunston","Forward","Round 19 v Port Adelaide","2928.49023","204.62","8","290.89261","7.21561","114.94493","37","0","1082.58997","1862.7099997997284","e866e05c-99e3-4cc1-a975-4c163eaf7553","0325dfcd-afd9-4feb-9006-dd13f41ca9e6","b833765a-6d97-4d78-bf61-6f90988d9713"
"Jack Gunston","Forward","Round 19 v Port Adelaide","2755.45313","286.53","6","273.15753","7.7178","120.17241","34","0","1023.26001","1889.7200000286102","e866e05c-99e3-4cc1-a975-4c163eaf7553","0325dfcd-afd9-4feb-9006-dd13f41ca9e6","3e830db8-dfe4-4227-9646-13fbd419c2cd"
"Jack Gunston","Forward","Round 19 v Port Adelaide","2591.73926","210.97","4","260.46838","6.95626","112.96263","32","0","881.81","1923.3900001049042","e866e05c-99e3-4cc1-a975-4c163eaf7553","0325dfcd-afd9-4feb-9006-dd13f41ca9e6","7a877ec2-a258-4863-b093-183a1931e54a"
"Karl Amon","Hybrid","Round 19 v Port Adelaide","3676.02612","448.03","10","363.6806","7.87174","132.10127","42","0","1235.30994","1964.0599999427795","e866e05c-99e3-4cc1-a975-4c163eaf7553","036695b3-12e6-43fb-a153-0dea34fd7c41","dffad6df-0a4d-4999-abb3-b07de04e2fd8"
"Karl Amon","Hybrid","Round 19 v Port Adelaide","3147.05322","329.8","10","325.68539","7.69816","128.82624","53","0","1093.80005","1862.7099997997284","e866e05c-99e3-4cc1-a975-4c163eaf7553","036695b3-12e6-43fb-a153-0dea34fd7c41","b833765a-6d97-4d78-bf61-6f90988d9713"
"Karl Amon","Hybrid","Round 19 v Port Adelaide","3525.26074","518.76998","9","350.81018","7.61958","130.96457","38","0","1109.23999","1889.7200000286102","e866e05c-99e3-4cc1-a975-4c163eaf7553","036695b3-12e6-43fb-a153-0dea34fd7c41","3e830db8-dfe4-4227-9646-13fbd419c2cd"
"Karl Amon","Hybrid","Round 19 v Port Adelaide","3246.97363","526.74","12","324.69373","7.32483","139.88341","38","0","1138.77002","1923.3900001049042","e866e05c-99e3-4cc1-a975-4c163eaf7553","036695b3-12e6-43fb-a153-0dea34fd7c41","7a877ec2-a258-4863-b093-183a1931e54a"
"Jack Scrimshaw","Hybrid","Round 19 v Port Adelaide","2933.46509","333.21","9","261.52005","8.01468","120.42716","43","0","855.92999","1964.0599999427795","e866e05c-99e3-4cc1-a975-4c163eaf7553","131ea882-7562-4a3d-a0e0-ddd0ca763ee2","dffad6df-0a4d-4999-abb3-b07de04e2fd8"
"Jack Scrimshaw","Hybrid","Round 19 v Port Adelaide","3425.35718","296.19001","11","301.96405","7.45145","131.76816","55","0","1166.14001","1862.7099997997284","e866e05c-99e3-4cc1-a975-4c163eaf7553","131ea882-7562-4a3d-a0e0-ddd0ca763ee2","b833765a-6d97-4d78-bf61-6f90988d9713"
"Jack Scrimshaw","Hybrid","Round 19 v Port Adelaide","2366.34326","199.87","5","206.04596","8.11709","123.7843","34","0","846.02002","1889.7200000286102","e866e05c-99e3-4cc1-a975-4c163eaf7553","131ea882-7562-4a3d-a0e0-ddd0ca763ee2","3e830db8-dfe4-4227-9646-13fbd419c2cd"
"Jack Scrimshaw","Hybrid","Round 19 v Port Adelaide","2873.09961","147.23000000000002","5","259.11646","7.65011","119.99497","35","0","1178.06006","1923.3900001049042","e866e05c-99e3-4cc1-a975-4c163eaf7553","131ea882-7562-4a3d-a0e0-ddd0ca763ee2","7a877ec2-a258-4863-b093-183a1931e54a"
"Josh Ward","Hybrid","Round 19 v Port Adelaide","3740.1084","427.24998999999997","9","349.87006","7.23861","141.74057","62","0","1305.93005","1964.0599999427795","e866e05c-99e3-4cc1-a975-4c163eaf7553","2794f857-7792-4f4b-b5fc-204ce195a191","dffad6df-0a4d-4999-abb3-b07de04e2fd8"
"Josh Ward","Hybrid","Round 19 v Port Adelaide","3757.32227","455.25001","10","352.64624","8.40465","143.50327","56","0","1339.08008","1862.7099997997284","e866e05c-99e3-4cc1-a975-4c163eaf7553","2794f857-7792-4f4b-b5fc-204ce195a191","b833765a-6d97-4d78-bf61-6f90988d9713"
"Josh Ward","Hybrid","Round 19 v Port Adelaide","3666.4248","402.45001","8","344.99811","7.40904","140.87005","47","0","1343.04004","1889.7200000286102","e866e05c-99e3-4cc1-a975-4c163eaf7553","2794f857-7792-4f4b-b5fc-204ce195a191","3e830db8-dfe4-4227-9646-13fbd419c2cd"
"Josh Ward","Hybrid","Round 19 v Port Adelaide","3576.38086","183.41998999999998","3","350.65759","6.89765","137.93242","50","0","1449.27002","1923.3900001049042","e866e05c-99e3-4cc1-a975-4c163eaf7553","2794f857-7792-4f4b-b5fc-204ce195a191","7a877ec2-a258-4863-b093-183a1931e54a"
"Harry Morrison","Back","Round 19 v Port Adelaide","4232.30127","582.88001","14","405.97284","7.82414","129.29242","55","0","1291.38","1964.0599999427795","e866e05c-99e3-4cc1-a975-4c163eaf7553","28405012-6960-46d6-9664-4d4f08217ee7","dffad6df-0a4d-4999-abb3-b07de04e2fd8"
"Harry Morrison","Back","Round 19 v Port Adelaide","3277.37061","281.88999","8","312.70276","7.42929","135.96979","38","0","1173.40002","1862.7099997997284","e866e05c-99e3-4cc1-a975-4c163eaf7553","28405012-6960-46d6-9664-4d4f08217ee7","b833765a-6d97-4d78-bf61-6f90988d9713"
"Harry Morrison","Back","Round 19 v Port Adelaide","3909.32031","546.3599899999999","14","371.4859","8.25824","134.22789","41","0","1304.47998","1889.7200000286102","e866e05c-99e3-4cc1-a975-4c163eaf7553","28405012-6960-46d6-9664-4d4f08217ee7","3e830db8-dfe4-4227-9646-13fbd419c2cd"
"Harry Morrison","Back","Round 19 v Port Adelaide","3535.19336","329.84","8","344.22937","7.20628","139.76503","43","0","1247.02002","1923.3900001049042","e866e05c-99e3-4cc1-a975-4c163eaf7553","28405012-6960-46d6-9664-4d4f08217ee7","7a877ec2-a258-4863-b093-183a1931e54a"
"James Sicily","Back","Round 19 v Port Adelaide","2992.29224","206.43","5","313.46521","7.55377","114.01597","31","0","996.21997","1964.0599999427795","e866e05c-99e3-4cc1-a975-4c163eaf7553","29708cec-1d8a-451d-a7da-18fca9557adc","dffad6df-0a4d-4999-abb3-b07de04e2fd8"
"James Sicily","Back","Round 19 v Port Adelaide","3650.51807","281.87","7","336.90308","8.11734","117.58732","39","0","1370.0","1862.7099997997284","e866e05c-99e3-4cc1-a975-4c163eaf7553","29708cec-1d8a-451d-a7da-18fca9557adc","b833765a-6d97-4d78-bf61-6f90988d9713"
"James Sicily","Back","Round 19 v Port Adelaide","3026.41309","402.57002000000006","10","288.07043","7.59607","113.50042","29","0","867.57001","1889.7200000286102","e866e05c-99e3-4cc1-a975-4c163eaf7553","29708cec-1d8a-451d-a7da-18fca9557adc","3e830db8-dfe4-4227-9646-13fbd419c2cd"
"James Sicily","Back","Round 19 v Port Adelaide","3202.7334","398.94","6","289.53076","8.06316","127.5532","27","0","1175.38","1923.3900001049042","e866e05c-99e3-4cc1-a975-4c163eaf7553","29708cec-1d8a-451d-a7da-18fca9557adc","7a877ec2-a258-4863-b093-183a1931e54a"
"Blake Hardwick","Back","Round 19 v Port Adelaide","3993.15039","234.17","6","379.93515","7.85455","121.98661","60","0","1302.76001","1964.0599999427795","e866e05c-99e3-4cc1-a975-4c163eaf7553","2ca83ae0-85a1-479e-bef1-d06af29b9200","dffad6df-0a4d-4999-abb3-b07de04e2fd8"
"Blake Hardwick","Back","Round 19 v Port Adelaide","3286.30273","229.36","4","301.74579","8.26818","122.97733","51","0","1074.67004","1862.7099997997284","e866e05c-99e3-4cc1-a975-4c163eaf7553","2ca83ae0-85a1-479e-bef1-d06af29b9200","b833765a-6d97-4d78-bf61-6f90988d9713"
"Blake Hardwick","Back","Round 19 v Port Adelaide","3560.71484","425.22","13","330.21191","7.75236","113.05532","47","0","974.35999","1889.7200000286102","e866e05c-99e3-4cc1-a975-4c163eaf7553","2ca83ae0-85a1-479e-bef1-d06af29b9200","3e830db8-dfe4-4227-9646-13fbd419c2cd"
"Blake Hardwick","Back","Round 19 v Port Adelaide","3751.32031","206.38","7","340.7627","7.42357","117.02214","48","0","1382.10999","1923.3900001049042","e866e05c-99e3-4cc1-a975-4c163eaf7553","2ca83ae0-85a1-479e-bef1-d06af29b9200","7a877ec2-a258-4863-b093-183a1931e54a"
"Mitch Lewis","Back","Round 19 v Port Adelaide","3240.22827","351.04999","8","273.48773","7.91552","117.62403","53","0","993.38","1964.0599999427795","e866e05c-99e3-4cc1-a975-4c163eaf7553","35159eb5-300f-48c1-b664-b6b12ef66fda","dffad6df-0a4d-4999-abb3-b07de04e2fd8"
"Mitch Lewis","Back","Round 19 v Port Adelaide","3251.15674","314.97","7","267.0867","7.6517","116.93547","60","0","869.06","1862.7099997997284","e866e05c-99e3-4cc1-a975-4c163eaf7553","35159eb5-300f-48c1-b664-b6b12ef66fda","b833765a-6d97-4d78-bf61-6f90988d9713"
"Mitch Lewis","Back","Round 19 v Port Adelaide","2375.1084","149.10999999999999","3","193.64734","7.1681","123.38866","31","0","780.34998","1889.7200000286102","e866e05c-99e3-4cc1-a975-4c163eaf7553","35159eb5-300f-48c1-b664-b6b12ef66fda","3e830db8-dfe4-4227-9646-13fbd419c2cd"
"Jarman Impey","Midfielder","Round 19 v Port Adelaide","2529.0083","320.0","10","267.4848","8.01712","127.25637","35","0","887.14001","1964.0599999427795","e866e05c-99e3-4cc1-a975-4c163eaf7553","48b7449c-7b00-4728-8dcf-81959514acff","dffad6df-0a4d-4999-abb3-b07de04e2fd8"
"Jarman Impey","Midfielder","Round 19 v Port Adelaide","3420.52954","436.50000000000006","11","355.62335","8.7577","122.02377","35","0","1171.58997","1862.7099997997284","e866e05c-99e3-4cc1-a975-4c163eaf7553","48b7449c-7b00-4728-8dcf-81959514acff","b833765a-6d97-4d78-bf61-6f90988d9713"
"Jarman Impey","Midfielder","Round 19 v Port Adelaide","3247.8418","410.75000000000006","10","348.47638","8.11659","129.42617","33","0","1116.02002","1889.7200000286102","e866e05c-99e3-4cc1-a975-4c163eaf7553","48b7449c-7b00-4728-8dcf-81959514acff","3e830db8-dfe4-4227-9646-13fbd419c2cd"
"Jarman Impey","Midfielder","Round 19 v Port Adelaide","3629.09277","507.28999","13","387.10547","7.68394","113.20926","56","0","1012.81","1923.3900001049042","e866e05c-99e3-4cc1-a975-4c163eaf7553","48b7449c-7b00-4728-8dcf-81959514acff","7a877ec2-a258-4863-b093-183a1931e54a"
"Tom Barrass","Hybrid","Round 19 v Port Adelaide","3363.61523","67.71","4","298.95654","6.60899","102.75496","41","0","1251.40002","1964.0599999427795","e866e05c-99e3-4cc1-a975-4c163eaf7553","6c56e5bd-2cd0-47f8-993f-dcc1d1ebce45","dffad6df-0a4d-4999-abb3-b07de04e2fd8"
"Tom Barrass","Hybrid","Round 19 v Port Adelaide","2788.44873","130.39000000000001","5","247.53998","7.26818","108.60419","32","0","987.33002","1862.7099997997284","e866e05c-99e3-4cc1-a975-4c163eaf7553","6c56e5bd-2cd0-47f8-993f-dcc1d1ebce45","b833765a-6d97-4d78-bf61-6f90988d9713"
"Tom Barrass","Hybrid","Round 19 v Port Adelaide","3060.63623","159.82","3","258.56","7.34139","107.17201","30","0","950.15002","1889.7200000286102","e866e05c-99e3-4cc1-a975-4c163eaf7553","6c56e5bd-2cd0-47f8-993f-dcc1d1ebce45","3e830db8-dfe4-4227-9646-13fbd419c2cd"
"Tom Barrass","Hybrid","Round 19 v Port Adelaide","3054.0918","121.24999999999999","3","264.30518","7.50526","123.67164","27","0","1244.73999","1923.3900001049042","e866e05c-99e3-4cc1-a975-4c163eaf7553","6c56e5bd-2cd0-47f8-993f-dcc1d1ebce45","7a877ec2-a258-4863-b093-183a1931e54a"
"Connor Macdonald","Hybrid","Round 19 v Port Adelaide","3402.36206","394.63000999999997","11","362.11646","7.24926","138.36834","54","0","1140.29004","1964.0599999427795","e866e05c-99e3-4cc1-a975-4c163eaf7553","7381a6b2-b11c-4f42-85df-1b3b97b11693","dffad6df-0a4d-4999-abb3-b07de04e2fd8"
"Connor Macdonald","Hybrid","Round 19 v Port Adelaide","3339.10156","459.59000000000003","12","337.97275","7.56911","135.02503","46","0","1009.26001","1862.7099997997284","e866e05c-99e3-4cc1-a975-4c163eaf7553","7381a6b2-b11c-4f42-85df-1b3b97b11693","b833765a-6d97-4d78-bf61-6f90988d9713"
"Connor Macdonald","Hybrid","Round 19 v Port Adelaide","3339.69922","477.97","9","325.22656","7.73399","140.48681","40","0","1028.12","1889.7200000286102","e866e05c-99e3-4cc1-a975-4c163eaf7553","7381a6b2-b11c-4f42-85df-1b3b97b11693","3e830db8-dfe4-4227-9646-13fbd419c2cd"
"Connor Macdonald","Hybrid","Round 19 v Port Adelaide","3734.6709","548.3","15","367.6947","7.42584","137.95582","46","0","1229.62","1923.3900001049042","e866e05c-99e3-4cc1-a975-4c163eaf7553","7381a6b2-b11c-4f42-85df-1b3b97b11693","7a877ec2-a258-4863-b093-183a1931e54a"
"Lloyd Meek","Hybrid","Round 19 v Port Adelaide","3083.99292","171.82","4","328.57971","6.77864","126.41992","35","0","1161.30005","1964.0599999427795","e866e05c-99e3-4cc1-a975-4c163eaf7553","78eb8442-e99a-445f-8154-59b764e0c73a","dffad6df-0a4d-4999-abb3-b07de04e2fd8"
"Lloyd Meek","Hybrid","Round 19 v Port Adelaide","3173.71045","60.3","1","353.6398","6.15396","120.80354","39","0","1254.90002","1862.7099997997284","e866e05c-99e3-4cc1-a975-4c163eaf7553","78eb8442-e99a-445f-8154-59b764e0c73a","b833765a-6d97-4d78-bf61-6f90988d9713"
"Lloyd Meek","Hybrid","Round 19 v Port Adelaide","3340.56982","88.68","2","353.89215","6.31448","112.71049","39","0","1199.71997","1889.7200000286102","e866e05c-99e3-4cc1-a975-4c163eaf7553","78eb8442-e99a-445f-8154-59b764e0c73a","3e830db8-dfe4-4227-9646-13fbd419c2cd"
"Lloyd Meek","Hybrid","Round 19 v Port Adelaide","3107.21387","6.55","0","322.8667","5.71131","113.61136","35","0","1142.41003","1923.3900001049042","e866e05c-99e3-4cc1-a975-4c163eaf7553","78eb8442-e99a-445f-8154-59b764e0c73a","7a877ec2-a258-4863-b093-183a1931e54a"
"Bailey Macdonald","Hybrid","Round 19 v Port Adelaide","1800.32007","229.68","5","199.54587","8.5548","144.77457","20","0","562.73999","1889.7200000286102","e866e05c-99e3-4cc1-a975-4c163eaf7553","8311e970-95e1-4e14-aebd-95f6b458bc6b","3e830db8-dfe4-4227-9646-13fbd419c2cd"
"Bailey Macdonald","Hybrid","Round 19 v Port Adelaide","3991.24365","391.34999999999997","9","441.31134","7.69921","137.75893","60","0","1348.82007","1923.3900001049042","e866e05c-99e3-4cc1-a975-4c163eaf7553","8311e970-95e1-4e14-aebd-95f6b458bc6b","7a877ec2-a258-4863-b093-183a1931e54a"
"Calsher Dear","Hybrid","Round 19 v Port Adelaide","3280.06006","226.55999","4","306.39618","7.75487","118.16133","49","0","1100.08008","1964.0599999427795","e866e05c-99e3-4cc1-a975-4c163eaf7553","8abef924-5203-4e6c-967d-b809d768e3b4","dffad6df-0a4d-4999-abb3-b07de04e2fd8"
"Calsher Dear","Hybrid","Round 19 v Port Adelaide","3062.76025","280.57999","10","263.00708","7.07562","128.30106","42","0","1022.15997","1862.7099997997284","e866e05c-99e3-4cc1-a975-4c163eaf7553","8abef924-5203-4e6c-967d-b809d768e3b4","b833765a-6d97-4d78-bf61-6f90988d9713"
"Calsher Dear","Hybrid","Round 19 v Port Adelaide","3285.72559","355.62999","12","283.94031","6.9585","126.87505","44","0","1160.84998","1889.7200000286102","e866e05c-99e3-4cc1-a975-4c163eaf7553","8abef924-5203-4e6c-967d-b809d768e3b4","3e830db8-dfe4-4227-9646-13fbd419c2cd"
"James Worpel","Midfielder","Round 19 v Port Adelaide","3294.33789","260.07000000000005","7","349.88098","8.08437","130.45591","47","0","1277.46997","1923.3900001049042","e866e05c-99e3-4cc1-a975-4c163eaf7553","8efe86c2-4856-43ad-8822-2a8807b79d8b","7a877ec2-a258-4863-b093-183a1931e54a"
"Finn Maginness","Hybrid","Round 19 v Port Adelaide","3777.36646","252.24","8","415.52438","6.86902","127.03862","67","0","1237.35999","1964.0599999427795","e866e05c-99e3-4cc1-a975-4c163eaf7553","909a916f-b95d-44e4-8b9c-51b5ef5f1d35","dffad6df-0a4d-4999-abb3-b07de04e2fd8"
"Finn Maginness","Hybrid","Round 19 v Port Adelaide","4034.84473","285.71999999999997","11","437.84454","7.0642","139.36806","64","0","1444.48999","1862.7099997997284","e866e05c-99e3-4cc1-a975-4c163eaf7553","909a916f-b95d-44e4-8b9c-51b5ef5f1d35","b833765a-6d97-4d78-bf61-6f90988d9713"
"Finn Maginness","Hybrid","Round 19 v Port Adelaide","3761.22949","291.09001","10","393.26953","6.92133","128.73575","63","0","1262.41003","1889.7200000286102","e866e05c-99e3-4cc1-a975-4c163eaf7553","909a916f-b95d-44e4-8b9c-51b5ef5f1d35","3e830db8-dfe4-4227-9646-13fbd419c2cd"
"Finn Maginness","Hybrid","Round 19 v Port Adelaide","3369.89746","311.65000999999995","9","349.1012","6.94732","123.71515","54","0","1037.81006","1923.3900001049042","e866e05c-99e3-4cc1-a975-4c163eaf7553","909a916f-b95d-44e4-8b9c-51b5ef5f1d35","7a877ec2-a258-4863-b093-183a1931e54a"
"Jai Newcombe","Hybrid","Round 19 v Port Adelaide","4154.66699","352.13","7","456.54407","7.71192","141.24874","54","0","1549.0","1964.0599999427795","e866e05c-99e3-4cc1-a975-4c163eaf7553","a5e3bb3d-7e57-4dff-9d50-d405f3e1a584","dffad6df-0a4d-4999-abb3-b07de04e2fd8"
"Nick Watson","Hybrid","Round 19 v Port Adelaide","2498.23438","357.39000999999996","10","237.1438","8.09642","122.29262","32","0","891.04999","1923.3900001049042","e866e05c-99e3-4cc1-a975-4c163eaf7553","d15ed9ce-f683-4f0e-b12f-c87e4029f11e","7a877ec2-a258-4863-b093-183a1931e54a"
"Josh Battle","Hybrid","Round 19 v Port Adelaide","4282.99121","384.28999000000005","12","440.06561","8.19994","130.84095","72","0","1323.34998","1964.0599999427795","e866e05c-99e3-4cc1-a975-4c163eaf7553","d906015c-707c-4176-b45b-c0b21e435310","dffad6df-0a4d-4999-abb3-b07de04e2fd8"
"Josh Battle","Hybrid","Round 19 v Port Adelaide","3275.23975","324.51998999999995","10","332.05426","7.53321","132.17715","37","0","1125.12","1862.7099997997284","e866e05c-99e3-4cc1-a975-4c163eaf7553","d906015c-707c-4176-b45b-c0b21e435310","b833765a-6d97-4d78-bf61-6f90988d9713"
"Josh Battle","Hybrid","Round 19 v Port Adelaide","3793.18066","267.86999000000003","6","354.24121","7.79733","120.43628","57","0","1158.93994","1889.7200000286102","e866e05c-99e3-4cc1-a975-4c163eaf7553","d906015c-707c-4176-b45b-c0b21e435310","3e830db8-dfe4-4227-9646-13fbd419c2cd"
"Josh Battle","Hybrid","Round 19 v Port Adelaide","4081.62402","168.82999999999998","6","396.15271","7.23731","127.32594","55","0","1551.18994","1923.3900001049042","e866e05c-99e3-4cc1-a975-4c163eaf7553","d906015c-707c-4176-b45b-c0b21e435310","7a877ec2-a258-4863-b093-183a1931e54a"
"Calsher Dear","Hybrid","Round 19 v Port Adelaide","3472.9541","485.56999","10","294.91077","7.50971","132.22913","45","0","1103.70996","1923.3900001049042","e866e05c-99e3-4cc1-a975-4c163eaf7553","8abef924-5203-4e6c-967d-b809d768e3b4","7a877ec2-a258-4863-b093-183a1931e54a"
"Dylan Moore","Midfielder","Round 19 v Port Adelaide","4208.22119","614.89999","15","427.45438","8.03356","128.5568","58","0","1401.37","1964.0599999427795","e866e05c-99e3-4cc1-a975-4c163eaf7553","8b0242f4-3a3b-4651-949f-17da0062afba","dffad6df-0a4d-4999-abb3-b07de04e2fd8"
"Dylan Moore","Midfielder","Round 19 v Port Adelaide","3319.60889","365.0","12","332.36713","7.48776","130.57331","42","0","1188.85999","1862.7099997997284","e866e05c-99e3-4cc1-a975-4c163eaf7553","8b0242f4-3a3b-4651-949f-17da0062afba","b833765a-6d97-4d78-bf61-6f90988d9713"
"Dylan Moore","Midfielder","Round 19 v Port Adelaide","3486.97168","434.19999","14","350.71722","7.9549","134.77","39","0","1213.91003","1889.7200000286102","e866e05c-99e3-4cc1-a975-4c163eaf7553","8b0242f4-3a3b-4651-949f-17da0062afba","3e830db8-dfe4-4227-9646-13fbd419c2cd"
"Dylan Moore","Midfielder","Round 19 v Port Adelaide","4507.03223","596.8599999999999","15","474.00183","7.20362","140.59652","70","0","1658.52002","1923.3900001049042","e866e05c-99e3-4cc1-a975-4c163eaf7553","8b0242f4-3a3b-4651-949f-17da0062afba","7a877ec2-a258-4863-b093-183a1931e54a"
"James Worpel","Midfielder","Round 19 v Port Adelaide","3004.10522","136.51","5","302.42542","6.60541","132.16089","48","0","1147.71997","1964.0599999427795","e866e05c-99e3-4cc1-a975-4c163eaf7553","8efe86c2-4856-43ad-8822-2a8807b79d8b","dffad6df-0a4d-4999-abb3-b07de04e2fd8"
"James Worpel","Midfielder","Round 19 v Port Adelaide","3018.91577","218.76999999999998","6","311.42535","6.87427","137.25048","56","0","1184.13","1862.7099997997284","e866e05c-99e3-4cc1-a975-4c163eaf7553","8efe86c2-4856-43ad-8822-2a8807b79d8b","b833765a-6d97-4d78-bf61-6f90988d9713"
"James Worpel","Midfielder","Round 19 v Port Adelaide","2295.87354","222.58","7","233.88843","7.31105","138.75701","33","0","788.65997","1889.7200000286102","e866e05c-99e3-4cc1-a975-4c163eaf7553","8efe86c2-4856-43ad-8822-2a8807b79d8b","3e830db8-dfe4-4227-9646-13fbd419c2cd"
"Jai Newcombe","Hybrid","Round 19 v Port Adelaide","3473.58594","345.15","6","378.17743","7.59038","137.67772","44","0","1313.44995","1862.7099997997284","e866e05c-99e3-4cc1-a975-4c163eaf7553","a5e3bb3d-7e57-4dff-9d50-d405f3e1a584","b833765a-6d97-4d78-bf61-6f90988d9713"
"Jai Newcombe","Hybrid","Round 19 v Port Adelaide","3712.37891","233.38001000000003","4","389.42078","7.4915","135.64092","37","0","1295.47998","1889.7200000286102","e866e05c-99e3-4cc1-a975-4c163eaf7553","a5e3bb3d-7e57-4dff-9d50-d405f3e1a584","3e830db8-dfe4-4227-9646-13fbd419c2cd"
"Jai Newcombe","Hybrid","Round 19 v Port Adelaide","2550.52441","187.55999999999997","6","271.7583","7.36669","140.80663","33","0","954.06995","1923.3900001049042","e866e05c-99e3-4cc1-a975-4c163eaf7553","a5e3bb3d-7e57-4dff-9d50-d405f3e1a584","7a877ec2-a258-4863-b093-183a1931e54a"
"Nick Watson","Hybrid","Round 19 v Port Adelaide","3385.59521","407.44001","11","332.8093","8.05724","123.62428","43","0","1167.27002","1964.0599999427795","e866e05c-99e3-4cc1-a975-4c163eaf7553","d15ed9ce-f683-4f0e-b12f-c87e4029f11e","dffad6df-0a4d-4999-abb3-b07de04e2fd8"
"Nick Watson","Hybrid","Round 19 v Port Adelaide","2661.70801","340.78001","10","264.27975","8.86619","107.12967","33","0","745.95001","1862.7099997997284","e866e05c-99e3-4cc1-a975-4c163eaf7553","d15ed9ce-f683-4f0e-b12f-c87e4029f11e","b833765a-6d97-4d78-bf61-6f90988d9713"
"Nick Watson","Hybrid","Round 19 v Port Adelaide","2729.98633","360.76","10","264.1734","8.78695","115.36453","26","0","971.17999","1889.7200000286102","e866e05c-99e3-4cc1-a975-4c163eaf7553","d15ed9ce-f683-4f0e-b12f-c87e4029f11e","3e830db8-dfe4-4227-9646-13fbd419c2cd"
"Massimo D'Ambrosio","Hybrid","Round 19 v Port Adelaide","2729.59619","454.53999000000005","13","271.36276","7.53518","134.81818","43","0","831.44","1964.0599999427795","e866e05c-99e3-4cc1-a975-4c163eaf7553","dc9a9fa6-3f4c-464e-ae3c-ce8c25ab08d1","dffad6df-0a4d-4999-abb3-b07de04e2fd8"
"Massimo D'Ambrosio","Hybrid","Round 19 v Port Adelaide","3178.69189","361.02000000000004","11","337.51303","8.41935","133.51454","63","0","1104.09009","1862.7099997997284","e866e05c-99e3-4cc1-a975-4c163eaf7553","dc9a9fa6-3f4c-464e-ae3c-ce8c25ab08d1","b833765a-6d97-4d78-bf61-6f90988d9713"
"Massimo D'Ambrosio","Hybrid","Round 19 v Port Adelaide","2522.25293","442.46999","12","267.34253","8.37071","137.76404","36","0","798.31","1889.7200000286102","e866e05c-99e3-4cc1-a975-4c163eaf7553","dc9a9fa6-3f4c-464e-ae3c-ce8c25ab08d1","3e830db8-dfe4-4227-9646-13fbd419c2cd"
"Massimo D'Ambrosio","Hybrid","Round 19 v Port Adelaide","3395.12402","381.65001","9","363.95959","7.94489","134.81095","54","0","1167.93994","1923.3900001049042","e866e05c-99e3-4cc1-a975-4c163eaf7553","dc9a9fa6-3f4c-464e-ae3c-ce8c25ab08d1","7a877ec2-a258-4863-b093-183a1931e54a"
"Conor Nash","Back","Round 19 v Port Adelaide","2735.24121","268.58001","5","241.31964","7.47586","138.84003","35","0","943.98999","1964.0599999427795","e866e05c-99e3-4cc1-a975-4c163eaf7553","ee799c04-c79f-41c9-bd53-176bb21a7077","dffad6df-0a4d-4999-abb3-b07de04e2fd8"
"Conor Nash","Back","Round 19 v Port Adelaide","2761.79639","246.59001","6","241.90756","6.65284","138.27995","39","0","987.94","1862.7099997997284","e866e05c-99e3-4cc1-a975-4c163eaf7553","ee799c04-c79f-41c9-bd53-176bb21a7077","b833765a-6d97-4d78-bf61-6f90988d9713"
"Conor Nash","Back","Round 19 v Port Adelaide","3330.72314","238.66000000000003","4","299.34955","6.6667","134.12128","39","0","1224.65991","1889.7200000286102","e866e05c-99e3-4cc1-a975-4c163eaf7553","ee799c04-c79f-41c9-bd53-176bb21a7077","3e830db8-dfe4-4227-9646-13fbd419c2cd"
"Conor Nash","Back","Round 19 v Port Adelaide","3577.61133","267.35","5","317.58936","7.28692","132.12813","47","0","1233.38","1923.3900001049042","e866e05c-99e3-4cc1-a975-4c163eaf7553","ee799c04-c79f-41c9-bd53-176bb21a7077","7a877ec2-a258-4863-b093-183a1931e54a"
