"match_date","match_id","match_name","activity_id","activity_name","athlete_id","period_id","period_name","round_number","round_name","cat_venue","venue_id","venue_name","player","jersey","position","gps_distance_m","gps_hs_dist_m","gps_sprints","gps_player_load","gps_max_vel","gps_m_per_min","gps_hr_avg","gps_hr_max","gps_accels","gps_decels","gps_hmld","gps_field_min","disposals","kicks","handballs","marks","tackles","clearances","free_kicks","pressure_acts","inside_50s","rebound_50s","metres_gained","turnovers","goals","behinds","time_on_ground"
"2025-08-01T00:00:00Z","166205954","Adelaide Crows v Hawthorn","2796f658-43aa-46b6-bbed-0b2d5793cda8","Round 21 v Adelaide","8abef924-5203-4e6c-967d-b809d768e3b4","92de7aef-2a48-4694-ac81-9e2a16b743f2","Quarter 1","21","Round 21","The Adelaide Oval","6","Adelaide Oval","Calsher Dear","13","Hybrid","3454.88623","338.80001","9","317.50311","8.08907","110.0948417754377640","0","0","47","0","1199.59998","1882.8600001335144","11.0000000000","10.0000000000","1.0000000000","6.0000000000","","","1.0000000000","18.0000000000","2.0000000000","","239.7657512972","2.0000000000","3.0000000000","1.0000000000","7972.0000000000"
"2025-08-01T00:00:00Z","166205954","Adelaide Crows v Hawthorn","2796f658-43aa-46b6-bbed-0b2d5793cda8","Round 21 v Adelaide","8abef924-5203-4e6c-967d-b809d768e3b4","16069a96-e72e-46a5-ab87-22610403857f","Quarter 2","21","Round 21","The Adelaide Oval","6","Adelaide Oval","Calsher Dear","13","Hybrid","2790.49048","229.82999000000004","7","241.75072","8.40542","80.8568297501670120","0","0","22","0","990.58997","2070.6900000572205","11.0000000000","10.0000000000","1.0000000000","6.0000000000","","","1.0000000000","18.0000000000","2.0000000000","","239.7657512972","2.0000000000","3.0000000000","1.0000000000","7972.0000000000"
"2025-08-01T00:00:00Z","166205954","Adelaide Crows v Hawthorn","2796f658-43aa-46b6-bbed-0b2d5793cda8","Round 21 v Adelaide","8abef924-5203-4e6c-967d-b809d768e3b4","4fb2cdf3-0393-43be-86f1-a23e5bc1dfd8","Quarter 3","21","Round 21","The Adelaide Oval","6","Adelaide Oval","Calsher Dear","13","Hybrid","1366.31689","135.16","5","120.24445","6.94618","42.19697308005801249720","0","0","14","0","449.38","1942.770000219345","11.0000000000","10.0000000000","1.0000000000","6.0000000000","","","1.0000000000","18.0000000000","2.0000000000","","239.7657512972","2.0000000000","3.0000000000","1.0000000000","7972.0000000000"
"2025-08-01T00:00:00Z","166205954","Adelaide Crows v Hawthorn","2796f658-43aa-46b6-bbed-0b2d5793cda8","Round 21 v Adelaide","0325dfcd-afd9-4feb-9006-dd13f41ca9e6","16069a96-e72e-46a5-ab87-22610403857f","Quarter 2","21","Round 21","The Adelaide Oval","6","Adelaide Oval","Jack Gunston","19","Forward","3903.48438","222.4","5","364.16226","7.53354","113.1067725219747900","64.69183","134","31","0","1390.66003","2070.6900000572205","10.0000000000","7.0000000000","3.0000000000","2.0000000000","","","2.0000000000","10.0000000000","","","161.3517165936","3.0000000000","4.0000000000","1.0000000000","7972.0000000000"
"2025-08-01T00:00:00Z","166205954","Adelaide Crows v Hawthorn","2796f658-43aa-46b6-bbed-0b2d5793cda8","Round 21 v Adelaide","0325dfcd-afd9-4feb-9006-dd13f41ca9e6","92de7aef-2a48-4694-ac81-9e2a16b743f2","Quarter 1","21","Round 21","The Adelaide Oval","6","Adelaide Oval","Jack Gunston","19","Forward","2872.87939","305","7","285.46289","7.8377","91.5483697076665140","53.61009","129","38","0","1035.91003","1882.8600001335144","10.0000000000","7.0000000000","3.0000000000","2.0000000000","","","2.0000000000","10.0000000000","","","161.3517165936","3.0000000000","4.0000000000","1.0000000000","7972.0000000000"
"2025-08-01T00:00:00Z","166205954","Adelaide Crows v Hawthorn","2796f658-43aa-46b6-bbed-0b2d5793cda8","Round 21 v Adelaide","0325dfcd-afd9-4feb-9006-dd13f41ca9e6","4fb2cdf3-0393-43be-86f1-a23e5bc1dfd8","Quarter 3","21","Round 21","The Adelaide Oval","6","Adelaide Oval","Jack Gunston","19","Forward","2637.96948","146.04000000000002","4","269.4617","7.82086","81.4703587054205520","89.24342","135","39","0","938.33002","1942.770000219345","10.0000000000","7.0000000000","3.0000000000","2.0000000000","","","2.0000000000","10.0000000000","","","161.3517165936","3.0000000000","4.0000000000","1.0000000000","7972.0000000000"
"2025-08-01T00:00:00Z","166205954","Adelaide Crows v Hawthorn","2796f658-43aa-46b6-bbed-0b2d5793cda8","Round 21 v Adelaide","0325dfcd-afd9-4feb-9006-dd13f41ca9e6","5d6188d9-ad25-4e32-aed9-f88006f3aa16","Quarter 4","21","Round 21","The Adelaide Oval","6","Adelaide Oval","Jack Gunston","19","Forward","3751.16528","147.62","7","360.11893","6.75936","109.2021100047382560","91.73579","132","38","0","1373.07996","2061.039999961853","10.0000000000","7.0000000000","3.0000000000","2.0000000000","","","2.0000000000","10.0000000000","","","161.3517165936","3.0000000000","4.0000000000","1.0000000000","7972.0000000000"
"2025-08-01T00:00:00Z","166205954","Adelaide Crows v Hawthorn","2796f658-43aa-46b6-bbed-0b2d5793cda8","Round 21 v Adelaide","020880cf-4cc3-45b8-ade5-ced73183435f","92de7aef-2a48-4694-ac81-9e2a16b743f2","Quarter 1","21","Round 21","The Adelaide Oval","6","Adelaide Oval","Jack Ginnivan","33","Hybrid","3681.3125","544.88","14","363.53632","7.90098","117.3102354844956060","124.55231","134","48","0","1167.73999","1882.8600001335144","13.0000000000","10.0000000000","3.0000000000","6.0000000000","","","","5.0000000000","4.0000000000","","308.9403785862","3.0000000000","","","7972.0000000000"
"2025-08-01T00:00:00Z","166205954","Adelaide Crows v Hawthorn","2796f658-43aa-46b6-bbed-0b2d5793cda8","Round 21 v Adelaide","020880cf-4cc3-45b8-ade5-ced73183435f","16069a96-e72e-46a5-ab87-22610403857f","Quarter 2","21","Round 21","The Adelaide Oval","6","Adelaide Oval","Jack Ginnivan","33","Hybrid","2352.02466","166.72001","6","223.1463","6.72632","68.1519105206961540","118.79566","119","34","0","805.66998","2070.6900000572205","13.0000000000","10.0000000000","3.0000000000","6.0000000000","","","","5.0000000000","4.0000000000","","308.9403785862","3.0000000000","","","7972.0000000000"
"2025-08-01T00:00:00Z","166205954","Adelaide Crows v Hawthorn","2796f658-43aa-46b6-bbed-0b2d5793cda8","Round 21 v Adelaide","020880cf-4cc3-45b8-ade5-ced73183435f","4fb2cdf3-0393-43be-86f1-a23e5bc1dfd8","Quarter 3","21","Round 21","The Adelaide Oval","6","Adelaide Oval","Jack Ginnivan","33","Hybrid","3671.77148","477.35999","14","366.43573","7.23369","113.3980289870271360","116.67085","119","44","0","1112.80005","1942.770000219345","13.0000000000","10.0000000000","3.0000000000","6.0000000000","","","","5.0000000000","4.0000000000","","308.9403785862","3.0000000000","","","7972.0000000000"
"2025-08-01T00:00:00Z","166205954","Adelaide Crows v Hawthorn","2796f658-43aa-46b6-bbed-0b2d5793cda8","Round 21 v Adelaide","020880cf-4cc3-45b8-ade5-ced73183435f","5d6188d9-ad25-4e32-aed9-f88006f3aa16","Quarter 4","21","Round 21","The Adelaide Oval","6","Adelaide Oval","Jack Ginnivan","33","Hybrid","4258.79834","386.53","13","426.75494","7.40117","123.9800782152357420","114.35746","115","63","0","1238.42004","2061.039999961853","13.0000000000","10.0000000000","3.0000000000","6.0000000000","","","","5.0000000000","4.0000000000","","308.9403785862","3.0000000000","","","7972.0000000000"
"2025-08-01T00:00:00Z","166205954","Adelaide Crows v Hawthorn","2796f658-43aa-46b6-bbed-0b2d5793cda8","Round 21 v Adelaide","48b7449c-7b00-4728-8dcf-81959514acff","5d6188d9-ad25-4e32-aed9-f88006f3aa16","Quarter 4","21","Round 21","The Adelaide Oval","6","Adelaide Oval","Jarman Impey","04","Midfielder","3528.94824","465.59000000000003","11","339.17947","8.21827","102.7330349745366180","122.92596","124","32","0","1070.71997","2061.039999961853","22.0000000000","13.0000000000","9.0000000000","5.0000000000","3.0000000000","2.0000000000","","18.0000000000","1.0000000000","4.0000000000","363.5351121209","3.0000000000","","1.0000000000","7972.0000000000"
"2025-08-01T00:00:00Z","166205954","Adelaide Crows v Hawthorn","2796f658-43aa-46b6-bbed-0b2d5793cda8","Round 21 v Adelaide","48b7449c-7b00-4728-8dcf-81959514acff","4fb2cdf3-0393-43be-86f1-a23e5bc1dfd8","Quarter 3","21","Round 21","The Adelaide Oval","6","Adelaide Oval","Jarman Impey","04","Midfielder","3357.56934","508.49998000000005","10","323.49255","8.39146","103.6942923646418160","119.9037","123","29","0","1110.10999","1942.770000219345","22.0000000000","13.0000000000","9.0000000000","5.0000000000","3.0000000000","2.0000000000","","18.0000000000","1.0000000000","4.0000000000","363.5351121209","3.0000000000","","1.0000000000","7972.0000000000"
"2025-08-01T00:00:00Z","166205954","Adelaide Crows v Hawthorn","2796f658-43aa-46b6-bbed-0b2d5793cda8","Round 21 v Adelaide","48b7449c-7b00-4728-8dcf-81959514acff","16069a96-e72e-46a5-ab87-22610403857f","Quarter 2","21","Round 21","The Adelaide Oval","6","Adelaide Oval","Jarman Impey","04","Midfielder","3349.85498","472.51","16","340.72479","7.94379","97.0648908308080380","119.487","126","50","0","1052.12","2070.6900000572205","22.0000000000","13.0000000000","9.0000000000","5.0000000000","3.0000000000","2.0000000000","","18.0000000000","1.0000000000","4.0000000000","363.5351121209","3.0000000000","","1.0000000000","7972.0000000000"
"2025-08-01T00:00:00Z","166205954","Adelaide Crows v Hawthorn","2796f658-43aa-46b6-bbed-0b2d5793cda8","Round 21 v Adelaide","48b7449c-7b00-4728-8dcf-81959514acff","92de7aef-2a48-4694-ac81-9e2a16b743f2","Quarter 1","21","Round 21","The Adelaide Oval","6","Adelaide Oval","Jarman Impey","04","Midfielder","3849.19019","428.67001","10","391.86475","8.40751","122.6598957881218680","115.20899","139","43","0","1405.76001","1882.8600001335144","22.0000000000","13.0000000000","9.0000000000","5.0000000000","3.0000000000","2.0000000000","","18.0000000000","1.0000000000","4.0000000000","363.5351121209","3.0000000000","","1.0000000000","7972.0000000000"
"2025-08-01T00:00:00Z","166205954","Adelaide Crows v Hawthorn","2796f658-43aa-46b6-bbed-0b2d5793cda8","Round 21 v Adelaide","036695b3-12e6-43fb-a153-0dea34fd7c41","5d6188d9-ad25-4e32-aed9-f88006f3aa16","Quarter 4","21","Round 21","The Adelaide Oval","6","Adelaide Oval","Karl Amon","10","Hybrid","4270.52686","439.89998999999995","12","399.6767","7.52165","124.3215132189295200","46.04051","91","43","0","1478.76001","2061.039999961853","23.0000000000","15.0000000000","8.0000000000","1.0000000000","5.0000000000","","1.0000000000","13.0000000000","4.0000000000","5.0000000000","605.7448243381","5.0000000000","","","7972.0000000000"
"2025-08-01T00:00:00Z","166205954","Adelaide Crows v Hawthorn","2796f658-43aa-46b6-bbed-0b2d5793cda8","Round 21 v Adelaide","036695b3-12e6-43fb-a153-0dea34fd7c41","4fb2cdf3-0393-43be-86f1-a23e5bc1dfd8","Quarter 3","21","Round 21","The Adelaide Oval","6","Adelaide Oval","Karl Amon","10","Hybrid","3454.72534","415.92001000000005","8","323.32733","8.60963","106.6948328297209740","94.58277","122","38","0","1211.39001","1942.770000219345","23.0000000000","15.0000000000","8.0000000000","1.0000000000","5.0000000000","","1.0000000000","13.0000000000","4.0000000000","5.0000000000","605.7448243381","5.0000000000","","","7972.0000000000"
"2025-08-01T00:00:00Z","166205954","Adelaide Crows v Hawthorn","2796f658-43aa-46b6-bbed-0b2d5793cda8","Round 21 v Adelaide","036695b3-12e6-43fb-a153-0dea34fd7c41","16069a96-e72e-46a5-ab87-22610403857f","Quarter 2","21","Round 21","The Adelaide Oval","6","Adelaide Oval","Karl Amon","10","Hybrid","2847.83228","362.64","9","274.91763","8.27793","82.5183570671023980","101.06665","127","38","0","924.73999","2070.6900000572205","23.0000000000","15.0000000000","8.0000000000","1.0000000000","5.0000000000","","1.0000000000","13.0000000000","4.0000000000","5.0000000000","605.7448243381","5.0000000000","","","7972.0000000000"
"2025-08-01T00:00:00Z","166205954","Adelaide Crows v Hawthorn","2796f658-43aa-46b6-bbed-0b2d5793cda8","Round 21 v Adelaide","036695b3-12e6-43fb-a153-0dea34fd7c41","92de7aef-2a48-4694-ac81-9e2a16b743f2","Quarter 1","21","Round 21","The Adelaide Oval","6","Adelaide Oval","Karl Amon","10","Hybrid","3920.98462","617.4799700000001","16","378.99402","7.12447","124.9477269596877540","107.67325","114","48","0","1276.13","1882.8600001335144","23.0000000000","15.0000000000","8.0000000000","1.0000000000","5.0000000000","","1.0000000000","13.0000000000","4.0000000000","5.0000000000","605.7448243381","5.0000000000","","","7972.0000000000"
"2025-08-01T00:00:00Z","166205954","Adelaide Crows v Hawthorn","2796f658-43aa-46b6-bbed-0b2d5793cda8","Round 21 v Adelaide","29708cec-1d8a-451d-a7da-18fca9557adc","5d6188d9-ad25-4e32-aed9-f88006f3aa16","Quarter 4","21","Round 21","The Adelaide Oval","6","Adelaide Oval","James Sicily","06","Back","3616.44556","345.64","11","327.51276","7.58544","105.2802146508637020","107.46921","122","40","0","1089.52002","2061.039999961853","18.0000000000","15.0000000000","3.0000000000","11.0000000000","1.0000000000","","","5.0000000000","7.0000000000","5.0000000000","487.8017413781","5.0000000000","","","7972.0000000000"
"2025-08-01T00:00:00Z","166205954","Adelaide Crows v Hawthorn","2796f658-43aa-46b6-bbed-0b2d5793cda8","Round 21 v Adelaide","29708cec-1d8a-451d-a7da-18fca9557adc","4fb2cdf3-0393-43be-86f1-a23e5bc1dfd8","Quarter 3","21","Round 21","The Adelaide Oval","6","Adelaide Oval","James Sicily","06","Back","3486.55811","420.64","10","307.58011","7.86493","107.6779477634415720","98.24287","115","24","0","1121.87","1942.770000219345","18.0000000000","15.0000000000","3.0000000000","11.0000000000","1.0000000000","","","5.0000000000","7.0000000000","5.0000000000","487.8017413781","5.0000000000","","","7972.0000000000"
"2025-08-01T00:00:00Z","166205954","Adelaide Crows v Hawthorn","2796f658-43aa-46b6-bbed-0b2d5793cda8","Round 21 v Adelaide","29708cec-1d8a-451d-a7da-18fca9557adc","16069a96-e72e-46a5-ab87-22610403857f","Quarter 2","21","Round 21","The Adelaide Oval","6","Adelaide Oval","James Sicily","06","Back","3992.72705","400.07998999999995","8","377.59793","7.79654","115.6926546191752560","93.80448","104","53","0","1301.67004","2070.6900000572205","18.0000000000","15.0000000000","3.0000000000","11.0000000000","1.0000000000","","","5.0000000000","7.0000000000","5.0000000000","487.8017413781","5.0000000000","","","7972.0000000000"
"2025-08-01T00:00:00Z","166205954","Adelaide Crows v Hawthorn","2796f658-43aa-46b6-bbed-0b2d5793cda8","Round 21 v Adelaide","29708cec-1d8a-451d-a7da-18fca9557adc","92de7aef-2a48-4694-ac81-9e2a16b743f2","Quarter 1","21","Round 21","The Adelaide Oval","6","Adelaide Oval","James Sicily","06","Back","3804.54419","377.92","10","356.06415","7.33124","121.2371877801924120","86.91903","105","43","0","1284.62","1882.8600001335144","18.0000000000","15.0000000000","3.0000000000","11.0000000000","1.0000000000","","","5.0000000000","7.0000000000","5.0000000000","487.8017413781","5.0000000000","","","7972.0000000000"
"2025-08-01T00:00:00Z","166205954","Adelaide Crows v Hawthorn","2796f658-43aa-46b6-bbed-0b2d5793cda8","Round 21 v Adelaide","6c56e5bd-2cd0-47f8-993f-dcc1d1ebce45","5d6188d9-ad25-4e32-aed9-f88006f3aa16","Quarter 4","21","Round 21","The Adelaide Oval","6","Adelaide Oval","Tom Barrass","37","Hybrid","3356.33008","189.81","6","293.22308","8.54611","97.7078585586535260","113.19637","163","29","0","1246.28003","2061.039999961853","7.0000000000","3.0000000000","4.0000000000","2.0000000000","2.0000000000","","1.0000000000","10.0000000000","1.0000000000","1.0000000000","109.5929115396","1.0000000000","","","7972.0000000000"
"2025-08-01T00:00:00Z","166205954","Adelaide Crows v Hawthorn","2796f658-43aa-46b6-bbed-0b2d5793cda8","Round 21 v Adelaide","6c56e5bd-2cd0-47f8-993f-dcc1d1ebce45","4fb2cdf3-0393-43be-86f1-a23e5bc1dfd8","Quarter 3","21","Round 21","The Adelaide Oval","6","Adelaide Oval","Tom Barrass","37","Hybrid","2902.59424","240.69999","5","249.95679","7.95952","89.6429605050197760","124.92142","175","17","0","928.46002","1942.770000219345","7.0000000000","3.0000000000","4.0000000000","2.0000000000","2.0000000000","","1.0000000000","10.0000000000","1.0000000000","1.0000000000","109.5929115396","1.0000000000","","","7972.0000000000"
"2025-08-01T00:00:00Z","166205954","Adelaide Crows v Hawthorn","2796f658-43aa-46b6-bbed-0b2d5793cda8","Round 21 v Adelaide","6c56e5bd-2cd0-47f8-993f-dcc1d1ebce45","16069a96-e72e-46a5-ab87-22610403857f","Quarter 2","21","Round 21","The Adelaide Oval","6","Adelaide Oval","Tom Barrass","37","Hybrid","3623.55005","199.4","4","319.85327","7.24151","104.9954377497317820","89.01489","153","48","0","1235","2070.6900000572205","7.0000000000","3.0000000000","4.0000000000","2.0000000000","2.0000000000","","1.0000000000","10.0000000000","1.0000000000","1.0000000000","109.5929115396","1.0000000000","","","7972.0000000000"
"2025-08-01T00:00:00Z","166205954","Adelaide Crows v Hawthorn","2796f658-43aa-46b6-bbed-0b2d5793cda8","Round 21 v Adelaide","6c56e5bd-2cd0-47f8-993f-dcc1d1ebce45","92de7aef-2a48-4694-ac81-9e2a16b743f2","Quarter 1","21","Round 21","The Adelaide Oval","6","Adelaide Oval","Tom Barrass","37","Hybrid","3188.01465","203.43","5","272.31781","7.84171","101.5906009934016300","72.39182","108","26","0","1257.42004","1882.8600001335144","7.0000000000","3.0000000000","4.0000000000","2.0000000000","2.0000000000","","1.0000000000","10.0000000000","1.0000000000","1.0000000000","109.5929115396","1.0000000000","","","7972.0000000000"
"2025-08-01T00:00:00Z","166205954","Adelaide Crows v Hawthorn","2796f658-43aa-46b6-bbed-0b2d5793cda8","Round 21 v Adelaide","09911943-d336-480e-bc5a-6f526913bbfb","92de7aef-2a48-4694-ac81-9e2a16b743f2","Quarter 1","21","Round 21","The Adelaide Oval","6","Adelaide Oval","Will Day","12","Hybrid","3519.51221","365.24","9","361.18726","8.22699","112.1542401373579500","125.56265","156","46","0","1229.96997","1882.8600001335144","21.0000000000","12.0000000000","9.0000000000","4.0000000000","12.0000000000","4.0000000000","2.0000000000","28.0000000000","6.0000000000","","372.2383687002","1.0000000000","2.0000000000","","7972.0000000000"
"2025-08-01T00:00:00Z","166205954","Adelaide Crows v Hawthorn","2796f658-43aa-46b6-bbed-0b2d5793cda8","Round 21 v Adelaide","09911943-d336-480e-bc5a-6f526913bbfb","16069a96-e72e-46a5-ab87-22610403857f","Quarter 2","21","Round 21","The Adelaide Oval","6","Adelaide Oval","Will Day","12","Hybrid","3357.48486","164.04","4","352.02737","7.63296","97.2859730787482640","104.61798","108","53","0","1164.41003","2070.6900000572205","21.0000000000","12.0000000000","9.0000000000","4.0000000000","12.0000000000","4.0000000000","2.0000000000","28.0000000000","6.0000000000","","372.2383687002","1.0000000000","2.0000000000","","7972.0000000000"
"2025-08-01T00:00:00Z","166205954","Adelaide Crows v Hawthorn","2796f658-43aa-46b6-bbed-0b2d5793cda8","Round 21 v Adelaide","09911943-d336-480e-bc5a-6f526913bbfb","4fb2cdf3-0393-43be-86f1-a23e5bc1dfd8","Quarter 3","21","Round 21","The Adelaide Oval","6","Adelaide Oval","Will Day","12","Hybrid","2748.72632","151.44","3","289.58978","7.38964","84.8909439518726340","103","103","46","0","946.35999","1942.770000219345","21.0000000000","12.0000000000","9.0000000000","4.0000000000","12.0000000000","4.0000000000","2.0000000000","28.0000000000","6.0000000000","","372.2383687002","1.0000000000","2.0000000000","","7972.0000000000"
"2025-08-01T00:00:00Z","166205954","Adelaide Crows v Hawthorn","2796f658-43aa-46b6-bbed-0b2d5793cda8","Round 21 v Adelaide","09911943-d336-480e-bc5a-6f526913bbfb","5d6188d9-ad25-4e32-aed9-f88006f3aa16","Quarter 4","21","Round 21","The Adelaide Oval","6","Adelaide Oval","Will Day","12","Hybrid","1779.48096","12.33","0","201.36002","6.17472","51.80338935778837086780","105.42565","110","19","0","715.39001","2061.039999961853","21.0000000000","12.0000000000","9.0000000000","4.0000000000","12.0000000000","4.0000000000","2.0000000000","28.0000000000","6.0000000000","","372.2383687002","1.0000000000","2.0000000000","","7972.0000000000"
"2025-08-01T00:00:00Z","166205954","Adelaide Crows v Hawthorn","2796f658-43aa-46b6-bbed-0b2d5793cda8","Round 21 v Adelaide","2ca83ae0-85a1-479e-bef1-d06af29b9200","92de7aef-2a48-4694-ac81-9e2a16b743f2","Quarter 1","21","Round 21","The Adelaide Oval","6","Adelaide Oval","Blake Hardwick","15","Back","3248.24609","279.64","8","310.9498","7.23037","103.5099611156325660","0","0","44","0","1175.16003","1882.8600001335144","15.0000000000","8.0000000000","7.0000000000","2.0000000000","","1.0000000000","1.0000000000","10.0000000000","1.0000000000","2.0000000000","274.6479810655","4.0000000000","","","7972.0000000000"
"2025-08-01T00:00:00Z","166205954","Adelaide Crows v Hawthorn","2796f658-43aa-46b6-bbed-0b2d5793cda8","Round 21 v Adelaide","2ca83ae0-85a1-479e-bef1-d06af29b9200","5d6188d9-ad25-4e32-aed9-f88006f3aa16","Quarter 4","21","Round 21","The Adelaide Oval","6","Adelaide Oval","Blake Hardwick","15","Back","3600.48999","352.63","10","337.38739","8.41347","104.8157238112789680","85.08092","171","38","0","1278.43994","2061.039999961853","15.0000000000","8.0000000000","7.0000000000","2.0000000000","","1.0000000000","1.0000000000","10.0000000000","1.0000000000","2.0000000000","274.6479810655","4.0000000000","","","7972.0000000000"
"2025-08-01T00:00:00Z","166205954","Adelaide Crows v Hawthorn","2796f658-43aa-46b6-bbed-0b2d5793cda8","Round 21 v Adelaide","2ca83ae0-85a1-479e-bef1-d06af29b9200","4fb2cdf3-0393-43be-86f1-a23e5bc1dfd8","Quarter 3","21","Round 21","The Adelaide Oval","6","Adelaide Oval","Blake Hardwick","15","Back","3910.3667","361.51999","10","354.37833","7.50878","120.7667412887322840","75.3734","85","41","0","1273.75","1942.770000219345","15.0000000000","8.0000000000","7.0000000000","2.0000000000","","1.0000000000","1.0000000000","10.0000000000","1.0000000000","2.0000000000","274.6479810655","4.0000000000","","","7972.0000000000"
"2025-08-01T00:00:00Z","166205954","Adelaide Crows v Hawthorn","2796f658-43aa-46b6-bbed-0b2d5793cda8","Round 21 v Adelaide","2ca83ae0-85a1-479e-bef1-d06af29b9200","16069a96-e72e-46a5-ab87-22610403857f","Quarter 2","21","Round 21","The Adelaide Oval","6","Adelaide Oval","Blake Hardwick","15","Back","4035.99414","376.57000999999997","11","392.75589","8.40516","116.9463552696484140","67.34412","71","59","0","1252.46997","2070.6900000572205","15.0000000000","8.0000000000","7.0000000000","2.0000000000","","1.0000000000","1.0000000000","10.0000000000","1.0000000000","2.0000000000","274.6479810655","4.0000000000","","","7972.0000000000"
"2025-08-01T00:00:00Z","166205954","Adelaide Crows v Hawthorn","2796f658-43aa-46b6-bbed-0b2d5793cda8","Round 21 v Adelaide","35159eb5-300f-48c1-b664-b6b12ef66fda","92de7aef-2a48-4694-ac81-9e2a16b743f2","Quarter 1","21","Round 21","The Adelaide Oval","6","Adelaide Oval","Mitch Lewis","02","Back","3502.34644","360.09","8","297.7616","7.20871","111.6072285698877360","86.11649","98","54","0","1059.96997","1882.8600001335144","17.0000000000","10.0000000000","7.0000000000","2.0000000000","2.0000000000","2.0000000000","1.0000000000","14.0000000000","2.0000000000","","241.3088171097","5.0000000000","","2.0000000000","7972.0000000000"
"2025-08-01T00:00:00Z","166205954","Adelaide Crows v Hawthorn","2796f658-43aa-46b6-bbed-0b2d5793cda8","Round 21 v Adelaide","35159eb5-300f-48c1-b664-b6b12ef66fda","5d6188d9-ad25-4e32-aed9-f88006f3aa16","Quarter 4","21","Round 21","The Adelaide Oval","6","Adelaide Oval","Mitch Lewis","02","Back","2331.90088","194.03","6","194.98837","7.4839","67.8851709828967980","102.89494","107","29","0","719.42999","2061.039999961853","17.0000000000","10.0000000000","7.0000000000","2.0000000000","2.0000000000","2.0000000000","1.0000000000","14.0000000000","2.0000000000","","241.3088171097","5.0000000000","","2.0000000000","7972.0000000000"
"2025-08-01T00:00:00Z","166205954","Adelaide Crows v Hawthorn","2796f658-43aa-46b6-bbed-0b2d5793cda8","Round 21 v Adelaide","35159eb5-300f-48c1-b664-b6b12ef66fda","4fb2cdf3-0393-43be-86f1-a23e5bc1dfd8","Quarter 3","21","Round 21","The Adelaide Oval","6","Adelaide Oval","Mitch Lewis","02","Back","3264.93311","236.63","6","275.24155","7.457","100.8333392928049680","104.99489","109","36","0","1108.38","1942.770000219345","17.0000000000","10.0000000000","7.0000000000","2.0000000000","2.0000000000","2.0000000000","1.0000000000","14.0000000000","2.0000000000","","241.3088171097","5.0000000000","","2.0000000000","7972.0000000000"
"2025-08-01T00:00:00Z","166205954","Adelaide Crows v Hawthorn","2796f658-43aa-46b6-bbed-0b2d5793cda8","Round 21 v Adelaide","35159eb5-300f-48c1-b664-b6b12ef66fda","16069a96-e72e-46a5-ab87-22610403857f","Quarter 2","21","Round 21","The Adelaide Oval","6","Adelaide Oval","Mitch Lewis","02","Back","3676.50977","280.75999","7","295.38232","7.50922","106.5299905799053920","98","98","35","0","1250.76001","2070.6900000572205","17.0000000000","10.0000000000","7.0000000000","2.0000000000","2.0000000000","2.0000000000","1.0000000000","14.0000000000","2.0000000000","","241.3088171097","5.0000000000","","2.0000000000","7972.0000000000"
"2025-08-01T00:00:00Z","166205954","Adelaide Crows v Hawthorn","2796f658-43aa-46b6-bbed-0b2d5793cda8","Round 21 v Adelaide","236a3ba1-a655-45e2-bcd2-6ad50b7c42fd","5d6188d9-ad25-4e32-aed9-f88006f3aa16","Quarter 4","21","Round 21","The Adelaide Oval","6","Adelaide Oval","Mabior Chol","18","Hybrid","2817.06421","75.11","2","225.03397","7.00598","82.0090112773786020","115","115","27","0","865.16003","2061.039999961853","9.0000000000","7.0000000000","2.0000000000","1.0000000000","2.0000000000","3.0000000000","","7.0000000000","1.0000000000","","104.0524397915","6.0000000000","1.0000000000","","7972.0000000000"
"2025-08-01T00:00:00Z","166205954","Adelaide Crows v Hawthorn","2796f658-43aa-46b6-bbed-0b2d5793cda8","Round 21 v Adelaide","236a3ba1-a655-45e2-bcd2-6ad50b7c42fd","16069a96-e72e-46a5-ab87-22610403857f","Quarter 2","21","Round 21","The Adelaide Oval","6","Adelaide Oval","Mabior Chol","18","Hybrid","2340.43848","161.45","5","190.05417","6.68043","67.8161911228235640","115","115","28","0","747.20001","2070.6900000572205","9.0000000000","7.0000000000","2.0000000000","1.0000000000","2.0000000000","3.0000000000","","7.0000000000","1.0000000000","","104.0524397915","6.0000000000","1.0000000000","","7972.0000000000"
"2025-08-01T00:00:00Z","166205954","Adelaide Crows v Hawthorn","2796f658-43aa-46b6-bbed-0b2d5793cda8","Round 21 v Adelaide","236a3ba1-a655-45e2-bcd2-6ad50b7c42fd","4fb2cdf3-0393-43be-86f1-a23e5bc1dfd8","Quarter 3","21","Round 21","The Adelaide Oval","6","Adelaide Oval","Mabior Chol","18","Hybrid","2548.03076","213.20000000000002","4","205.54019","7.71176","78.6927148261189680","115","115","26","0","812.75","1942.770000219345","9.0000000000","7.0000000000","2.0000000000","1.0000000000","2.0000000000","3.0000000000","","7.0000000000","1.0000000000","","104.0524397915","6.0000000000","1.0000000000","","7972.0000000000"
"2025-08-01T00:00:00Z","166205954","Adelaide Crows v Hawthorn","2796f658-43aa-46b6-bbed-0b2d5793cda8","Round 21 v Adelaide","236a3ba1-a655-45e2-bcd2-6ad50b7c42fd","92de7aef-2a48-4694-ac81-9e2a16b743f2","Quarter 1","21","Round 21","The Adelaide Oval","6","Adelaide Oval","Mabior Chol","18","Hybrid","2666.22974","220.75000000000003","5","221.04204","8.09254","84.9631859982453240","111.62765","115","32","0","939.03003","1882.8600001335144","9.0000000000","7.0000000000","2.0000000000","1.0000000000","2.0000000000","3.0000000000","","7.0000000000","1.0000000000","","104.0524397915","6.0000000000","1.0000000000","","7972.0000000000"
"2025-08-01T00:00:00Z","166205954","Adelaide Crows v Hawthorn","2796f658-43aa-46b6-bbed-0b2d5793cda8","Round 21 v Adelaide","131ea882-7562-4a3d-a0e0-ddd0ca763ee2","16069a96-e72e-46a5-ab87-22610403857f","Quarter 2","21","Round 21","The Adelaide Oval","6","Adelaide Oval","Jack Scrimshaw","14","Hybrid","3018.44092","288.36","4","273.94281","6.82839","87.4618871946043980","78","78","46","0","907.60999","2070.6900000572205","11.0000000000","6.0000000000","5.0000000000","4.0000000000","","","","4.0000000000","2.0000000000","2.0000000000","147.7495078160","1.0000000000","","","7972.0000000000"
"2025-08-01T00:00:00Z","166205954","Adelaide Crows v Hawthorn","2796f658-43aa-46b6-bbed-0b2d5793cda8","Round 21 v Adelaide","131ea882-7562-4a3d-a0e0-ddd0ca763ee2","4fb2cdf3-0393-43be-86f1-a23e5bc1dfd8","Quarter 3","21","Round 21","The Adelaide Oval","6","Adelaide Oval","Jack Scrimshaw","14","Hybrid","2819.28271","209.16","6","253.49849","7.17251","87.0699890264424660","90.02041","98","30","0","1124.84998","1942.770000219345","11.0000000000","6.0000000000","5.0000000000","4.0000000000","","","","4.0000000000","2.0000000000","2.0000000000","147.7495078160","1.0000000000","","","7972.0000000000"
"2025-08-01T00:00:00Z","166205954","Adelaide Crows v Hawthorn","2796f658-43aa-46b6-bbed-0b2d5793cda8","Round 21 v Adelaide","131ea882-7562-4a3d-a0e0-ddd0ca763ee2","5d6188d9-ad25-4e32-aed9-f88006f3aa16","Quarter 4","21","Round 21","The Adelaide Oval","6","Adelaide Oval","Jack Scrimshaw","14","Hybrid","2996.49756","212.20000000000002","5","260.20074","7.75366","87.2325882095095980","92","92","37","0","1119.18994","2061.039999961853","11.0000000000","6.0000000000","5.0000000000","4.0000000000","","","","4.0000000000","2.0000000000","2.0000000000","147.7495078160","1.0000000000","","","7972.0000000000"
"2025-08-01T00:00:00Z","166205954","Adelaide Crows v Hawthorn","2796f658-43aa-46b6-bbed-0b2d5793cda8","Round 21 v Adelaide","131ea882-7562-4a3d-a0e0-ddd0ca763ee2","92de7aef-2a48-4694-ac81-9e2a16b743f2","Quarter 1","21","Round 21","The Adelaide Oval","6","Adelaide Oval","Jack Scrimshaw","14","Hybrid","3408.80615","317.28","10","298.7298","7.52321","108.6264347776769400","78","78","38","0","1302.42004","1882.8600001335144","11.0000000000","6.0000000000","5.0000000000","4.0000000000","","","","4.0000000000","2.0000000000","2.0000000000","147.7495078160","1.0000000000","","","7972.0000000000"
"2025-08-01T00:00:00Z","166205954","Adelaide Crows v Hawthorn","2796f658-43aa-46b6-bbed-0b2d5793cda8","Round 21 v Adelaide","d906015c-707c-4176-b45b-c0b21e435310","92de7aef-2a48-4694-ac81-9e2a16b743f2","Quarter 1","21","Round 21","The Adelaide Oval","6","Adelaide Oval","Josh Battle","24","Hybrid","4202.55908","402","9","412.17468","8.50482","133.9204958319363540","91.59366","191","60","0","1357.12","1882.8600001335144","22.0000000000","14.0000000000","8.0000000000","8.0000000000","3.0000000000","1.0000000000","1.0000000000","9.0000000000","","7.0000000000","405.9006419168","4.0000000000","","","7972.0000000000"
"2025-08-01T00:00:00Z","166205954","Adelaide Crows v Hawthorn","2796f658-43aa-46b6-bbed-0b2d5793cda8","Round 21 v Adelaide","d906015c-707c-4176-b45b-c0b21e435310","16069a96-e72e-46a5-ab87-22610403857f","Quarter 2","21","Round 21","The Adelaide Oval","6","Adelaide Oval","Josh Battle","24","Hybrid","3379.552","398.98999","13","319.47443","8.16122","97.9253871870712980","71.83135","125","48","0","951.53998","2070.6900000572205","22.0000000000","14.0000000000","8.0000000000","8.0000000000","3.0000000000","1.0000000000","1.0000000000","9.0000000000","","7.0000000000","405.9006419168","4.0000000000","","","7972.0000000000"
"2025-08-01T00:00:00Z","166205954","Adelaide Crows v Hawthorn","2796f658-43aa-46b6-bbed-0b2d5793cda8","Round 21 v Adelaide","d906015c-707c-4176-b45b-c0b21e435310","4fb2cdf3-0393-43be-86f1-a23e5bc1dfd8","Quarter 3","21","Round 21","The Adelaide Oval","6","Adelaide Oval","Josh Battle","24","Hybrid","4216.83496","613.49","17","382.82538","7.36851","130.2316267862044140","57.53424","114","41","0","1312.56006","1942.770000219345","22.0000000000","14.0000000000","8.0000000000","8.0000000000","3.0000000000","1.0000000000","1.0000000000","9.0000000000","","7.0000000000","405.9006419168","4.0000000000","","","7972.0000000000"
"2025-08-01T00:00:00Z","166205954","Adelaide Crows v Hawthorn","2796f658-43aa-46b6-bbed-0b2d5793cda8","Round 21 v Adelaide","d906015c-707c-4176-b45b-c0b21e435310","5d6188d9-ad25-4e32-aed9-f88006f3aa16","Quarter 4","21","Round 21","The Adelaide Oval","6","Adelaide Oval","Josh Battle","24","Hybrid","4083.07202","360.28999999999996","14","396.65869","7.98324","118.8644185481768040","67.15357","142","52","0","1367.02002","2061.039999961853","22.0000000000","14.0000000000","8.0000000000","8.0000000000","3.0000000000","1.0000000000","1.0000000000","9.0000000000","","7.0000000000","405.9006419168","4.0000000000","","","7972.0000000000"
"2025-08-01T00:00:00Z","166205954","Adelaide Crows v Hawthorn","2796f658-43aa-46b6-bbed-0b2d5793cda8","Round 21 v Adelaide","35159eb5-300f-48c1-b664-b6b12ef66fda","92de7aef-2a48-4694-ac81-9e2a16b743f2","Quarter 1","21","Round 21","The Adelaide Oval","6","Adelaide Oval","Mitch Lewis","02","Back","3502.34644","360.09","8","297.7616","7.20871","111.6072285698877360","86.11649","98","54","0","1059.96997","1882.8600001335144","7.0000000000","5.0000000000","2.0000000000","4.0000000000","3.0000000000","","","9.0000000000","2.0000000000","","136.2340454503","1.0000000000","1.0000000000","","7972.0000000000"
"2025-08-01T00:00:00Z","166205954","Adelaide Crows v Hawthorn","2796f658-43aa-46b6-bbed-0b2d5793cda8","Round 21 v Adelaide","35159eb5-300f-48c1-b664-b6b12ef66fda","16069a96-e72e-46a5-ab87-22610403857f","Quarter 2","21","Round 21","The Adelaide Oval","6","Adelaide Oval","Mitch Lewis","02","Back","3676.50977","280.75999","7","295.38232","7.50922","106.5299905799053920","98","98","35","0","1250.76001","2070.6900000572205","7.0000000000","5.0000000000","2.0000000000","4.0000000000","3.0000000000","","","9.0000000000","2.0000000000","","136.2340454503","1.0000000000","1.0000000000","","7972.0000000000"
"2025-08-01T00:00:00Z","166205954","Adelaide Crows v Hawthorn","2796f658-43aa-46b6-bbed-0b2d5793cda8","Round 21 v Adelaide","35159eb5-300f-48c1-b664-b6b12ef66fda","4fb2cdf3-0393-43be-86f1-a23e5bc1dfd8","Quarter 3","21","Round 21","The Adelaide Oval","6","Adelaide Oval","Mitch Lewis","02","Back","3264.93311","236.63","6","275.24155","7.457","100.8333392928049680","104.99489","109","36","0","1108.38","1942.770000219345","7.0000000000","5.0000000000","2.0000000000","4.0000000000","3.0000000000","","","9.0000000000","2.0000000000","","136.2340454503","1.0000000000","1.0000000000","","7972.0000000000"
"2025-08-01T00:00:00Z","166205954","Adelaide Crows v Hawthorn","2796f658-43aa-46b6-bbed-0b2d5793cda8","Round 21 v Adelaide","35159eb5-300f-48c1-b664-b6b12ef66fda","5d6188d9-ad25-4e32-aed9-f88006f3aa16","Quarter 4","21","Round 21","The Adelaide Oval","6","Adelaide Oval","Mitch Lewis","02","Back","2331.90088","194.03","6","194.98837","7.4839","67.8851709828967980","102.89494","107","29","0","719.42999","2061.039999961853","7.0000000000","5.0000000000","2.0000000000","4.0000000000","3.0000000000","","","9.0000000000","2.0000000000","","136.2340454503","1.0000000000","1.0000000000","","7972.0000000000"
"2025-08-01T00:00:00Z","166205954","Adelaide Crows v Hawthorn","2796f658-43aa-46b6-bbed-0b2d5793cda8","Round 21 v Adelaide","28405012-6960-46d6-9664-4d4f08217ee7","5d6188d9-ad25-4e32-aed9-f88006f3aa16","Quarter 4","21","Round 21","The Adelaide Oval","6","Adelaide Oval","Harry Morrison","01","Back","3999.9375","450.78999999999996","11","374.7381","7.60108","116.4442465961077920","165.90587","183","43","0","1438.59998","2061.039999961853","19.0000000000","11.0000000000","8.0000000000","5.0000000000","","","1.0000000000","11.0000000000","3.0000000000","4.0000000000","419.1231517137","5.0000000000","","","7972.0000000000"
"2025-08-01T00:00:00Z","166205954","Adelaide Crows v Hawthorn","2796f658-43aa-46b6-bbed-0b2d5793cda8","Round 21 v Adelaide","28405012-6960-46d6-9664-4d4f08217ee7","4fb2cdf3-0393-43be-86f1-a23e5bc1dfd8","Quarter 3","21","Round 21","The Adelaide Oval","6","Adelaide Oval","Harry Morrison","01","Back","3717.98779","460.01001","15","357.7782","7.41206","114.8253614039817540","164.59077","181","40","0","1361.22998","1942.770000219345","19.0000000000","11.0000000000","8.0000000000","5.0000000000","","","1.0000000000","11.0000000000","3.0000000000","4.0000000000","419.1231517137","5.0000000000","","","7972.0000000000"
"2025-08-01T00:00:00Z","166205954","Adelaide Crows v Hawthorn","2796f658-43aa-46b6-bbed-0b2d5793cda8","Round 21 v Adelaide","28405012-6960-46d6-9664-4d4f08217ee7","16069a96-e72e-46a5-ab87-22610403857f","Quarter 2","21","Round 21","The Adelaide Oval","6","Adelaide Oval","Harry Morrison","01","Back","4537.47705","434.69999","11","428.73511","7.47355","131.4772481600224080","152.3345","182","51","0","1647.17004","2070.6900000572205","19.0000000000","11.0000000000","8.0000000000","5.0000000000","","","1.0000000000","11.0000000000","3.0000000000","4.0000000000","419.1231517137","5.0000000000","","","7972.0000000000"
"2025-08-01T00:00:00Z","166205954","Adelaide Crows v Hawthorn","2796f658-43aa-46b6-bbed-0b2d5793cda8","Round 21 v Adelaide","28405012-6960-46d6-9664-4d4f08217ee7","92de7aef-2a48-4694-ac81-9e2a16b743f2","Quarter 1","21","Round 21","The Adelaide Oval","6","Adelaide Oval","Harry Morrison","01","Back","3435.677","410.28","8","327.97849","8.12527","109.4827124615651100","127.32323","170","40","0","1299.80005","1882.8600001335144","19.0000000000","11.0000000000","8.0000000000","5.0000000000","","","1.0000000000","11.0000000000","3.0000000000","4.0000000000","419.1231517137","5.0000000000","","","7972.0000000000"
"2025-08-01T00:00:00Z","166205954","Adelaide Crows v Hawthorn","2796f658-43aa-46b6-bbed-0b2d5793cda8","Round 21 v Adelaide","78eb8442-e99a-445f-8154-59b764e0c73a","5d6188d9-ad25-4e32-aed9-f88006f3aa16","Quarter 4","21","Round 21","The Adelaide Oval","6","Adelaide Oval","Lloyd Meek","17","Hybrid","3608.01514","90.68","0","334.23288","6.48458","105.0347923397929020","73.98244","137","37","0","1447.27002","2061.039999961853","17.0000000000","7.0000000000","10.0000000000","3.0000000000","5.0000000000","10.0000000000","2.0000000000","18.0000000000","1.0000000000","2.0000000000","181.7114754104","5.0000000000","","","7972.0000000000"
"2025-08-01T00:00:00Z","166205954","Adelaide Crows v Hawthorn","2796f658-43aa-46b6-bbed-0b2d5793cda8","Round 21 v Adelaide","78eb8442-e99a-445f-8154-59b764e0c73a","4fb2cdf3-0393-43be-86f1-a23e5bc1dfd8","Quarter 3","21","Round 21","The Adelaide Oval","6","Adelaide Oval","Lloyd Meek","17","Hybrid","3305.1355","71.11","1","306.90302","6.39084","102.0749393791392540","79.9189","113","35","0","1036.98999","1942.770000219345","17.0000000000","7.0000000000","10.0000000000","3.0000000000","5.0000000000","10.0000000000","2.0000000000","18.0000000000","1.0000000000","2.0000000000","181.7114754104","5.0000000000","","","7972.0000000000"
"2025-08-01T00:00:00Z","166205954","Adelaide Crows v Hawthorn","2796f658-43aa-46b6-bbed-0b2d5793cda8","Round 21 v Adelaide","78eb8442-e99a-445f-8154-59b764e0c73a","16069a96-e72e-46a5-ab87-22610403857f","Quarter 2","21","Round 21","The Adelaide Oval","6","Adelaide Oval","Lloyd Meek","17","Hybrid","3534.73926","77.96000000000001","1","349.31592","6.33814","102.4220697420373680","96.86744","108","45","0","1254.35999","2070.6900000572205","17.0000000000","7.0000000000","10.0000000000","3.0000000000","5.0000000000","10.0000000000","2.0000000000","18.0000000000","1.0000000000","2.0000000000","181.7114754104","5.0000000000","","","7972.0000000000"
"2025-08-01T00:00:00Z","166205954","Adelaide Crows v Hawthorn","2796f658-43aa-46b6-bbed-0b2d5793cda8","Round 21 v Adelaide","78eb8442-e99a-445f-8154-59b764e0c73a","92de7aef-2a48-4694-ac81-9e2a16b743f2","Quarter 1","21","Round 21","The Adelaide Oval","6","Adelaide Oval","Lloyd Meek","17","Hybrid","3787.13794","301.87","5","374.90253","6.95288","120.6825129770068680","86.51025","88","43","0","1457.94995","1882.8600001335144","17.0000000000","7.0000000000","10.0000000000","3.0000000000","5.0000000000","10.0000000000","2.0000000000","18.0000000000","1.0000000000","2.0000000000","181.7114754104","5.0000000000","","","7972.0000000000"
"2025-08-01T00:00:00Z","166205954","Adelaide Crows v Hawthorn","2796f658-43aa-46b6-bbed-0b2d5793cda8","Round 21 v Adelaide","d15ed9ce-f683-4f0e-b12f-c87e4029f11e","16069a96-e72e-46a5-ab87-22610403857f","Quarter 2","21","Round 21","The Adelaide Oval","6","Adelaide Oval","Nick Watson","05","Hybrid","3306.83374","102.97","5","341.88666","7.7377","95.8183138927204140","75.6183","114","35","0","1293.26001","2070.6900000572205","13.0000000000","5.0000000000","8.0000000000","","2.0000000000","1.0000000000","1.0000000000","9.0000000000","","2.0000000000","173.8396341373","5.0000000000","","","7972.0000000000"
"2025-08-01T00:00:00Z","166205954","Adelaide Crows v Hawthorn","2796f658-43aa-46b6-bbed-0b2d5793cda8","Round 21 v Adelaide","d15ed9ce-f683-4f0e-b12f-c87e4029f11e","5d6188d9-ad25-4e32-aed9-f88006f3aa16","Quarter 4","21","Round 21","The Adelaide Oval","6","Adelaide Oval","Nick Watson","05","Hybrid","3696.77979","225.95","9","351.58051","8.39428","107.6188659143468040","34.62286","112","43","0","1113.69995","2061.039999961853","13.0000000000","5.0000000000","8.0000000000","","2.0000000000","1.0000000000","1.0000000000","9.0000000000","","2.0000000000","173.8396341373","5.0000000000","","","7972.0000000000"
"2025-08-01T00:00:00Z","166205954","Adelaide Crows v Hawthorn","2796f658-43aa-46b6-bbed-0b2d5793cda8","Round 21 v Adelaide","d15ed9ce-f683-4f0e-b12f-c87e4029f11e","4fb2cdf3-0393-43be-86f1-a23e5bc1dfd8","Quarter 3","21","Round 21","The Adelaide Oval","6","Adelaide Oval","Nick Watson","05","Hybrid","2888.46216","287.71","7","296.05701","7.83083","89.2065090465845160","33.53532","85","34","0","991.63","1942.770000219345","13.0000000000","5.0000000000","8.0000000000","","2.0000000000","1.0000000000","1.0000000000","9.0000000000","","2.0000000000","173.8396341373","5.0000000000","","","7972.0000000000"
"2025-08-01T00:00:00Z","166205954","Adelaide Crows v Hawthorn","2796f658-43aa-46b6-bbed-0b2d5793cda8","Round 21 v Adelaide","d15ed9ce-f683-4f0e-b12f-c87e4029f11e","92de7aef-2a48-4694-ac81-9e2a16b743f2","Quarter 1","21","Round 21","The Adelaide Oval","6","Adelaide Oval","Nick Watson","05","Hybrid","3390.68457","366.72","10","348.55853","9.24471","108.0489649711470360","109.91","123","43","0","1061.55005","1882.8600001335144","13.0000000000","5.0000000000","8.0000000000","","2.0000000000","1.0000000000","1.0000000000","9.0000000000","","2.0000000000","173.8396341373","5.0000000000","","","7972.0000000000"
"2025-08-01T00:00:00Z","166205954","Adelaide Crows v Hawthorn","2796f658-43aa-46b6-bbed-0b2d5793cda8","Round 21 v Adelaide","dc9a9fa6-3f4c-464e-ae3c-ce8c25ab08d1","92de7aef-2a48-4694-ac81-9e2a16b743f2","Quarter 1","21","Round 21","The Adelaide Oval","6","Adelaide Oval","Massimo D'Ambrosio","16","Hybrid","3831.91699","433.99","10","389.7655","7.38159","122.1094608115827120","93.70053","105","63","0","1352.54004","1882.8600001335144","25.0000000000","12.0000000000","13.0000000000","4.0000000000","1.0000000000","5.0000000000","1.0000000000","12.0000000000","3.0000000000","","385.8441414973","4.0000000000","1.0000000000","2.0000000000","7972.0000000000"
"2025-08-01T00:00:00Z","166205954","Adelaide Crows v Hawthorn","2796f658-43aa-46b6-bbed-0b2d5793cda8","Round 21 v Adelaide","dc9a9fa6-3f4c-464e-ae3c-ce8c25ab08d1","16069a96-e72e-46a5-ab87-22610403857f","Quarter 2","21","Round 21","The Adelaide Oval","6","Adelaide Oval","Massimo D'Ambrosio","16","Hybrid","3693.5415","424.89","13","364.95789","7.75055","107.0234994102816240","79.53026","125","60","0","1307.31006","2070.6900000572205","25.0000000000","12.0000000000","13.0000000000","4.0000000000","1.0000000000","5.0000000000","1.0000000000","12.0000000000","3.0000000000","","385.8441414973","4.0000000000","1.0000000000","2.0000000000","7972.0000000000"
"2025-08-01T00:00:00Z","166205954","Adelaide Crows v Hawthorn","2796f658-43aa-46b6-bbed-0b2d5793cda8","Round 21 v Adelaide","dc9a9fa6-3f4c-464e-ae3c-ce8c25ab08d1","4fb2cdf3-0393-43be-86f1-a23e5bc1dfd8","Quarter 3","21","Round 21","The Adelaide Oval","6","Adelaide Oval","Massimo D'Ambrosio","16","Hybrid","3329.25635","509.81001","13","318.47626","7.49209","102.8198813948367420","66.19441","159","33","0","1120.23999","1942.770000219345","25.0000000000","12.0000000000","13.0000000000","4.0000000000","1.0000000000","5.0000000000","1.0000000000","12.0000000000","3.0000000000","","385.8441414973","4.0000000000","1.0000000000","2.0000000000","7972.0000000000"
"2025-08-01T00:00:00Z","166205954","Adelaide Crows v Hawthorn","2796f658-43aa-46b6-bbed-0b2d5793cda8","Round 21 v Adelaide","dc9a9fa6-3f4c-464e-ae3c-ce8c25ab08d1","5d6188d9-ad25-4e32-aed9-f88006f3aa16","Quarter 4","21","Round 21","The Adelaide Oval","6","Adelaide Oval","Massimo D'Ambrosio","16","Hybrid","2876.39258","336.96001","6","285.2099","6.79454","83.7361501005289980","83.44584","120","40","0","936.90002","2061.039999961853","25.0000000000","12.0000000000","13.0000000000","4.0000000000","1.0000000000","5.0000000000","1.0000000000","12.0000000000","3.0000000000","","385.8441414973","4.0000000000","1.0000000000","2.0000000000","7972.0000000000"
"2025-08-01T00:00:00Z","166205954","Adelaide Crows v Hawthorn","2796f658-43aa-46b6-bbed-0b2d5793cda8","Round 21 v Adelaide","2794f857-7792-4f4b-b5fc-204ce195a191","4fb2cdf3-0393-43be-86f1-a23e5bc1dfd8","Quarter 3","21","Round 21","The Adelaide Oval","6","Adelaide Oval","Josh Ward","25","Hybrid","3948.04492","649.51999","12","376.62289","7.92709","121.9303855697046900","115.99501","162","53","0","1384.29004","1942.770000219345","10.0000000000","7.0000000000","3.0000000000","","2.0000000000","6.0000000000","1.0000000000","18.0000000000","4.0000000000","","176.7291435937","4.0000000000","","","7972.0000000000"
"2025-08-01T00:00:00Z","166205954","Adelaide Crows v Hawthorn","2796f658-43aa-46b6-bbed-0b2d5793cda8","Round 21 v Adelaide","2794f857-7792-4f4b-b5fc-204ce195a191","16069a96-e72e-46a5-ab87-22610403857f","Quarter 2","21","Round 21","The Adelaide Oval","6","Adelaide Oval","Josh Ward","25","Hybrid","2543.76514","285.34999","6","247.22357","7.82587","73.7077536452981400","100.33677","130","36","0","827.06995","2070.6900000572205","10.0000000000","7.0000000000","3.0000000000","","2.0000000000","6.0000000000","1.0000000000","18.0000000000","4.0000000000","","176.7291435937","4.0000000000","","","7972.0000000000"
"2025-08-01T00:00:00Z","166205954","Adelaide Crows v Hawthorn","2796f658-43aa-46b6-bbed-0b2d5793cda8","Round 21 v Adelaide","2794f857-7792-4f4b-b5fc-204ce195a191","92de7aef-2a48-4694-ac81-9e2a16b743f2","Quarter 1","21","Round 21","The Adelaide Oval","6","Adelaide Oval","Josh Ward","25","Hybrid","3894.93774","406.36999999999995","11","368.01227","7.64303","124.1177062465762200","85.58273","98","47","0","1476.95996","1882.8600001335144","10.0000000000","7.0000000000","3.0000000000","","2.0000000000","6.0000000000","1.0000000000","18.0000000000","4.0000000000","","176.7291435937","4.0000000000","","","7972.0000000000"
"2025-08-01T00:00:00Z","166205954","Adelaide Crows v Hawthorn","2796f658-43aa-46b6-bbed-0b2d5793cda8","Round 21 v Adelaide","2794f857-7792-4f4b-b5fc-204ce195a191","5d6188d9-ad25-4e32-aed9-f88006f3aa16","Quarter 4","21","Round 21","The Adelaide Oval","6","Adelaide Oval","Josh Ward","25","Hybrid","2964.35522","438.25","10","263.89645","7.78036","86.2968759477215220","97.00799","128","29","0","959.33002","2061.039999961853","10.0000000000","7.0000000000","3.0000000000","","2.0000000000","6.0000000000","1.0000000000","18.0000000000","4.0000000000","","176.7291435937","4.0000000000","","","7972.0000000000"
"2025-08-01T00:00:00Z","166205954","Adelaide Crows v Hawthorn","2796f658-43aa-46b6-bbed-0b2d5793cda8","Round 21 v Adelaide","28405012-6960-46d6-9664-4d4f08217ee7","92de7aef-2a48-4694-ac81-9e2a16b743f2","Quarter 1","21","Round 21","The Adelaide Oval","6","Adelaide Oval","Harry Morrison","01","Back","3435.677","410.28","8","327.97849","8.12527","109.4827124615651100","127.32323","170","40","0","1299.80005","1882.8600001335144","4.0000000000","3.0000000000","1.0000000000","2.0000000000","","","","3.0000000000","","1.0000000000","110.3771601665","","","","7972.0000000000"
"2025-08-01T00:00:00Z","166205954","Adelaide Crows v Hawthorn","2796f658-43aa-46b6-bbed-0b2d5793cda8","Round 21 v Adelaide","28405012-6960-46d6-9664-4d4f08217ee7","16069a96-e72e-46a5-ab87-22610403857f","Quarter 2","21","Round 21","The Adelaide Oval","6","Adelaide Oval","Harry Morrison","01","Back","4537.47705","434.69999","11","428.73511","7.47355","131.4772481600224080","152.3345","182","51","0","1647.17004","2070.6900000572205","4.0000000000","3.0000000000","1.0000000000","2.0000000000","","","","3.0000000000","","1.0000000000","110.3771601665","","","","7972.0000000000"
"2025-08-01T00:00:00Z","166205954","Adelaide Crows v Hawthorn","2796f658-43aa-46b6-bbed-0b2d5793cda8","Round 21 v Adelaide","28405012-6960-46d6-9664-4d4f08217ee7","5d6188d9-ad25-4e32-aed9-f88006f3aa16","Quarter 4","21","Round 21","The Adelaide Oval","6","Adelaide Oval","Harry Morrison","01","Back","3999.9375","450.78999999999996","11","374.7381","7.60108","116.4442465961077920","165.90587","183","43","0","1438.59998","2061.039999961853","4.0000000000","3.0000000000","1.0000000000","2.0000000000","","","","3.0000000000","","1.0000000000","110.3771601665","","","","7972.0000000000"
"2025-08-01T00:00:00Z","166205954","Adelaide Crows v Hawthorn","2796f658-43aa-46b6-bbed-0b2d5793cda8","Round 21 v Adelaide","28405012-6960-46d6-9664-4d4f08217ee7","4fb2cdf3-0393-43be-86f1-a23e5bc1dfd8","Quarter 3","21","Round 21","The Adelaide Oval","6","Adelaide Oval","Harry Morrison","01","Back","3717.98779","460.01001","15","357.7782","7.41206","114.8253614039817540","164.59077","181","40","0","1361.22998","1942.770000219345","4.0000000000","3.0000000000","1.0000000000","2.0000000000","","","","3.0000000000","","1.0000000000","110.3771601665","","","","7972.0000000000"
"2025-08-01T00:00:00Z","166205954","Adelaide Crows v Hawthorn","2796f658-43aa-46b6-bbed-0b2d5793cda8","Round 21 v Adelaide","8abef924-5203-4e6c-967d-b809d768e3b4","92de7aef-2a48-4694-ac81-9e2a16b743f2","Quarter 1","21","Round 21","The Adelaide Oval","6","Adelaide Oval","Calsher Dear","13","Hybrid","3454.88623","338.80001","9","317.50311","8.08907","110.0948417754377640","0","0","47","0","1199.59998","1882.8600001335144","15.0000000000","3.0000000000","12.0000000000","1.0000000000","5.0000000000","1.0000000000","","17.0000000000","1.0000000000","","103.7029582312","2.0000000000","1.0000000000","","7972.0000000000"
"2025-08-01T00:00:00Z","166205954","Adelaide Crows v Hawthorn","2796f658-43aa-46b6-bbed-0b2d5793cda8","Round 21 v Adelaide","8abef924-5203-4e6c-967d-b809d768e3b4","4fb2cdf3-0393-43be-86f1-a23e5bc1dfd8","Quarter 3","21","Round 21","The Adelaide Oval","6","Adelaide Oval","Calsher Dear","13","Hybrid","1366.31689","135.16","5","120.24445","6.94618","42.19697308005801249720","0","0","14","0","449.38","1942.770000219345","15.0000000000","3.0000000000","12.0000000000","1.0000000000","5.0000000000","1.0000000000","","17.0000000000","1.0000000000","","103.7029582312","2.0000000000","1.0000000000","","7972.0000000000"
"2025-08-01T00:00:00Z","166205954","Adelaide Crows v Hawthorn","2796f658-43aa-46b6-bbed-0b2d5793cda8","Round 21 v Adelaide","8abef924-5203-4e6c-967d-b809d768e3b4","16069a96-e72e-46a5-ab87-22610403857f","Quarter 2","21","Round 21","The Adelaide Oval","6","Adelaide Oval","Calsher Dear","13","Hybrid","2790.49048","229.82999000000004","7","241.75072","8.40542","80.8568297501670120","0","0","22","0","990.58997","2070.6900000572205","15.0000000000","3.0000000000","12.0000000000","1.0000000000","5.0000000000","1.0000000000","","17.0000000000","1.0000000000","","103.7029582312","2.0000000000","1.0000000000","","7972.0000000000"
"2025-08-01T00:00:00Z","166205954","Adelaide Crows v Hawthorn","2796f658-43aa-46b6-bbed-0b2d5793cda8","Round 21 v Adelaide","ee799c04-c79f-41c9-bd53-176bb21a7077","5d6188d9-ad25-4e32-aed9-f88006f3aa16","Quarter 4","21","Round 21","The Adelaide Oval","6","Adelaide Oval","Conor Nash","11","Back","2794.43896","378.21999999999997","10","238.16817","7.87212","81.3503559383142840","37.00918","114","29","0","913.96002","2061.039999961853","17.0000000000","7.0000000000","10.0000000000","1.0000000000","5.0000000000","2.0000000000","1.0000000000","17.0000000000","3.0000000000","1.0000000000","323.2738663318","3.0000000000","1.0000000000","","7972.0000000000"
"2025-08-01T00:00:00Z","166205954","Adelaide Crows v Hawthorn","2796f658-43aa-46b6-bbed-0b2d5793cda8","Round 21 v Adelaide","ee799c04-c79f-41c9-bd53-176bb21a7077","4fb2cdf3-0393-43be-86f1-a23e5bc1dfd8","Quarter 3","21","Round 21","The Adelaide Oval","6","Adelaide Oval","Conor Nash","11","Back","3803.36768","406.25","12","318.10046","7.28403","117.4622115712283220","34.23737","106","48","0","1336.13","1942.770000219345","17.0000000000","7.0000000000","10.0000000000","1.0000000000","5.0000000000","2.0000000000","1.0000000000","17.0000000000","3.0000000000","1.0000000000","323.2738663318","3.0000000000","1.0000000000","","7972.0000000000"
"2025-08-01T00:00:00Z","166205954","Adelaide Crows v Hawthorn","2796f658-43aa-46b6-bbed-0b2d5793cda8","Round 21 v Adelaide","ee799c04-c79f-41c9-bd53-176bb21a7077","16069a96-e72e-46a5-ab87-22610403857f","Quarter 2","21","Round 21","The Adelaide Oval","6","Adelaide Oval","Conor Nash","11","Back","3961.87793","317.88","7","344.98035","7.68758","114.7987751877061080","44.90644","152","51","0","1443.47998","2070.6900000572205","17.0000000000","7.0000000000","10.0000000000","1.0000000000","5.0000000000","2.0000000000","1.0000000000","17.0000000000","3.0000000000","1.0000000000","323.2738663318","3.0000000000","1.0000000000","","7972.0000000000"
"2025-08-01T00:00:00Z","166205954","Adelaide Crows v Hawthorn","2796f658-43aa-46b6-bbed-0b2d5793cda8","Round 21 v Adelaide","ee799c04-c79f-41c9-bd53-176bb21a7077","92de7aef-2a48-4694-ac81-9e2a16b743f2","Quarter 1","21","Round 21","The Adelaide Oval","6","Adelaide Oval","Conor Nash","11","Back","3793.70557","225.07","4","329.23181","6.94888","120.8917998066022980","41.46921","127","55","0","1357.05005","1882.8600001335144","17.0000000000","7.0000000000","10.0000000000","1.0000000000","5.0000000000","2.0000000000","1.0000000000","17.0000000000","3.0000000000","1.0000000000","323.2738663318","3.0000000000","1.0000000000","","7972.0000000000"
"2025-08-01T00:00:00Z","166205954","Adelaide Crows v Hawthorn","2796f658-43aa-46b6-bbed-0b2d5793cda8","Round 21 v Adelaide","7381a6b2-b11c-4f42-85df-1b3b97b11693","5d6188d9-ad25-4e32-aed9-f88006f3aa16","Quarter 4","21","Round 21","The Adelaide Oval","6","Adelaide Oval","Connor Macdonald","09","Hybrid","1915.85254","336.54999","7","179.44952","7.28377","55.77337286133582407640","49.36463","131","17","0","523.71002","2061.039999961853","7.0000000000","5.0000000000","2.0000000000","3.0000000000","1.0000000000","","2.0000000000","8.0000000000","","4.0000000000","95.8692931271","1.0000000000","","","7972.0000000000"
"2025-08-01T00:00:00Z","166205954","Adelaide Crows v Hawthorn","2796f658-43aa-46b6-bbed-0b2d5793cda8","Round 21 v Adelaide","7381a6b2-b11c-4f42-85df-1b3b97b11693","4fb2cdf3-0393-43be-86f1-a23e5bc1dfd8","Quarter 3","21","Round 21","The Adelaide Oval","6","Adelaide Oval","Connor Macdonald","09","Hybrid","3556.06665","676.74998","16","364.83527","8.29685","109.8246313129760700","78.50529","168","45","0","1027.3999","1942.770000219345","7.0000000000","5.0000000000","2.0000000000","3.0000000000","1.0000000000","","2.0000000000","8.0000000000","","4.0000000000","95.8692931271","1.0000000000","","","7972.0000000000"
"2025-08-01T00:00:00Z","166205954","Adelaide Crows v Hawthorn","2796f658-43aa-46b6-bbed-0b2d5793cda8","Round 21 v Adelaide","7381a6b2-b11c-4f42-85df-1b3b97b11693","16069a96-e72e-46a5-ab87-22610403857f","Quarter 2","21","Round 21","The Adelaide Oval","6","Adelaide Oval","Connor Macdonald","09","Hybrid","3851.2085","425.19001000000003","9","378.08209","7.81763","111.5920345361278860","77.95415","79","46","0","1192.02002","2070.6900000572205","7.0000000000","5.0000000000","2.0000000000","3.0000000000","1.0000000000","","2.0000000000","8.0000000000","","4.0000000000","95.8692931271","1.0000000000","","","7972.0000000000"
"2025-08-01T00:00:00Z","166205954","Adelaide Crows v Hawthorn","2796f658-43aa-46b6-bbed-0b2d5793cda8","Round 21 v Adelaide","7381a6b2-b11c-4f42-85df-1b3b97b11693","92de7aef-2a48-4694-ac81-9e2a16b743f2","Quarter 1","21","Round 21","The Adelaide Oval","6","Adelaide Oval","Connor Macdonald","09","Hybrid","3083.95996","386.41998","11","331.53018","7.8397","98.2747509569903820","69.09291","111","40","0","1124.18994","1882.8600001335144","7.0000000000","5.0000000000","2.0000000000","3.0000000000","1.0000000000","","2.0000000000","8.0000000000","","4.0000000000","95.8692931271","1.0000000000","","","7972.0000000000"
"2025-08-01T00:00:00Z","166205954","Adelaide Crows v Hawthorn","2796f658-43aa-46b6-bbed-0b2d5793cda8","Round 21 v Adelaide","09911943-d336-480e-bc5a-6f526913bbfb","92de7aef-2a48-4694-ac81-9e2a16b743f2","Quarter 1","21","Round 21","The Adelaide Oval","6","Adelaide Oval","Will Day","12","Hybrid","3519.51221","365.24","9","361.18726","8.22699","112.1542401373579500","125.56265","156","46","0","1229.96997","1882.8600001335144","19.0000000000","6.0000000000","13.0000000000","1.0000000000","9.0000000000","7.0000000000","3.0000000000","20.0000000000","2.0000000000","3.0000000000","119.9196320894","1.0000000000","1.0000000000","","7972.0000000000"
"2025-08-01T00:00:00Z","166205954","Adelaide Crows v Hawthorn","2796f658-43aa-46b6-bbed-0b2d5793cda8","Round 21 v Adelaide","09911943-d336-480e-bc5a-6f526913bbfb","4fb2cdf3-0393-43be-86f1-a23e5bc1dfd8","Quarter 3","21","Round 21","The Adelaide Oval","6","Adelaide Oval","Will Day","12","Hybrid","2748.72632","151.44","3","289.58978","7.38964","84.8909439518726340","103","103","46","0","946.35999","1942.770000219345","19.0000000000","6.0000000000","13.0000000000","1.0000000000","9.0000000000","7.0000000000","3.0000000000","20.0000000000","2.0000000000","3.0000000000","119.9196320894","1.0000000000","1.0000000000","","7972.0000000000"
"2025-08-01T00:00:00Z","166205954","Adelaide Crows v Hawthorn","2796f658-43aa-46b6-bbed-0b2d5793cda8","Round 21 v Adelaide","09911943-d336-480e-bc5a-6f526913bbfb","16069a96-e72e-46a5-ab87-22610403857f","Quarter 2","21","Round 21","The Adelaide Oval","6","Adelaide Oval","Will Day","12","Hybrid","3357.48486","164.04","4","352.02737","7.63296","97.2859730787482640","104.61798","108","53","0","1164.41003","2070.6900000572205","19.0000000000","6.0000000000","13.0000000000","1.0000000000","9.0000000000","7.0000000000","3.0000000000","20.0000000000","2.0000000000","3.0000000000","119.9196320894","1.0000000000","1.0000000000","","7972.0000000000"
"2025-08-01T00:00:00Z","166205954","Adelaide Crows v Hawthorn","2796f658-43aa-46b6-bbed-0b2d5793cda8","Round 21 v Adelaide","09911943-d336-480e-bc5a-6f526913bbfb","5d6188d9-ad25-4e32-aed9-f88006f3aa16","Quarter 4","21","Round 21","The Adelaide Oval","6","Adelaide Oval","Will Day","12","Hybrid","1779.48096","12.33","0","201.36002","6.17472","51.80338935778837086780","105.42565","110","19","0","715.39001","2061.039999961853","19.0000000000","6.0000000000","13.0000000000","1.0000000000","9.0000000000","7.0000000000","3.0000000000","20.0000000000","2.0000000000","3.0000000000","119.9196320894","1.0000000000","1.0000000000","","7972.0000000000"
"2025-08-01T00:00:00Z","166205954","Adelaide Crows v Hawthorn","2796f658-43aa-46b6-bbed-0b2d5793cda8","Round 21 v Adelaide","d906015c-707c-4176-b45b-c0b21e435310","5d6188d9-ad25-4e32-aed9-f88006f3aa16","Quarter 4","21","Round 21","The Adelaide Oval","6","Adelaide Oval","Josh Battle","24","Hybrid","4083.07202","360.28999999999996","14","396.65869","7.98324","118.8644185481768040","67.15357","142","52","0","1367.02002","2061.039999961853","20.0000000000","18.0000000000","2.0000000000","5.0000000000","3.0000000000","","3.0000000000","7.0000000000","","9.0000000000","515.5015981037","6.0000000000","","","7972.0000000000"
"2025-08-01T00:00:00Z","166205954","Adelaide Crows v Hawthorn","2796f658-43aa-46b6-bbed-0b2d5793cda8","Round 21 v Adelaide","d906015c-707c-4176-b45b-c0b21e435310","4fb2cdf3-0393-43be-86f1-a23e5bc1dfd8","Quarter 3","21","Round 21","The Adelaide Oval","6","Adelaide Oval","Josh Battle","24","Hybrid","4216.83496","613.49","17","382.82538","7.36851","130.2316267862044140","57.53424","114","41","0","1312.56006","1942.770000219345","20.0000000000","18.0000000000","2.0000000000","5.0000000000","3.0000000000","","3.0000000000","7.0000000000","","9.0000000000","515.5015981037","6.0000000000","","","7972.0000000000"
"2025-08-01T00:00:00Z","166205954","Adelaide Crows v Hawthorn","2796f658-43aa-46b6-bbed-0b2d5793cda8","Round 21 v Adelaide","d906015c-707c-4176-b45b-c0b21e435310","16069a96-e72e-46a5-ab87-22610403857f","Quarter 2","21","Round 21","The Adelaide Oval","6","Adelaide Oval","Josh Battle","24","Hybrid","3379.552","398.98999","13","319.47443","8.16122","97.9253871870712980","71.83135","125","48","0","951.53998","2070.6900000572205","20.0000000000","18.0000000000","2.0000000000","5.0000000000","3.0000000000","","3.0000000000","7.0000000000","","9.0000000000","515.5015981037","6.0000000000","","","7972.0000000000"
"2025-08-01T00:00:00Z","166205954","Adelaide Crows v Hawthorn","2796f658-43aa-46b6-bbed-0b2d5793cda8","Round 21 v Adelaide","d906015c-707c-4176-b45b-c0b21e435310","92de7aef-2a48-4694-ac81-9e2a16b743f2","Quarter 1","21","Round 21","The Adelaide Oval","6","Adelaide Oval","Josh Battle","24","Hybrid","4202.55908","402","9","412.17468","8.50482","133.9204958319363540","91.59366","191","60","0","1357.12","1882.8600001335144","20.0000000000","18.0000000000","2.0000000000","5.0000000000","3.0000000000","","3.0000000000","7.0000000000","","9.0000000000","515.5015981037","6.0000000000","","","7972.0000000000"
"2025-08-01T00:00:00Z","166205954","Adelaide Crows v Hawthorn","2796f658-43aa-46b6-bbed-0b2d5793cda8","Round 21 v Adelaide","a5e3bb3d-7e57-4dff-9d50-d405f3e1a584","5d6188d9-ad25-4e32-aed9-f88006f3aa16","Quarter 4","21","Round 21","The Adelaide Oval","6","Adelaide Oval","Jai Newcombe","03","Hybrid","3753.48926","157.71","4","405.52197","6.69834","109.2697645868922060","52.50677","103","43","0","1563.61011","2061.039999961853","13.0000000000","9.0000000000","4.0000000000","1.0000000000","9.0000000000","2.0000000000","","29.0000000000","3.0000000000","1.0000000000","289.3896602052","2.0000000000","","","7972.0000000000"
"2025-08-01T00:00:00Z","166205954","Adelaide Crows v Hawthorn","2796f658-43aa-46b6-bbed-0b2d5793cda8","Round 21 v Adelaide","a5e3bb3d-7e57-4dff-9d50-d405f3e1a584","4fb2cdf3-0393-43be-86f1-a23e5bc1dfd8","Quarter 3","21","Round 21","The Adelaide Oval","6","Adelaide Oval","Jai Newcombe","03","Hybrid","3315.81519","283.44998000000004","6","341.59628","7.6713","102.4047681287738760","98.32885","132","38","0","1098.15002","1942.770000219345","13.0000000000","9.0000000000","4.0000000000","1.0000000000","9.0000000000","2.0000000000","","29.0000000000","3.0000000000","1.0000000000","289.3896602052","2.0000000000","","","7972.0000000000"
"2025-08-01T00:00:00Z","166205954","Adelaide Crows v Hawthorn","2796f658-43aa-46b6-bbed-0b2d5793cda8","Round 21 v Adelaide","a5e3bb3d-7e57-4dff-9d50-d405f3e1a584","16069a96-e72e-46a5-ab87-22610403857f","Quarter 2","21","Round 21","The Adelaide Oval","6","Adelaide Oval","Jai Newcombe","03","Hybrid","3641.03345","184.7","5","401.70178","7.12505","105.5020341016584420","79.40746","158","57","0","1157.64001","2070.6900000572205","13.0000000000","9.0000000000","4.0000000000","1.0000000000","9.0000000000","2.0000000000","","29.0000000000","3.0000000000","1.0000000000","289.3896602052","2.0000000000","","","7972.0000000000"
"2025-08-01T00:00:00Z","166205954","Adelaide Crows v Hawthorn","2796f658-43aa-46b6-bbed-0b2d5793cda8","Round 21 v Adelaide","a5e3bb3d-7e57-4dff-9d50-d405f3e1a584","92de7aef-2a48-4694-ac81-9e2a16b743f2","Quarter 1","21","Round 21","The Adelaide Oval","6","Adelaide Oval","Jai Newcombe","03","Hybrid","3899.30444","213.21","4","427.93555","7.05991","124.2568573252445340","73.5203","115","52","0","1461.37012","1882.8600001335144","13.0000000000","9.0000000000","4.0000000000","1.0000000000","9.0000000000","2.0000000000","","29.0000000000","3.0000000000","1.0000000000","289.3896602052","2.0000000000","","","7972.0000000000"
"2025-08-01T00:00:00Z","166205954","Adelaide Crows v Hawthorn","2796f658-43aa-46b6-bbed-0b2d5793cda8","Round 21 v Adelaide","020880cf-4cc3-45b8-ade5-ced73183435f","5d6188d9-ad25-4e32-aed9-f88006f3aa16","Quarter 4","21","Round 21","The Adelaide Oval","6","Adelaide Oval","Jack Ginnivan","33","Hybrid","4258.79834","386.53","13","426.75494","7.40117","123.9800782152357420","114.35746","115","63","0","1238.42004","2061.039999961853","20.0000000000","11.0000000000","9.0000000000","3.0000000000","1.0000000000","1.0000000000","3.0000000000","20.0000000000","4.0000000000","","315.3719960684","1.0000000000","2.0000000000","1.0000000000","7972.0000000000"
"2025-08-01T00:00:00Z","166205954","Adelaide Crows v Hawthorn","2796f658-43aa-46b6-bbed-0b2d5793cda8","Round 21 v Adelaide","020880cf-4cc3-45b8-ade5-ced73183435f","4fb2cdf3-0393-43be-86f1-a23e5bc1dfd8","Quarter 3","21","Round 21","The Adelaide Oval","6","Adelaide Oval","Jack Ginnivan","33","Hybrid","3671.77148","477.35999","14","366.43573","7.23369","113.3980289870271360","116.67085","119","44","0","1112.80005","1942.770000219345","20.0000000000","11.0000000000","9.0000000000","3.0000000000","1.0000000000","1.0000000000","3.0000000000","20.0000000000","4.0000000000","","315.3719960684","1.0000000000","2.0000000000","1.0000000000","7972.0000000000"
"2025-08-01T00:00:00Z","166205954","Adelaide Crows v Hawthorn","2796f658-43aa-46b6-bbed-0b2d5793cda8","Round 21 v Adelaide","020880cf-4cc3-45b8-ade5-ced73183435f","16069a96-e72e-46a5-ab87-22610403857f","Quarter 2","21","Round 21","The Adelaide Oval","6","Adelaide Oval","Jack Ginnivan","33","Hybrid","2352.02466","166.72001","6","223.1463","6.72632","68.1519105206961540","118.79566","119","34","0","805.66998","2070.6900000572205","20.0000000000","11.0000000000","9.0000000000","3.0000000000","1.0000000000","1.0000000000","3.0000000000","20.0000000000","4.0000000000","","315.3719960684","1.0000000000","2.0000000000","1.0000000000","7972.0000000000"
"2025-08-01T00:00:00Z","166205954","Adelaide Crows v Hawthorn","2796f658-43aa-46b6-bbed-0b2d5793cda8","Round 21 v Adelaide","020880cf-4cc3-45b8-ade5-ced73183435f","92de7aef-2a48-4694-ac81-9e2a16b743f2","Quarter 1","21","Round 21","The Adelaide Oval","6","Adelaide Oval","Jack Ginnivan","33","Hybrid","3681.3125","544.88","14","363.53632","7.90098","117.3102354844956060","124.55231","134","48","0","1167.73999","1882.8600001335144","20.0000000000","11.0000000000","9.0000000000","3.0000000000","1.0000000000","1.0000000000","3.0000000000","20.0000000000","4.0000000000","","315.3719960684","1.0000000000","2.0000000000","1.0000000000","7972.0000000000"
"2025-08-01T00:00:00Z","166205954","Adelaide Crows v Hawthorn","2796f658-43aa-46b6-bbed-0b2d5793cda8","Round 21 v Adelaide","0325dfcd-afd9-4feb-9006-dd13f41ca9e6","5d6188d9-ad25-4e32-aed9-f88006f3aa16","Quarter 4","21","Round 21","The Adelaide Oval","6","Adelaide Oval","Jack Gunston","19","Forward","3751.16528","147.62","7","360.11893","6.75936","109.2021100047382560","91.73579","132","38","0","1373.07996","2061.039999961853","9.0000000000","4.0000000000","5.0000000000","2.0000000000","","","","9.0000000000","2.0000000000","","108.7351971527","1.0000000000","","1.0000000000","7972.0000000000"
"2025-08-01T00:00:00Z","166205954","Adelaide Crows v Hawthorn","2796f658-43aa-46b6-bbed-0b2d5793cda8","Round 21 v Adelaide","0325dfcd-afd9-4feb-9006-dd13f41ca9e6","4fb2cdf3-0393-43be-86f1-a23e5bc1dfd8","Quarter 3","21","Round 21","The Adelaide Oval","6","Adelaide Oval","Jack Gunston","19","Forward","2637.96948","146.04000000000002","4","269.4617","7.82086","81.4703587054205520","89.24342","135","39","0","938.33002","1942.770000219345","9.0000000000","4.0000000000","5.0000000000","2.0000000000","","","","9.0000000000","2.0000000000","","108.7351971527","1.0000000000","","1.0000000000","7972.0000000000"
"2025-08-01T00:00:00Z","166205954","Adelaide Crows v Hawthorn","2796f658-43aa-46b6-bbed-0b2d5793cda8","Round 21 v Adelaide","0325dfcd-afd9-4feb-9006-dd13f41ca9e6","16069a96-e72e-46a5-ab87-22610403857f","Quarter 2","21","Round 21","The Adelaide Oval","6","Adelaide Oval","Jack Gunston","19","Forward","3903.48438","222.4","5","364.16226","7.53354","113.1067725219747900","64.69183","134","31","0","1390.66003","2070.6900000572205","9.0000000000","4.0000000000","5.0000000000","2.0000000000","","","","9.0000000000","2.0000000000","","108.7351971527","1.0000000000","","1.0000000000","7972.0000000000"
"2025-08-01T00:00:00Z","166205954","Adelaide Crows v Hawthorn","2796f658-43aa-46b6-bbed-0b2d5793cda8","Round 21 v Adelaide","0325dfcd-afd9-4feb-9006-dd13f41ca9e6","92de7aef-2a48-4694-ac81-9e2a16b743f2","Quarter 1","21","Round 21","The Adelaide Oval","6","Adelaide Oval","Jack Gunston","19","Forward","2872.87939","305","7","285.46289","7.8377","91.5483697076665140","53.61009","129","38","0","1035.91003","1882.8600001335144","9.0000000000","4.0000000000","5.0000000000","2.0000000000","","","","9.0000000000","2.0000000000","","108.7351971527","1.0000000000","","1.0000000000","7972.0000000000"
"2025-08-01T00:00:00Z","166205954","Adelaide Crows v Hawthorn","2796f658-43aa-46b6-bbed-0b2d5793cda8","Round 21 v Adelaide","131ea882-7562-4a3d-a0e0-ddd0ca763ee2","5d6188d9-ad25-4e32-aed9-f88006f3aa16","Quarter 4","21","Round 21","The Adelaide Oval","6","Adelaide Oval","Jack Scrimshaw","14","Hybrid","2996.49756","212.20000000000002","5","260.20074","7.75366","87.2325882095095980","92","92","37","0","1119.18994","2061.039999961853","15.0000000000","12.0000000000","3.0000000000","1.0000000000","2.0000000000","4.0000000000","","18.0000000000","5.0000000000","2.0000000000","306.3757584778","4.0000000000","1.0000000000","","7972.0000000000"
"2025-08-01T00:00:00Z","166205954","Adelaide Crows v Hawthorn","2796f658-43aa-46b6-bbed-0b2d5793cda8","Round 21 v Adelaide","131ea882-7562-4a3d-a0e0-ddd0ca763ee2","4fb2cdf3-0393-43be-86f1-a23e5bc1dfd8","Quarter 3","21","Round 21","The Adelaide Oval","6","Adelaide Oval","Jack Scrimshaw","14","Hybrid","2819.28271","209.16","6","253.49849","7.17251","87.0699890264424660","90.02041","98","30","0","1124.84998","1942.770000219345","15.0000000000","12.0000000000","3.0000000000","1.0000000000","2.0000000000","4.0000000000","","18.0000000000","5.0000000000","2.0000000000","306.3757584778","4.0000000000","1.0000000000","","7972.0000000000"
"2025-08-01T00:00:00Z","166205954","Adelaide Crows v Hawthorn","2796f658-43aa-46b6-bbed-0b2d5793cda8","Round 21 v Adelaide","131ea882-7562-4a3d-a0e0-ddd0ca763ee2","16069a96-e72e-46a5-ab87-22610403857f","Quarter 2","21","Round 21","The Adelaide Oval","6","Adelaide Oval","Jack Scrimshaw","14","Hybrid","3018.44092","288.36","4","273.94281","6.82839","87.4618871946043980","78","78","46","0","907.60999","2070.6900000572205","15.0000000000","12.0000000000","3.0000000000","1.0000000000","2.0000000000","4.0000000000","","18.0000000000","5.0000000000","2.0000000000","306.3757584778","4.0000000000","1.0000000000","","7972.0000000000"
"2025-08-01T00:00:00Z","166205954","Adelaide Crows v Hawthorn","2796f658-43aa-46b6-bbed-0b2d5793cda8","Round 21 v Adelaide","131ea882-7562-4a3d-a0e0-ddd0ca763ee2","92de7aef-2a48-4694-ac81-9e2a16b743f2","Quarter 1","21","Round 21","The Adelaide Oval","6","Adelaide Oval","Jack Scrimshaw","14","Hybrid","3408.80615","317.28","10","298.7298","7.52321","108.6264347776769400","78","78","38","0","1302.42004","1882.8600001335144","15.0000000000","12.0000000000","3.0000000000","1.0000000000","2.0000000000","4.0000000000","","18.0000000000","5.0000000000","2.0000000000","306.3757584778","4.0000000000","1.0000000000","","7972.0000000000"
"2025-08-01T00:00:00Z","166205954","Adelaide Crows v Hawthorn","2796f658-43aa-46b6-bbed-0b2d5793cda8","Round 21 v Adelaide","2794f857-7792-4f4b-b5fc-204ce195a191","5d6188d9-ad25-4e32-aed9-f88006f3aa16","Quarter 4","21","Round 21","The Adelaide Oval","6","Adelaide Oval","Josh Ward","25","Hybrid","2964.35522","438.25","10","263.89645","7.78036","86.2968759477215220","97.00799","128","29","0","959.33002","2061.039999961853","15.0000000000","10.0000000000","5.0000000000","2.0000000000","2.0000000000","2.0000000000","","9.0000000000","6.0000000000","1.0000000000","430.5418388989","5.0000000000","","","7972.0000000000"
"2025-08-01T00:00:00Z","166205954","Adelaide Crows v Hawthorn","2796f658-43aa-46b6-bbed-0b2d5793cda8","Round 21 v Adelaide","2794f857-7792-4f4b-b5fc-204ce195a191","4fb2cdf3-0393-43be-86f1-a23e5bc1dfd8","Quarter 3","21","Round 21","The Adelaide Oval","6","Adelaide Oval","Josh Ward","25","Hybrid","3948.04492","649.51999","12","376.62289","7.92709","121.9303855697046900","115.99501","162","53","0","1384.29004","1942.770000219345","15.0000000000","10.0000000000","5.0000000000","2.0000000000","2.0000000000","2.0000000000","","9.0000000000","6.0000000000","1.0000000000","430.5418388989","5.0000000000","","","7972.0000000000"
"2025-08-01T00:00:00Z","166205954","Adelaide Crows v Hawthorn","2796f658-43aa-46b6-bbed-0b2d5793cda8","Round 21 v Adelaide","2794f857-7792-4f4b-b5fc-204ce195a191","16069a96-e72e-46a5-ab87-22610403857f","Quarter 2","21","Round 21","The Adelaide Oval","6","Adelaide Oval","Josh Ward","25","Hybrid","2543.76514","285.34999","6","247.22357","7.82587","73.7077536452981400","100.33677","130","36","0","827.06995","2070.6900000572205","15.0000000000","10.0000000000","5.0000000000","2.0000000000","2.0000000000","2.0000000000","","9.0000000000","6.0000000000","1.0000000000","430.5418388989","5.0000000000","","","7972.0000000000"
"2025-08-01T00:00:00Z","166205954","Adelaide Crows v Hawthorn","2796f658-43aa-46b6-bbed-0b2d5793cda8","Round 21 v Adelaide","2794f857-7792-4f4b-b5fc-204ce195a191","92de7aef-2a48-4694-ac81-9e2a16b743f2","Quarter 1","21","Round 21","The Adelaide Oval","6","Adelaide Oval","Josh Ward","25","Hybrid","3894.93774","406.36999999999995","11","368.01227","7.64303","124.1177062465762200","85.58273","98","47","0","1476.95996","1882.8600001335144","15.0000000000","10.0000000000","5.0000000000","2.0000000000","2.0000000000","2.0000000000","","9.0000000000","6.0000000000","1.0000000000","430.5418388989","5.0000000000","","","7972.0000000000"
"2025-08-01T00:00:00Z","166205954","Adelaide Crows v Hawthorn","2796f658-43aa-46b6-bbed-0b2d5793cda8","Round 21 v Adelaide","2ca83ae0-85a1-479e-bef1-d06af29b9200","5d6188d9-ad25-4e32-aed9-f88006f3aa16","Quarter 4","21","Round 21","The Adelaide Oval","6","Adelaide Oval","Blake Hardwick","15","Back","3600.48999","352.63","10","337.38739","8.41347","104.8157238112789680","85.08092","171","38","0","1278.43994","2061.039999961853","1.0000000000","","1.0000000000","","","","","4.0000000000","","","4.7324589135","","","","7972.0000000000"
"2025-08-01T00:00:00Z","166205954","Adelaide Crows v Hawthorn","2796f658-43aa-46b6-bbed-0b2d5793cda8","Round 21 v Adelaide","2ca83ae0-85a1-479e-bef1-d06af29b9200","4fb2cdf3-0393-43be-86f1-a23e5bc1dfd8","Quarter 3","21","Round 21","The Adelaide Oval","6","Adelaide Oval","Blake Hardwick","15","Back","3910.3667","361.51999","10","354.37833","7.50878","120.7667412887322840","75.3734","85","41","0","1273.75","1942.770000219345","1.0000000000","","1.0000000000","","","","","4.0000000000","","","4.7324589135","","","","7972.0000000000"
"2025-08-01T00:00:00Z","166205954","Adelaide Crows v Hawthorn","2796f658-43aa-46b6-bbed-0b2d5793cda8","Round 21 v Adelaide","2ca83ae0-85a1-479e-bef1-d06af29b9200","16069a96-e72e-46a5-ab87-22610403857f","Quarter 2","21","Round 21","The Adelaide Oval","6","Adelaide Oval","Blake Hardwick","15","Back","4035.99414","376.57000999999997","11","392.75589","8.40516","116.9463552696484140","67.34412","71","59","0","1252.46997","2070.6900000572205","1.0000000000","","1.0000000000","","","","","4.0000000000","","","4.7324589135","","","","7972.0000000000"
"2025-08-01T00:00:00Z","166205954","Adelaide Crows v Hawthorn","2796f658-43aa-46b6-bbed-0b2d5793cda8","Round 21 v Adelaide","2ca83ae0-85a1-479e-bef1-d06af29b9200","92de7aef-2a48-4694-ac81-9e2a16b743f2","Quarter 1","21","Round 21","The Adelaide Oval","6","Adelaide Oval","Blake Hardwick","15","Back","3248.24609","279.64","8","310.9498","7.23037","103.5099611156325660","0","0","44","0","1175.16003","1882.8600001335144","1.0000000000","","1.0000000000","","","","","4.0000000000","","","4.7324589135","","","","7972.0000000000"
"2025-08-01T00:00:00Z","166205954","Adelaide Crows v Hawthorn","2796f658-43aa-46b6-bbed-0b2d5793cda8","Round 21 v Adelaide","a5e3bb3d-7e57-4dff-9d50-d405f3e1a584","92de7aef-2a48-4694-ac81-9e2a16b743f2","Quarter 1","21","Round 21","The Adelaide Oval","6","Adelaide Oval","Jai Newcombe","03","Hybrid","3899.30444","213.21","4","427.93555","7.05991","124.2568573252445340","73.5203","115","52","0","1461.37012","1882.8600001335144","19.0000000000","7.0000000000","12.0000000000","3.0000000000","6.0000000000","9.0000000000","","18.0000000000","4.0000000000","","207.3495571840","2.0000000000","","","7972.0000000000"
"2025-08-01T00:00:00Z","166205954","Adelaide Crows v Hawthorn","2796f658-43aa-46b6-bbed-0b2d5793cda8","Round 21 v Adelaide","a5e3bb3d-7e57-4dff-9d50-d405f3e1a584","16069a96-e72e-46a5-ab87-22610403857f","Quarter 2","21","Round 21","The Adelaide Oval","6","Adelaide Oval","Jai Newcombe","03","Hybrid","3641.03345","184.7","5","401.70178","7.12505","105.5020341016584420","79.40746","158","57","0","1157.64001","2070.6900000572205","19.0000000000","7.0000000000","12.0000000000","3.0000000000","6.0000000000","9.0000000000","","18.0000000000","4.0000000000","","207.3495571840","2.0000000000","","","7972.0000000000"
"2025-08-01T00:00:00Z","166205954","Adelaide Crows v Hawthorn","2796f658-43aa-46b6-bbed-0b2d5793cda8","Round 21 v Adelaide","a5e3bb3d-7e57-4dff-9d50-d405f3e1a584","4fb2cdf3-0393-43be-86f1-a23e5bc1dfd8","Quarter 3","21","Round 21","The Adelaide Oval","6","Adelaide Oval","Jai Newcombe","03","Hybrid","3315.81519","283.44998000000004","6","341.59628","7.6713","102.4047681287738760","98.32885","132","38","0","1098.15002","1942.770000219345","19.0000000000","7.0000000000","12.0000000000","3.0000000000","6.0000000000","9.0000000000","","18.0000000000","4.0000000000","","207.3495571840","2.0000000000","","","7972.0000000000"
"2025-08-01T00:00:00Z","166205954","Adelaide Crows v Hawthorn","2796f658-43aa-46b6-bbed-0b2d5793cda8","Round 21 v Adelaide","a5e3bb3d-7e57-4dff-9d50-d405f3e1a584","5d6188d9-ad25-4e32-aed9-f88006f3aa16","Quarter 4","21","Round 21","The Adelaide Oval","6","Adelaide Oval","Jai Newcombe","03","Hybrid","3753.48926","157.71","4","405.52197","6.69834","109.2697645868922060","52.50677","103","43","0","1563.61011","2061.039999961853","19.0000000000","7.0000000000","12.0000000000","3.0000000000","6.0000000000","9.0000000000","","18.0000000000","4.0000000000","","207.3495571840","2.0000000000","","","7972.0000000000"
"2025-08-01T00:00:00Z","166205954","Adelaide Crows v Hawthorn","2796f658-43aa-46b6-bbed-0b2d5793cda8","Round 21 v Adelaide","29708cec-1d8a-451d-a7da-18fca9557adc","92de7aef-2a48-4694-ac81-9e2a16b743f2","Quarter 1","21","Round 21","The Adelaide Oval","6","Adelaide Oval","James Sicily","06","Back","3804.54419","377.92","10","356.06415","7.33124","121.2371877801924120","86.91903","105","43","0","1284.62","1882.8600001335144","20.0000000000","16.0000000000","4.0000000000","6.0000000000","5.0000000000","6.0000000000","2.0000000000","27.0000000000","7.0000000000","3.0000000000","499.5022440131","5.0000000000","","","7972.0000000000"
"2025-08-01T00:00:00Z","166205954","Adelaide Crows v Hawthorn","2796f658-43aa-46b6-bbed-0b2d5793cda8","Round 21 v Adelaide","29708cec-1d8a-451d-a7da-18fca9557adc","16069a96-e72e-46a5-ab87-22610403857f","Quarter 2","21","Round 21","The Adelaide Oval","6","Adelaide Oval","James Sicily","06","Back","3992.72705","400.07998999999995","8","377.59793","7.79654","115.6926546191752560","93.80448","104","53","0","1301.67004","2070.6900000572205","20.0000000000","16.0000000000","4.0000000000","6.0000000000","5.0000000000","6.0000000000","2.0000000000","27.0000000000","7.0000000000","3.0000000000","499.5022440131","5.0000000000","","","7972.0000000000"
"2025-08-01T00:00:00Z","166205954","Adelaide Crows v Hawthorn","2796f658-43aa-46b6-bbed-0b2d5793cda8","Round 21 v Adelaide","29708cec-1d8a-451d-a7da-18fca9557adc","4fb2cdf3-0393-43be-86f1-a23e5bc1dfd8","Quarter 3","21","Round 21","The Adelaide Oval","6","Adelaide Oval","James Sicily","06","Back","3486.55811","420.64","10","307.58011","7.86493","107.6779477634415720","98.24287","115","24","0","1121.87","1942.770000219345","20.0000000000","16.0000000000","4.0000000000","6.0000000000","5.0000000000","6.0000000000","2.0000000000","27.0000000000","7.0000000000","3.0000000000","499.5022440131","5.0000000000","","","7972.0000000000"
"2025-08-01T00:00:00Z","166205954","Adelaide Crows v Hawthorn","2796f658-43aa-46b6-bbed-0b2d5793cda8","Round 21 v Adelaide","29708cec-1d8a-451d-a7da-18fca9557adc","5d6188d9-ad25-4e32-aed9-f88006f3aa16","Quarter 4","21","Round 21","The Adelaide Oval","6","Adelaide Oval","James Sicily","06","Back","3616.44556","345.64","11","327.51276","7.58544","105.2802146508637020","107.46921","122","40","0","1089.52002","2061.039999961853","20.0000000000","16.0000000000","4.0000000000","6.0000000000","5.0000000000","6.0000000000","2.0000000000","27.0000000000","7.0000000000","3.0000000000","499.5022440131","5.0000000000","","","7972.0000000000"
"2025-08-07T00:00:00Z","166219857","Hawthorn v Collingwood","253652d9-8402-446d-ae22-8afa767923ff","Round 22 v Collingwood","036695b3-12e6-43fb-a153-0dea34fd7c41","81d1bb0a-6236-41b3-bcba-9817903ae93a","Quarter 1","22","Round 22","Waverley","40","MCG","Karl Amon","10","Hybrid","3713.20898","488.03000000000003","8","349.59235","7.727","104.0085426206322060","107.63133","117","40","0","1263.91003","2142.0599999427795","27.0000000000","15.0000000000","12.0000000000","4.0000000000","","5.0000000000","1.0000000000","12.0000000000","2.0000000000","2.0000000000","309.5729166619","2.0000000000","","","7443.0000000000"
"2025-08-07T00:00:00Z","166219857","Hawthorn v Collingwood","253652d9-8402-446d-ae22-8afa767923ff","Round 22 v Collingwood","036695b3-12e6-43fb-a153-0dea34fd7c41","b28ab5c1-e9a1-46f1-8d29-2c9b48edba60","Quarter 4","22","Round 22","Waverley","40","MCG","Karl Amon","10","Hybrid","3226.52026","418.51001","6","312.83466","7.49506","119.3850500490079440","0","0","32","0","1194.90991","1621.5699999332428","27.0000000000","15.0000000000","12.0000000000","4.0000000000","","5.0000000000","1.0000000000","12.0000000000","2.0000000000","2.0000000000","309.5729166619","2.0000000000","","","7443.0000000000"
"2025-08-07T00:00:00Z","166219857","Hawthorn v Collingwood","253652d9-8402-446d-ae22-8afa767923ff","Round 22 v Collingwood","036695b3-12e6-43fb-a153-0dea34fd7c41","937cf9d8-03f1-4349-a46e-191bbb32879a","Quarter 2","22","Round 22","Waverley","40","MCG","Karl Amon","10","Hybrid","3468.78467","356.85999000000004","8","326.12772","7.18742","107.9446914737014020","103.03947","104","37","0","1236.12","1928.090000152588","27.0000000000","15.0000000000","12.0000000000","4.0000000000","","5.0000000000","1.0000000000","12.0000000000","2.0000000000","2.0000000000","309.5729166619","2.0000000000","","","7443.0000000000"
"2025-08-07T00:00:00Z","166219857","Hawthorn v Collingwood","253652d9-8402-446d-ae22-8afa767923ff","Round 22 v Collingwood","036695b3-12e6-43fb-a153-0dea34fd7c41","446cd3d2-4a05-49ad-841f-e73541be825f","Quarter 3","22","Round 22","Waverley","40","MCG","Karl Amon","10","Hybrid","3100.87891","561.24","12","291.7547","7.81362","108.2532726386429760","66","66","27","0","1073.72998","1718.6799998283386","27.0000000000","15.0000000000","12.0000000000","4.0000000000","","5.0000000000","1.0000000000","12.0000000000","2.0000000000","2.0000000000","309.5729166619","2.0000000000","","","7443.0000000000"
"2025-08-07T00:00:00Z","166219857","Hawthorn v Collingwood","253652d9-8402-446d-ae22-8afa767923ff","Round 22 v Collingwood","0325dfcd-afd9-4feb-9006-dd13f41ca9e6","b28ab5c1-e9a1-46f1-8d29-2c9b48edba60","Quarter 4","22","Round 22","Waverley","40","MCG","Jack Gunston","19","Forward","2411.43262","103.1","3","241.98199","6.88396","89.2258472998122000","91.77546","173","24","0","1003.17999","1621.5699999332428","11.0000000000","8.0000000000","3.0000000000","5.0000000000","2.0000000000","","","10.0000000000","3.0000000000","","215.0029484590","1.0000000000","4.0000000000","","7443.0000000000"
"2025-08-07T00:00:00Z","166219857","Hawthorn v Collingwood","253652d9-8402-446d-ae22-8afa767923ff","Round 22 v Collingwood","0325dfcd-afd9-4feb-9006-dd13f41ca9e6","446cd3d2-4a05-49ad-841f-e73541be825f","Quarter 3","22","Round 22","Waverley","40","MCG","Jack Gunston","19","Forward","3563.8479","380.15000000000003","8","340.88199","7.66041","124.4157574541842500","118.90774","142","39","0","1278.38","1718.6799998283386","11.0000000000","8.0000000000","3.0000000000","5.0000000000","2.0000000000","","","10.0000000000","3.0000000000","","215.0029484590","1.0000000000","4.0000000000","","7443.0000000000"
"2025-08-07T00:00:00Z","166219857","Hawthorn v Collingwood","253652d9-8402-446d-ae22-8afa767923ff","Round 22 v Collingwood","0325dfcd-afd9-4feb-9006-dd13f41ca9e6","937cf9d8-03f1-4349-a46e-191bbb32879a","Quarter 2","22","Round 22","Waverley","40","MCG","Jack Gunston","19","Forward","3110.86572","220.02","8","302.31052","7.06063","96.8066548684078380","108.56222","135","42","0","1093.54004","1928.090000152588","11.0000000000","8.0000000000","3.0000000000","5.0000000000","2.0000000000","","","10.0000000000","3.0000000000","","215.0029484590","1.0000000000","4.0000000000","","7443.0000000000"
"2025-08-07T00:00:00Z","166219857","Hawthorn v Collingwood","253652d9-8402-446d-ae22-8afa767923ff","Round 22 v Collingwood","0325dfcd-afd9-4feb-9006-dd13f41ca9e6","81d1bb0a-6236-41b3-bcba-9817903ae93a","Quarter 1","22","Round 22","Waverley","40","MCG","Jack Gunston","19","Forward","3470.52979","354.21999999999997","11","343.08167","7.72263","97.2109966133359740","105.36027","148","39","0","1308.51001","2142.0599999427795","11.0000000000","8.0000000000","3.0000000000","5.0000000000","2.0000000000","","","10.0000000000","3.0000000000","","215.0029484590","1.0000000000","4.0000000000","","7443.0000000000"
"2025-08-07T00:00:00Z","166219857","Hawthorn v Collingwood","253652d9-8402-446d-ae22-8afa767923ff","Round 22 v Collingwood","29708cec-1d8a-451d-a7da-18fca9557adc","b28ab5c1-e9a1-46f1-8d29-2c9b48edba60","Quarter 4","22","Round 22","Waverley","40","MCG","James Sicily","06","Back","2847.03662","479.7","11","250.40147","7.97428","105.3437083857202920","112.4931","153","27","0","874.25","1621.5699999332428","18.0000000000","7.0000000000","11.0000000000","5.0000000000","4.0000000000","2.0000000000","2.0000000000","22.0000000000","3.0000000000","1.0000000000","141.1992320512","","","","7443.0000000000"
"2025-08-07T00:00:00Z","166219857","Hawthorn v Collingwood","253652d9-8402-446d-ae22-8afa767923ff","Round 22 v Collingwood","29708cec-1d8a-451d-a7da-18fca9557adc","446cd3d2-4a05-49ad-841f-e73541be825f","Quarter 3","22","Round 22","Waverley","40","MCG","James Sicily","06","Back","3446.49805","510.42999","12","316.22375","7.81757","120.3190140227698740","103.88726","150","38","0","1243.56006","1718.6799998283386","18.0000000000","7.0000000000","11.0000000000","5.0000000000","4.0000000000","2.0000000000","2.0000000000","22.0000000000","3.0000000000","1.0000000000","141.1992320512","","","","7443.0000000000"
"2025-08-07T00:00:00Z","166219857","Hawthorn v Collingwood","253652d9-8402-446d-ae22-8afa767923ff","Round 22 v Collingwood","29708cec-1d8a-451d-a7da-18fca9557adc","937cf9d8-03f1-4349-a46e-191bbb32879a","Quarter 2","22","Round 22","Waverley","40","MCG","James Sicily","06","Back","2594.36182","280.1","8","225.65356","7.63376","80.7336323447977080","120.05316","164","29","0","729.02002","1928.090000152588","18.0000000000","7.0000000000","11.0000000000","5.0000000000","4.0000000000","2.0000000000","2.0000000000","22.0000000000","3.0000000000","1.0000000000","141.1992320512","","","","7443.0000000000"
"2025-08-07T00:00:00Z","166219857","Hawthorn v Collingwood","253652d9-8402-446d-ae22-8afa767923ff","Round 22 v Collingwood","29708cec-1d8a-451d-a7da-18fca9557adc","81d1bb0a-6236-41b3-bcba-9817903ae93a","Quarter 1","22","Round 22","Waverley","40","MCG","James Sicily","06","Back","3832.25635","416.27002","10","352.9476","8.32283","107.3431094395778940","84.29038","144","38","0","1377.35999","2142.0599999427795","18.0000000000","7.0000000000","11.0000000000","5.0000000000","4.0000000000","2.0000000000","2.0000000000","22.0000000000","3.0000000000","1.0000000000","141.1992320512","","","","7443.0000000000"
"2025-08-07T00:00:00Z","166219857","Hawthorn v Collingwood","253652d9-8402-446d-ae22-8afa767923ff","Round 22 v Collingwood","d15ed9ce-f683-4f0e-b12f-c87e4029f11e","937cf9d8-03f1-4349-a46e-191bbb32879a","Quarter 2","22","Round 22","Waverley","40","MCG","Nick Watson","05","Hybrid","2567.72803","229.15000000000003","6","251.99911","7.34512","79.9048186484072220","94.02759","136","29","0","769.51001","1928.090000152588","6.0000000000","4.0000000000","2.0000000000","2.0000000000","","","","11.0000000000","","","115.5457371916","2.0000000000","","3.0000000000","7443.0000000000"
"2025-08-07T00:00:00Z","166219857","Hawthorn v Collingwood","253652d9-8402-446d-ae22-8afa767923ff","Round 22 v Collingwood","d15ed9ce-f683-4f0e-b12f-c87e4029f11e","81d1bb0a-6236-41b3-bcba-9817903ae93a","Quarter 1","22","Round 22","Waverley","40","MCG","Nick Watson","05","Hybrid","3359.89648","447.78","14","358.37924","8.64355","94.1121111478600680","101.53771","126","30","0","1305.04004","2142.0599999427795","6.0000000000","4.0000000000","2.0000000000","2.0000000000","","","","11.0000000000","","","115.5457371916","2.0000000000","","3.0000000000","7443.0000000000"
"2025-08-07T00:00:00Z","166219857","Hawthorn v Collingwood","253652d9-8402-446d-ae22-8afa767923ff","Round 22 v Collingwood","d15ed9ce-f683-4f0e-b12f-c87e4029f11e","446cd3d2-4a05-49ad-841f-e73541be825f","Quarter 3","22","Round 22","Waverley","40","MCG","Nick Watson","05","Hybrid","3484.95117","473.84999999999997","10","345.85211","8.47636","121.6614321577516320","131.03924","194","29","0","1263.32007","1718.6799998283386","6.0000000000","4.0000000000","2.0000000000","2.0000000000","","","","11.0000000000","","","115.5457371916","2.0000000000","","3.0000000000","7443.0000000000"
"2025-08-07T00:00:00Z","166219857","Hawthorn v Collingwood","253652d9-8402-446d-ae22-8afa767923ff","Round 22 v Collingwood","d15ed9ce-f683-4f0e-b12f-c87e4029f11e","b28ab5c1-e9a1-46f1-8d29-2c9b48edba60","Quarter 4","22","Round 22","Waverley","40","MCG","Nick Watson","05","Hybrid","2528.12134","124.67","2","266.35809","8.3079","93.5434673842292940","143.17077","197","20","0","1086.08997","1621.5699999332428","6.0000000000","4.0000000000","2.0000000000","2.0000000000","","","","11.0000000000","","","115.5457371916","2.0000000000","","3.0000000000","7443.0000000000"
"2025-08-07T00:00:00Z","166219857","Hawthorn v Collingwood","253652d9-8402-446d-ae22-8afa767923ff","Round 22 v Collingwood","2794f857-7792-4f4b-b5fc-204ce195a191","81d1bb0a-6236-41b3-bcba-9817903ae93a","Quarter 1","22","Round 22","Waverley","40","MCG","Josh Ward","25","Hybrid","3788.6936","435.67001","11","359.0235","7.60488","106.1228985210836340","87.06752","131","52","0","1497.93005","2142.0599999427795","22.0000000000","11.0000000000","11.0000000000","2.0000000000","3.0000000000","3.0000000000","","21.0000000000","7.0000000000","","452.3049716518","8.0000000000","","","7443.0000000000"
"2025-08-07T00:00:00Z","166219857","Hawthorn v Collingwood","253652d9-8402-446d-ae22-8afa767923ff","Round 22 v Collingwood","2794f857-7792-4f4b-b5fc-204ce195a191","937cf9d8-03f1-4349-a46e-191bbb32879a","Quarter 2","22","Round 22","Waverley","40","MCG","Josh Ward","25","Hybrid","3178.72974","380.41","11","296.70435","7.58616","98.9185071158017620","74.36372","110","48","0","1126.42993","1928.090000152588","22.0000000000","11.0000000000","11.0000000000","2.0000000000","3.0000000000","3.0000000000","","21.0000000000","7.0000000000","","452.3049716518","8.0000000000","","","7443.0000000000"
"2025-08-07T00:00:00Z","166219857","Hawthorn v Collingwood","253652d9-8402-446d-ae22-8afa767923ff","Round 22 v Collingwood","2794f857-7792-4f4b-b5fc-204ce195a191","446cd3d2-4a05-49ad-841f-e73541be825f","Quarter 3","22","Round 22","Waverley","40","MCG","Josh Ward","25","Hybrid","3689.03271","409.53999999999996","7","337.78708","8.15236","128.7860233563592920","113.11648","139","44","0","1316.23999","1718.6799998283386","22.0000000000","11.0000000000","11.0000000000","2.0000000000","3.0000000000","3.0000000000","","21.0000000000","7.0000000000","","452.3049716518","8.0000000000","","","7443.0000000000"
"2025-08-07T00:00:00Z","166219857","Hawthorn v Collingwood","253652d9-8402-446d-ae22-8afa767923ff","Round 22 v Collingwood","2794f857-7792-4f4b-b5fc-204ce195a191","b28ab5c1-e9a1-46f1-8d29-2c9b48edba60","Quarter 4","22","Round 22","Waverley","40","MCG","Josh Ward","25","Hybrid","3112.87158","458.19000000000005","11","290.28336","7.46625","115.1799150253699140","96.68461","147","36","0","1163.32996","1621.5699999332428","22.0000000000","11.0000000000","11.0000000000","2.0000000000","3.0000000000","3.0000000000","","21.0000000000","7.0000000000","","452.3049716518","8.0000000000","","","7443.0000000000"
"2025-08-07T00:00:00Z","166219857","Hawthorn v Collingwood","253652d9-8402-446d-ae22-8afa767923ff","Round 22 v Collingwood","48b7449c-7b00-4728-8dcf-81959514acff","b28ab5c1-e9a1-46f1-8d29-2c9b48edba60","Quarter 4","22","Round 22","Waverley","40","MCG","Jarman Impey","04","Midfielder","3127.77002","479.99001","11","330.02966","8.44923","115.7311748538304800","117.11373","120","37","0","1034.09998","1621.5699999332428","25.0000000000","18.0000000000","7.0000000000","8.0000000000","2.0000000000","2.0000000000","2.0000000000","12.0000000000","5.0000000000","1.0000000000","493.8028513502","1.0000000000","","","7443.0000000000"
"2025-08-07T00:00:00Z","166219857","Hawthorn v Collingwood","253652d9-8402-446d-ae22-8afa767923ff","Round 22 v Collingwood","48b7449c-7b00-4728-8dcf-81959514acff","446cd3d2-4a05-49ad-841f-e73541be825f","Quarter 3","22","Round 22","Waverley","40","MCG","Jarman Impey","04","Midfielder","3074.9292","456.69","13","317.62201","8.19744","107.3473549575414840","97.17643","115","34","0","1013.13","1718.6799998283386","25.0000000000","18.0000000000","7.0000000000","8.0000000000","2.0000000000","2.0000000000","2.0000000000","12.0000000000","5.0000000000","1.0000000000","493.8028513502","1.0000000000","","","7443.0000000000"
"2025-08-07T00:00:00Z","166219857","Hawthorn v Collingwood","253652d9-8402-446d-ae22-8afa767923ff","Round 22 v Collingwood","48b7449c-7b00-4728-8dcf-81959514acff","937cf9d8-03f1-4349-a46e-191bbb32879a","Quarter 2","22","Round 22","Waverley","40","MCG","Jarman Impey","04","Midfielder","3072.80615","359.9","9","311.55197","7.67964","95.6222837032551300","88.41084","125","28","0","946","1928.090000152588","25.0000000000","18.0000000000","7.0000000000","8.0000000000","2.0000000000","2.0000000000","2.0000000000","12.0000000000","5.0000000000","1.0000000000","493.8028513502","1.0000000000","","","7443.0000000000"
"2025-08-07T00:00:00Z","166219857","Hawthorn v Collingwood","253652d9-8402-446d-ae22-8afa767923ff","Round 22 v Collingwood","48b7449c-7b00-4728-8dcf-81959514acff","81d1bb0a-6236-41b3-bcba-9817903ae93a","Quarter 1","22","Round 22","Waverley","40","MCG","Jarman Impey","04","Midfielder","3409.26416","426.91999999999996","11","344.4856","8.22355","95.4949205930105940","123.96829","179","38","0","1119.43005","2142.0599999427795","25.0000000000","18.0000000000","7.0000000000","8.0000000000","2.0000000000","2.0000000000","2.0000000000","12.0000000000","5.0000000000","1.0000000000","493.8028513502","1.0000000000","","","7443.0000000000"
"2025-08-07T00:00:00Z","166219857","Hawthorn v Collingwood","253652d9-8402-446d-ae22-8afa767923ff","Round 22 v Collingwood","036695b3-12e6-43fb-a153-0dea34fd7c41","81d1bb0a-6236-41b3-bcba-9817903ae93a","Quarter 1","22","Round 22","Waverley","40","MCG","Karl Amon","10","Hybrid","3713.20898","488.03000000000003","8","349.59235","7.727","104.0085426206322060","107.63133","117","40","0","1263.91003","2142.0599999427795","27.0000000000","15.0000000000","12.0000000000","8.0000000000","1.0000000000","1.0000000000","1.0000000000","15.0000000000","1.0000000000","4.0000000000","352.2499287361","1.0000000000","","","7443.0000000000"
"2025-08-07T00:00:00Z","166219857","Hawthorn v Collingwood","253652d9-8402-446d-ae22-8afa767923ff","Round 22 v Collingwood","036695b3-12e6-43fb-a153-0dea34fd7c41","937cf9d8-03f1-4349-a46e-191bbb32879a","Quarter 2","22","Round 22","Waverley","40","MCG","Karl Amon","10","Hybrid","3468.78467","356.85999000000004","8","326.12772","7.18742","107.9446914737014020","103.03947","104","37","0","1236.12","1928.090000152588","27.0000000000","15.0000000000","12.0000000000","8.0000000000","1.0000000000","1.0000000000","1.0000000000","15.0000000000","1.0000000000","4.0000000000","352.2499287361","1.0000000000","","","7443.0000000000"
"2025-08-07T00:00:00Z","166219857","Hawthorn v Collingwood","253652d9-8402-446d-ae22-8afa767923ff","Round 22 v Collingwood","036695b3-12e6-43fb-a153-0dea34fd7c41","446cd3d2-4a05-49ad-841f-e73541be825f","Quarter 3","22","Round 22","Waverley","40","MCG","Karl Amon","10","Hybrid","3100.87891","561.24","12","291.7547","7.81362","108.2532726386429760","66","66","27","0","1073.72998","1718.6799998283386","27.0000000000","15.0000000000","12.0000000000","8.0000000000","1.0000000000","1.0000000000","1.0000000000","15.0000000000","1.0000000000","4.0000000000","352.2499287361","1.0000000000","","","7443.0000000000"
"2025-08-07T00:00:00Z","166219857","Hawthorn v Collingwood","253652d9-8402-446d-ae22-8afa767923ff","Round 22 v Collingwood","036695b3-12e6-43fb-a153-0dea34fd7c41","b28ab5c1-e9a1-46f1-8d29-2c9b48edba60","Quarter 4","22","Round 22","Waverley","40","MCG","Karl Amon","10","Hybrid","3226.52026","418.51001","6","312.83466","7.49506","119.3850500490079440","0","0","32","0","1194.90991","1621.5699999332428","27.0000000000","15.0000000000","12.0000000000","8.0000000000","1.0000000000","1.0000000000","1.0000000000","15.0000000000","1.0000000000","4.0000000000","352.2499287361","1.0000000000","","","7443.0000000000"
"2025-08-07T00:00:00Z","166219857","Hawthorn v Collingwood","253652d9-8402-446d-ae22-8afa767923ff","Round 22 v Collingwood","ee799c04-c79f-41c9-bd53-176bb21a7077","81d1bb0a-6236-41b3-bcba-9817903ae93a","Quarter 1","22","Round 22","Waverley","40","MCG","Conor Nash","11","Back","3953.28271","224.64","5","347.37729","7.437","110.7331085993558580","99.88054","112","55","0","1577.33997","2142.0599999427795","15.0000000000","9.0000000000","6.0000000000","5.0000000000","1.0000000000","","1.0000000000","11.0000000000","3.0000000000","1.0000000000","349.0957964680","4.0000000000","","1.0000000000","7443.0000000000"
"2025-08-07T00:00:00Z","166219857","Hawthorn v Collingwood","253652d9-8402-446d-ae22-8afa767923ff","Round 22 v Collingwood","ee799c04-c79f-41c9-bd53-176bb21a7077","937cf9d8-03f1-4349-a46e-191bbb32879a","Quarter 2","22","Round 22","Waverley","40","MCG","Conor Nash","11","Back","2538.83887","312.74","7","220.02753","7.235","79.0058203652032140","102.01193","103","39","0","781.06","1928.090000152588","15.0000000000","9.0000000000","6.0000000000","5.0000000000","1.0000000000","","1.0000000000","11.0000000000","3.0000000000","1.0000000000","349.0957964680","4.0000000000","","1.0000000000","7443.0000000000"
"2025-08-07T00:00:00Z","166219857","Hawthorn v Collingwood","253652d9-8402-446d-ae22-8afa767923ff","Round 22 v Collingwood","ee799c04-c79f-41c9-bd53-176bb21a7077","446cd3d2-4a05-49ad-841f-e73541be825f","Quarter 3","22","Round 22","Waverley","40","MCG","Conor Nash","11","Back","3152.67285","294.46","10","272.16779","7.90368","110.0614256399639820","102.49157","103","34","0","1219.04004","1718.6799998283386","15.0000000000","9.0000000000","6.0000000000","5.0000000000","1.0000000000","","1.0000000000","11.0000000000","3.0000000000","1.0000000000","349.0957964680","4.0000000000","","1.0000000000","7443.0000000000"
"2025-08-07T00:00:00Z","166219857","Hawthorn v Collingwood","253652d9-8402-446d-ae22-8afa767923ff","Round 22 v Collingwood","ee799c04-c79f-41c9-bd53-176bb21a7077","b28ab5c1-e9a1-46f1-8d29-2c9b48edba60","Quarter 4","22","Round 22","Waverley","40","MCG","Conor Nash","11","Back","3453.51978","229.73","5","304.00159","7.30562","127.7842996654665060","103","103","43","0","1519.32996","1621.5699999332428","15.0000000000","9.0000000000","6.0000000000","5.0000000000","1.0000000000","","1.0000000000","11.0000000000","3.0000000000","1.0000000000","349.0957964680","4.0000000000","","1.0000000000","7443.0000000000"
"2025-08-07T00:00:00Z","166219857","Hawthorn v Collingwood","253652d9-8402-446d-ae22-8afa767923ff","Round 22 v Collingwood","29708cec-1d8a-451d-a7da-18fca9557adc","81d1bb0a-6236-41b3-bcba-9817903ae93a","Quarter 1","22","Round 22","Waverley","40","MCG","James Sicily","06","Back","3832.25635","416.27002","10","352.9476","8.32283","107.3431094395778940","84.29038","144","38","0","1377.35999","2142.0599999427795","26.0000000000","18.0000000000","8.0000000000","9.0000000000","2.0000000000","","","7.0000000000","2.0000000000","5.0000000000","434.0336850651","5.0000000000","","","7443.0000000000"
"2025-08-07T00:00:00Z","166219857","Hawthorn v Collingwood","253652d9-8402-446d-ae22-8afa767923ff","Round 22 v Collingwood","29708cec-1d8a-451d-a7da-18fca9557adc","937cf9d8-03f1-4349-a46e-191bbb32879a","Quarter 2","22","Round 22","Waverley","40","MCG","James Sicily","06","Back","2594.36182","280.1","8","225.65356","7.63376","80.7336323447977080","120.05316","164","29","0","729.02002","1928.090000152588","26.0000000000","18.0000000000","8.0000000000","9.0000000000","2.0000000000","","","7.0000000000","2.0000000000","5.0000000000","434.0336850651","5.0000000000","","","7443.0000000000"
"2025-08-07T00:00:00Z","166219857","Hawthorn v Collingwood","253652d9-8402-446d-ae22-8afa767923ff","Round 22 v Collingwood","29708cec-1d8a-451d-a7da-18fca9557adc","446cd3d2-4a05-49ad-841f-e73541be825f","Quarter 3","22","Round 22","Waverley","40","MCG","James Sicily","06","Back","3446.49805","510.42999","12","316.22375","7.81757","120.3190140227698740","103.88726","150","38","0","1243.56006","1718.6799998283386","26.0000000000","18.0000000000","8.0000000000","9.0000000000","2.0000000000","","","7.0000000000","2.0000000000","5.0000000000","434.0336850651","5.0000000000","","","7443.0000000000"
"2025-08-07T00:00:00Z","166219857","Hawthorn v Collingwood","253652d9-8402-446d-ae22-8afa767923ff","Round 22 v Collingwood","29708cec-1d8a-451d-a7da-18fca9557adc","b28ab5c1-e9a1-46f1-8d29-2c9b48edba60","Quarter 4","22","Round 22","Waverley","40","MCG","James Sicily","06","Back","2847.03662","479.7","11","250.40147","7.97428","105.3437083857202920","112.4931","153","27","0","874.25","1621.5699999332428","26.0000000000","18.0000000000","8.0000000000","9.0000000000","2.0000000000","","","7.0000000000","2.0000000000","5.0000000000","434.0336850651","5.0000000000","","","7443.0000000000"
"2025-08-07T00:00:00Z","166219857","Hawthorn v Collingwood","253652d9-8402-446d-ae22-8afa767923ff","Round 22 v Collingwood","6c56e5bd-2cd0-47f8-993f-dcc1d1ebce45","81d1bb0a-6236-41b3-bcba-9817903ae93a","Quarter 1","22","Round 22","Waverley","40","MCG","Tom Barrass","37","Hybrid","2960.90015","201.56","7","265.90103","6.82708","82.9360564152010860","104","104","29","0","1008.09003","2142.0599999427795","8.0000000000","6.0000000000","2.0000000000","4.0000000000","","","1.0000000000","1.0000000000","","3.0000000000","127.8760741208","","","","7443.0000000000"
"2025-08-07T00:00:00Z","166219857","Hawthorn v Collingwood","253652d9-8402-446d-ae22-8afa767923ff","Round 22 v Collingwood","6c56e5bd-2cd0-47f8-993f-dcc1d1ebce45","937cf9d8-03f1-4349-a46e-191bbb32879a","Quarter 2","22","Round 22","Waverley","40","MCG","Tom Barrass","37","Hybrid","3023.14209","130.39","4","256.27359","6.94409","94.0767938144199780","0","0","21","0","1095.71997","1928.090000152588","8.0000000000","6.0000000000","2.0000000000","4.0000000000","","","1.0000000000","1.0000000000","","3.0000000000","127.8760741208","","","","7443.0000000000"
"2025-08-07T00:00:00Z","166219857","Hawthorn v Collingwood","253652d9-8402-446d-ae22-8afa767923ff","Round 22 v Collingwood","6c56e5bd-2cd0-47f8-993f-dcc1d1ebce45","446cd3d2-4a05-49ad-841f-e73541be825f","Quarter 3","22","Round 22","Waverley","40","MCG","Tom Barrass","37","Hybrid","3008.34473","212.01","6","253.27589","7.91458","105.0228569704822140","104","104","28","0","1020.42999","1718.6799998283386","8.0000000000","6.0000000000","2.0000000000","4.0000000000","","","1.0000000000","1.0000000000","","3.0000000000","127.8760741208","","","","7443.0000000000"
"2025-08-07T00:00:00Z","166219857","Hawthorn v Collingwood","253652d9-8402-446d-ae22-8afa767923ff","Round 22 v Collingwood","6c56e5bd-2cd0-47f8-993f-dcc1d1ebce45","b28ab5c1-e9a1-46f1-8d29-2c9b48edba60","Quarter 4","22","Round 22","Waverley","40","MCG","Tom Barrass","37","Hybrid","3163.02148","205.67000000000002","4","260.51395","7.2549","117.0355203955505880","102.52138","104","23","0","997.12","1621.5699999332428","8.0000000000","6.0000000000","2.0000000000","4.0000000000","","","1.0000000000","1.0000000000","","3.0000000000","127.8760741208","","","","7443.0000000000"
"2025-08-07T00:00:00Z","166219857","Hawthorn v Collingwood","253652d9-8402-446d-ae22-8afa767923ff","Round 22 v Collingwood","131ea882-7562-4a3d-a0e0-ddd0ca763ee2","b28ab5c1-e9a1-46f1-8d29-2c9b48edba60","Quarter 4","22","Round 22","Waverley","40","MCG","Jack Scrimshaw","14","Hybrid","2523.74609","162.07999999999998","5","234.94034","7.49401","93.3815779807432860","0","0","22","0","1037.48999","1621.5699999332428","16.0000000000","5.0000000000","11.0000000000","6.0000000000","2.0000000000","3.0000000000","1.0000000000","8.0000000000","1.0000000000","","77.0082161529","2.0000000000","","","7443.0000000000"
"2025-08-07T00:00:00Z","166219857","Hawthorn v Collingwood","253652d9-8402-446d-ae22-8afa767923ff","Round 22 v Collingwood","131ea882-7562-4a3d-a0e0-ddd0ca763ee2","446cd3d2-4a05-49ad-841f-e73541be825f","Quarter 3","22","Round 22","Waverley","40","MCG","Jack Scrimshaw","14","Hybrid","3099.8855","110.67","2","275.19296","7.32448","108.2185921861992660","119","119","40","0","1227.10999","1718.6799998283386","16.0000000000","5.0000000000","11.0000000000","6.0000000000","2.0000000000","3.0000000000","1.0000000000","8.0000000000","1.0000000000","","77.0082161529","2.0000000000","","","7443.0000000000"
"2025-08-07T00:00:00Z","166219857","Hawthorn v Collingwood","253652d9-8402-446d-ae22-8afa767923ff","Round 22 v Collingwood","131ea882-7562-4a3d-a0e0-ddd0ca763ee2","937cf9d8-03f1-4349-a46e-191bbb32879a","Quarter 2","22","Round 22","Waverley","40","MCG","Jack Scrimshaw","14","Hybrid","3155.18066","118.94","4","275.93222","8.0852","98.1856861375859220","119","119","28","0","1115.14001","1928.090000152588","16.0000000000","5.0000000000","11.0000000000","6.0000000000","2.0000000000","3.0000000000","1.0000000000","8.0000000000","1.0000000000","","77.0082161529","2.0000000000","","","7443.0000000000"
"2025-08-07T00:00:00Z","166219857","Hawthorn v Collingwood","253652d9-8402-446d-ae22-8afa767923ff","Round 22 v Collingwood","131ea882-7562-4a3d-a0e0-ddd0ca763ee2","81d1bb0a-6236-41b3-bcba-9817903ae93a","Quarter 1","22","Round 22","Waverley","40","MCG","Jack Scrimshaw","14","Hybrid","2947.32227","208.91","4","252.90149","7.59064","82.5557342953623540","108.27964","120","31","0","1065.04004","2142.0599999427795","16.0000000000","5.0000000000","11.0000000000","6.0000000000","2.0000000000","3.0000000000","1.0000000000","8.0000000000","1.0000000000","","77.0082161529","2.0000000000","","","7443.0000000000"
"2025-08-07T00:00:00Z","166219857","Hawthorn v Collingwood","253652d9-8402-446d-ae22-8afa767923ff","Round 22 v Collingwood","78eb8442-e99a-445f-8154-59b764e0c73a","b28ab5c1-e9a1-46f1-8d29-2c9b48edba60","Quarter 4","22","Round 22","Waverley","40","MCG","Lloyd Meek","17","Hybrid","2426.84058","92.28","2","235.3544","6.34362","89.7959599684222860","82.08858","113","28","0","892.65002","1621.5699999332428","9.0000000000","4.0000000000","5.0000000000","3.0000000000","1.0000000000","","","3.0000000000","","","84.4031627726","2.0000000000","","","7443.0000000000"
"2025-08-07T00:00:00Z","166219857","Hawthorn v Collingwood","253652d9-8402-446d-ae22-8afa767923ff","Round 22 v Collingwood","78eb8442-e99a-445f-8154-59b764e0c73a","446cd3d2-4a05-49ad-841f-e73541be825f","Quarter 3","22","Round 22","Waverley","40","MCG","Lloyd Meek","17","Hybrid","3077.58423","179.76","2","311.87671","7.01597","107.4400434161352360","83.68083","162","35","0","1264.20996","1718.6799998283386","9.0000000000","4.0000000000","5.0000000000","3.0000000000","1.0000000000","","","3.0000000000","","","84.4031627726","2.0000000000","","","7443.0000000000"
"2025-08-07T00:00:00Z","166219857","Hawthorn v Collingwood","253652d9-8402-446d-ae22-8afa767923ff","Round 22 v Collingwood","78eb8442-e99a-445f-8154-59b764e0c73a","937cf9d8-03f1-4349-a46e-191bbb32879a","Quarter 2","22","Round 22","Waverley","40","MCG","Lloyd Meek","17","Hybrid","3466.89307","141.23000000000002","2","351.6665","7.39867","107.8858270016119140","76.51363","119","31","0","1333.70996","1928.090000152588","9.0000000000","4.0000000000","5.0000000000","3.0000000000","1.0000000000","","","3.0000000000","","","84.4031627726","2.0000000000","","","7443.0000000000"
"2025-08-07T00:00:00Z","166219857","Hawthorn v Collingwood","253652d9-8402-446d-ae22-8afa767923ff","Round 22 v Collingwood","78eb8442-e99a-445f-8154-59b764e0c73a","81d1bb0a-6236-41b3-bcba-9817903ae93a","Quarter 1","22","Round 22","Waverley","40","MCG","Lloyd Meek","17","Hybrid","3472.67798","115.46000000000001","2","370.16992","6.42376","97.2711683172114240","57.91851","93","43","0","1404.09009","2142.0599999427795","9.0000000000","4.0000000000","5.0000000000","3.0000000000","1.0000000000","","","3.0000000000","","","84.4031627726","2.0000000000","","","7443.0000000000"
"2025-08-07T00:00:00Z","166219857","Hawthorn v Collingwood","253652d9-8402-446d-ae22-8afa767923ff","Round 22 v Collingwood","48b7449c-7b00-4728-8dcf-81959514acff","81d1bb0a-6236-41b3-bcba-9817903ae93a","Quarter 1","22","Round 22","Waverley","40","MCG","Jarman Impey","04","Midfielder","3409.26416","426.91999999999996","11","344.4856","8.22355","95.4949205930105940","123.96829","179","38","0","1119.43005","2142.0599999427795","18.0000000000","12.0000000000","6.0000000000","3.0000000000","3.0000000000","","1.0000000000","9.0000000000","2.0000000000","8.0000000000","414.7560689341","1.0000000000","","","7443.0000000000"
"2025-08-07T00:00:00Z","166219857","Hawthorn v Collingwood","253652d9-8402-446d-ae22-8afa767923ff","Round 22 v Collingwood","48b7449c-7b00-4728-8dcf-81959514acff","937cf9d8-03f1-4349-a46e-191bbb32879a","Quarter 2","22","Round 22","Waverley","40","MCG","Jarman Impey","04","Midfielder","3072.80615","359.9","9","311.55197","7.67964","95.6222837032551300","88.41084","125","28","0","946","1928.090000152588","18.0000000000","12.0000000000","6.0000000000","3.0000000000","3.0000000000","","1.0000000000","9.0000000000","2.0000000000","8.0000000000","414.7560689341","1.0000000000","","","7443.0000000000"
"2025-08-07T00:00:00Z","166219857","Hawthorn v Collingwood","253652d9-8402-446d-ae22-8afa767923ff","Round 22 v Collingwood","48b7449c-7b00-4728-8dcf-81959514acff","446cd3d2-4a05-49ad-841f-e73541be825f","Quarter 3","22","Round 22","Waverley","40","MCG","Jarman Impey","04","Midfielder","3074.9292","456.69","13","317.62201","8.19744","107.3473549575414840","97.17643","115","34","0","1013.13","1718.6799998283386","18.0000000000","12.0000000000","6.0000000000","3.0000000000","3.0000000000","","1.0000000000","9.0000000000","2.0000000000","8.0000000000","414.7560689341","1.0000000000","","","7443.0000000000"
"2025-08-07T00:00:00Z","166219857","Hawthorn v Collingwood","253652d9-8402-446d-ae22-8afa767923ff","Round 22 v Collingwood","48b7449c-7b00-4728-8dcf-81959514acff","b28ab5c1-e9a1-46f1-8d29-2c9b48edba60","Quarter 4","22","Round 22","Waverley","40","MCG","Jarman Impey","04","Midfielder","3127.77002","479.99001","11","330.02966","8.44923","115.7311748538304800","117.11373","120","37","0","1034.09998","1621.5699999332428","18.0000000000","12.0000000000","6.0000000000","3.0000000000","3.0000000000","","1.0000000000","9.0000000000","2.0000000000","8.0000000000","414.7560689341","1.0000000000","","","7443.0000000000"
"2025-08-07T00:00:00Z","166219857","Hawthorn v Collingwood","253652d9-8402-446d-ae22-8afa767923ff","Round 22 v Collingwood","2ca83ae0-85a1-479e-bef1-d06af29b9200","b28ab5c1-e9a1-46f1-8d29-2c9b48edba60","Quarter 4","22","Round 22","Waverley","40","MCG","Blake Hardwick","15","Back","2773.29297","272.43","7","264.97357","7.60029","102.6151064751138060","115.66413","159","35","0","912.38","1621.5699999332428","11.0000000000","7.0000000000","4.0000000000","2.0000000000","1.0000000000","","2.0000000000","9.0000000000","","5.0000000000","122.5924038229","1.0000000000","","","7443.0000000000"
"2025-08-07T00:00:00Z","166219857","Hawthorn v Collingwood","253652d9-8402-446d-ae22-8afa767923ff","Round 22 v Collingwood","2ca83ae0-85a1-479e-bef1-d06af29b9200","446cd3d2-4a05-49ad-841f-e73541be825f","Quarter 3","22","Round 22","Waverley","40","MCG","Blake Hardwick","15","Back","3162.74146","380.92001","9","303.36099","8.63352","110.4129259774673820","107.16627","167","40","0","1007.76001","1718.6799998283386","11.0000000000","7.0000000000","4.0000000000","2.0000000000","1.0000000000","","2.0000000000","9.0000000000","","5.0000000000","122.5924038229","1.0000000000","","","7443.0000000000"
"2025-08-07T00:00:00Z","166219857","Hawthorn v Collingwood","253652d9-8402-446d-ae22-8afa767923ff","Round 22 v Collingwood","2ca83ae0-85a1-479e-bef1-d06af29b9200","937cf9d8-03f1-4349-a46e-191bbb32879a","Quarter 2","22","Round 22","Waverley","40","MCG","Blake Hardwick","15","Back","3552.88599","217.17999999999998","6","304.62762","7.39814","110.5618303000013460","76.70781","114","37","0","1129.82996","1928.090000152588","11.0000000000","7.0000000000","4.0000000000","2.0000000000","1.0000000000","","2.0000000000","9.0000000000","","5.0000000000","122.5924038229","1.0000000000","","","7443.0000000000"
"2025-08-07T00:00:00Z","166219857","Hawthorn v Collingwood","253652d9-8402-446d-ae22-8afa767923ff","Round 22 v Collingwood","2ca83ae0-85a1-479e-bef1-d06af29b9200","81d1bb0a-6236-41b3-bcba-9817903ae93a","Quarter 1","22","Round 22","Waverley","40","MCG","Blake Hardwick","15","Back","3204.32813","381.53001","9","315.06531","7.57223","89.7545763447969720","114.29978","128","52","0","1069.04004","2142.0599999427795","11.0000000000","7.0000000000","4.0000000000","2.0000000000","1.0000000000","","2.0000000000","9.0000000000","","5.0000000000","122.5924038229","1.0000000000","","","7443.0000000000"
"2025-08-07T00:00:00Z","166219857","Hawthorn v Collingwood","253652d9-8402-446d-ae22-8afa767923ff","Round 22 v Collingwood","236a3ba1-a655-45e2-bcd2-6ad50b7c42fd","81d1bb0a-6236-41b3-bcba-9817903ae93a","Quarter 1","22","Round 22","Waverley","40","MCG","Mabior Chol","18","Hybrid","3200.95361","260.93","5","268.33984","8.18629","89.6600546227138320","130.98669","158","40","0","1089.81006","2142.0599999427795","14.0000000000","10.0000000000","4.0000000000","5.0000000000","3.0000000000","2.0000000000","1.0000000000","11.0000000000","1.0000000000","","220.2146898860","3.0000000000","3.0000000000","2.0000000000","7443.0000000000"
"2025-08-07T00:00:00Z","166219857","Hawthorn v Collingwood","253652d9-8402-446d-ae22-8afa767923ff","Round 22 v Collingwood","236a3ba1-a655-45e2-bcd2-6ad50b7c42fd","937cf9d8-03f1-4349-a46e-191bbb32879a","Quarter 2","22","Round 22","Waverley","40","MCG","Mabior Chol","18","Hybrid","2162.36255","112.20000000000002","3","182.63931","7.71666","67.2902992026992040","135.92777","138","31","0","658.45001","1928.090000152588","14.0000000000","10.0000000000","4.0000000000","5.0000000000","3.0000000000","2.0000000000","1.0000000000","11.0000000000","1.0000000000","","220.2146898860","3.0000000000","3.0000000000","2.0000000000","7443.0000000000"
"2025-08-07T00:00:00Z","166219857","Hawthorn v Collingwood","253652d9-8402-446d-ae22-8afa767923ff","Round 22 v Collingwood","236a3ba1-a655-45e2-bcd2-6ad50b7c42fd","446cd3d2-4a05-49ad-841f-e73541be825f","Quarter 3","22","Round 22","Waverley","40","MCG","Mabior Chol","18","Hybrid","2276.60767","280.15","6","191.41327","7.72366","79.4775410277906480","97.49208","103","24","0","784.96002","1718.6799998283386","14.0000000000","10.0000000000","4.0000000000","5.0000000000","3.0000000000","2.0000000000","1.0000000000","11.0000000000","1.0000000000","","220.2146898860","3.0000000000","3.0000000000","2.0000000000","7443.0000000000"
"2025-08-07T00:00:00Z","166219857","Hawthorn v Collingwood","253652d9-8402-446d-ae22-8afa767923ff","Round 22 v Collingwood","236a3ba1-a655-45e2-bcd2-6ad50b7c42fd","b28ab5c1-e9a1-46f1-8d29-2c9b48edba60","Quarter 4","22","Round 22","Waverley","40","MCG","Mabior Chol","18","Hybrid","2594.49731","118.25999999999999","2","218.15947","8.52295","95.9994564566492100","69.55779","100","29","0","1076.72998","1621.5699999332428","14.0000000000","10.0000000000","4.0000000000","5.0000000000","3.0000000000","2.0000000000","1.0000000000","11.0000000000","1.0000000000","","220.2146898860","3.0000000000","3.0000000000","2.0000000000","7443.0000000000"
"2025-08-07T00:00:00Z","166219857","Hawthorn v Collingwood","253652d9-8402-446d-ae22-8afa767923ff","Round 22 v Collingwood","35159eb5-300f-48c1-b664-b6b12ef66fda","81d1bb0a-6236-41b3-bcba-9817903ae93a","Quarter 1","22","Round 22","Waverley","40","MCG","Mitch Lewis","02","Back","3042.81982","456.39000000000004","13","252.78796","8.11543","85.2306607680816300","108.47482","149","31","0","1049.47998","2142.0599999427795","15.0000000000","5.0000000000","10.0000000000","1.0000000000","1.0000000000","4.0000000000","","9.0000000000","2.0000000000","","205.9676481272","2.0000000000","1.0000000000","1.0000000000","7443.0000000000"
"2025-08-07T00:00:00Z","166219857","Hawthorn v Collingwood","253652d9-8402-446d-ae22-8afa767923ff","Round 22 v Collingwood","35159eb5-300f-48c1-b664-b6b12ef66fda","937cf9d8-03f1-4349-a46e-191bbb32879a","Quarter 2","22","Round 22","Waverley","40","MCG","Mitch Lewis","02","Back","3189.0835","327.06001000000003","6","265.17056","6.72748","99.2407045235736180","132.3308","146","36","0","1048.77002","1928.090000152588","15.0000000000","5.0000000000","10.0000000000","1.0000000000","1.0000000000","4.0000000000","","9.0000000000","2.0000000000","","205.9676481272","2.0000000000","1.0000000000","1.0000000000","7443.0000000000"
"2025-08-07T00:00:00Z","166219857","Hawthorn v Collingwood","253652d9-8402-446d-ae22-8afa767923ff","Round 22 v Collingwood","35159eb5-300f-48c1-b664-b6b12ef66fda","446cd3d2-4a05-49ad-841f-e73541be825f","Quarter 3","22","Round 22","Waverley","40","MCG","Mitch Lewis","02","Back","3036.32739","350.34000000000003","10","247.76279","7.53306","105.9997459784230140","64.96314","114","41","0","972.64001","1718.6799998283386","15.0000000000","5.0000000000","10.0000000000","1.0000000000","1.0000000000","4.0000000000","","9.0000000000","2.0000000000","","205.9676481272","2.0000000000","1.0000000000","1.0000000000","7443.0000000000"
"2025-08-07T00:00:00Z","166219857","Hawthorn v Collingwood","253652d9-8402-446d-ae22-8afa767923ff","Round 22 v Collingwood","35159eb5-300f-48c1-b664-b6b12ef66fda","b28ab5c1-e9a1-46f1-8d29-2c9b48edba60","Quarter 4","22","Round 22","Waverley","40","MCG","Mitch Lewis","02","Back","3316.88721","338.72999999999996","8","274.86752","7.21935","122.7287336397399000","36.88234","91","29","0","1213.52002","1621.5699999332428","15.0000000000","5.0000000000","10.0000000000","1.0000000000","1.0000000000","4.0000000000","","9.0000000000","2.0000000000","","205.9676481272","2.0000000000","1.0000000000","1.0000000000","7443.0000000000"
"2025-08-07T00:00:00Z","166219857","Hawthorn v Collingwood","253652d9-8402-446d-ae22-8afa767923ff","Round 22 v Collingwood","7381a6b2-b11c-4f42-85df-1b3b97b11693","81d1bb0a-6236-41b3-bcba-9817903ae93a","Quarter 1","22","Round 22","Waverley","40","MCG","Connor Macdonald","09","Hybrid","3264.83008","560.38","9","327.67987","7.58624","91.4492613676707360","83.27901","118","39","0","1066.07996","2142.0599999427795","22.0000000000","13.0000000000","9.0000000000","1.0000000000","","1.0000000000","1.0000000000","14.0000000000","3.0000000000","6.0000000000","394.8277123428","4.0000000000","","1.0000000000","7443.0000000000"
"2025-08-07T00:00:00Z","166219857","Hawthorn v Collingwood","253652d9-8402-446d-ae22-8afa767923ff","Round 22 v Collingwood","7381a6b2-b11c-4f42-85df-1b3b97b11693","937cf9d8-03f1-4349-a46e-191bbb32879a","Quarter 2","22","Round 22","Waverley","40","MCG","Connor Macdonald","09","Hybrid","3336.14551","573.70001","15","328.26501","7.32462","103.8171094628148840","70.2471","129","51","0","964.44","1928.090000152588","22.0000000000","13.0000000000","9.0000000000","1.0000000000","","1.0000000000","1.0000000000","14.0000000000","3.0000000000","6.0000000000","394.8277123428","4.0000000000","","1.0000000000","7443.0000000000"
"2025-08-07T00:00:00Z","166219857","Hawthorn v Collingwood","253652d9-8402-446d-ae22-8afa767923ff","Round 22 v Collingwood","7381a6b2-b11c-4f42-85df-1b3b97b11693","446cd3d2-4a05-49ad-841f-e73541be825f","Quarter 3","22","Round 22","Waverley","40","MCG","Connor Macdonald","09","Hybrid","3594.54541","719.32","22","356.11221","8.18141","125.4874232675898660","81.18076","122","40","0","1147.93005","1718.6799998283386","22.0000000000","13.0000000000","9.0000000000","1.0000000000","","1.0000000000","1.0000000000","14.0000000000","3.0000000000","6.0000000000","394.8277123428","4.0000000000","","1.0000000000","7443.0000000000"
"2025-08-07T00:00:00Z","166219857","Hawthorn v Collingwood","253652d9-8402-446d-ae22-8afa767923ff","Round 22 v Collingwood","7381a6b2-b11c-4f42-85df-1b3b97b11693","b28ab5c1-e9a1-46f1-8d29-2c9b48edba60","Quarter 4","22","Round 22","Waverley","40","MCG","Connor Macdonald","09","Hybrid","3304.39868","434.34999999999997","6","326.82224","7.70854","122.2666433198456940","91.19027","129","37","0","1130.82996","1621.5699999332428","22.0000000000","13.0000000000","9.0000000000","1.0000000000","","1.0000000000","1.0000000000","14.0000000000","3.0000000000","6.0000000000","394.8277123428","4.0000000000","","1.0000000000","7443.0000000000"
"2025-08-07T00:00:00Z","166219857","Hawthorn v Collingwood","253652d9-8402-446d-ae22-8afa767923ff","Round 22 v Collingwood","131ea882-7562-4a3d-a0e0-ddd0ca763ee2","b28ab5c1-e9a1-46f1-8d29-2c9b48edba60","Quarter 4","22","Round 22","Waverley","40","MCG","Jack Scrimshaw","14","Hybrid","2523.74609","162.07999999999998","5","234.94034","7.49401","93.3815779807432860","0","0","22","0","1037.48999","1621.5699999332428","15.0000000000","8.0000000000","7.0000000000","6.0000000000","1.0000000000","","","13.0000000000","","3.0000000000","200.4402006834","1.0000000000","","","7443.0000000000"
"2025-08-07T00:00:00Z","166219857","Hawthorn v Collingwood","253652d9-8402-446d-ae22-8afa767923ff","Round 22 v Collingwood","131ea882-7562-4a3d-a0e0-ddd0ca763ee2","446cd3d2-4a05-49ad-841f-e73541be825f","Quarter 3","22","Round 22","Waverley","40","MCG","Jack Scrimshaw","14","Hybrid","3099.8855","110.67","2","275.19296","7.32448","108.2185921861992660","119","119","40","0","1227.10999","1718.6799998283386","15.0000000000","8.0000000000","7.0000000000","6.0000000000","1.0000000000","","","13.0000000000","","3.0000000000","200.4402006834","1.0000000000","","","7443.0000000000"
"2025-08-07T00:00:00Z","166219857","Hawthorn v Collingwood","253652d9-8402-446d-ae22-8afa767923ff","Round 22 v Collingwood","131ea882-7562-4a3d-a0e0-ddd0ca763ee2","937cf9d8-03f1-4349-a46e-191bbb32879a","Quarter 2","22","Round 22","Waverley","40","MCG","Jack Scrimshaw","14","Hybrid","3155.18066","118.94","4","275.93222","8.0852","98.1856861375859220","119","119","28","0","1115.14001","1928.090000152588","15.0000000000","8.0000000000","7.0000000000","6.0000000000","1.0000000000","","","13.0000000000","","3.0000000000","200.4402006834","1.0000000000","","","7443.0000000000"
"2025-08-07T00:00:00Z","166219857","Hawthorn v Collingwood","253652d9-8402-446d-ae22-8afa767923ff","Round 22 v Collingwood","131ea882-7562-4a3d-a0e0-ddd0ca763ee2","81d1bb0a-6236-41b3-bcba-9817903ae93a","Quarter 1","22","Round 22","Waverley","40","MCG","Jack Scrimshaw","14","Hybrid","2947.32227","208.91","4","252.90149","7.59064","82.5557342953623540","108.27964","120","31","0","1065.04004","2142.0599999427795","15.0000000000","8.0000000000","7.0000000000","6.0000000000","1.0000000000","","","13.0000000000","","3.0000000000","200.4402006834","1.0000000000","","","7443.0000000000"
"2025-08-07T00:00:00Z","166219857","Hawthorn v Collingwood","253652d9-8402-446d-ae22-8afa767923ff","Round 22 v Collingwood","d906015c-707c-4176-b45b-c0b21e435310","81d1bb0a-6236-41b3-bcba-9817903ae93a","Quarter 1","22","Round 22","Waverley","40","MCG","Josh Battle","24","Hybrid","4280.95557","485.43","13","414.66327","7.5235","119.9113629902343480","105.98025","156","57","0","1423.94006","2142.0599999427795","26.0000000000","19.0000000000","7.0000000000","7.0000000000","","","1.0000000000","5.0000000000","","1.0000000000","463.6090316758","5.0000000000","","1.0000000000","7443.0000000000"
"2025-08-07T00:00:00Z","166219857","Hawthorn v Collingwood","253652d9-8402-446d-ae22-8afa767923ff","Round 22 v Collingwood","d906015c-707c-4176-b45b-c0b21e435310","b28ab5c1-e9a1-46f1-8d29-2c9b48edba60","Quarter 4","22","Round 22","Waverley","40","MCG","Josh Battle","24","Hybrid","2704.65479","357.95001","8","259.32755","7.45778","100.0754129680992840","82.163","129","29","0","842.04999","1621.5699999332428","26.0000000000","19.0000000000","7.0000000000","7.0000000000","","","1.0000000000","5.0000000000","","1.0000000000","463.6090316758","5.0000000000","","1.0000000000","7443.0000000000"
"2025-08-07T00:00:00Z","166219857","Hawthorn v Collingwood","253652d9-8402-446d-ae22-8afa767923ff","Round 22 v Collingwood","d906015c-707c-4176-b45b-c0b21e435310","446cd3d2-4a05-49ad-841f-e73541be825f","Quarter 3","22","Round 22","Waverley","40","MCG","Josh Battle","24","Hybrid","3903.50488","485.15002000000004","14","372.68973","7.72001","136.2733567757772660","84.83659","146","47","0","1186.48999","1718.6799998283386","26.0000000000","19.0000000000","7.0000000000","7.0000000000","","","1.0000000000","5.0000000000","","1.0000000000","463.6090316758","5.0000000000","","1.0000000000","7443.0000000000"
"2025-08-07T00:00:00Z","166219857","Hawthorn v Collingwood","253652d9-8402-446d-ae22-8afa767923ff","Round 22 v Collingwood","d906015c-707c-4176-b45b-c0b21e435310","937cf9d8-03f1-4349-a46e-191bbb32879a","Quarter 2","22","Round 22","Waverley","40","MCG","Josh Battle","24","Hybrid","3446.01343","436.82001","15","317.06802","7.94907","107.2360760045625780","80.13696","148","40","0","978.53998","1928.090000152588","26.0000000000","19.0000000000","7.0000000000","7.0000000000","","","1.0000000000","5.0000000000","","1.0000000000","463.6090316758","5.0000000000","","1.0000000000","7443.0000000000"
"2025-08-07T00:00:00Z","166219857","Hawthorn v Collingwood","253652d9-8402-446d-ae22-8afa767923ff","Round 22 v Collingwood","7381a6b2-b11c-4f42-85df-1b3b97b11693","81d1bb0a-6236-41b3-bcba-9817903ae93a","Quarter 1","22","Round 22","Waverley","40","MCG","Connor Macdonald","09","Hybrid","3264.83008","560.38","9","327.67987","7.58624","91.4492613676707360","83.27901","118","39","0","1066.07996","2142.0599999427795","12.0000000000","6.0000000000","6.0000000000","2.0000000000","3.0000000000","1.0000000000","","15.0000000000","1.0000000000","1.0000000000","137.5762562549","2.0000000000","","","7443.0000000000"
"2025-08-07T00:00:00Z","166219857","Hawthorn v Collingwood","253652d9-8402-446d-ae22-8afa767923ff","Round 22 v Collingwood","7381a6b2-b11c-4f42-85df-1b3b97b11693","937cf9d8-03f1-4349-a46e-191bbb32879a","Quarter 2","22","Round 22","Waverley","40","MCG","Connor Macdonald","09","Hybrid","3336.14551","573.70001","15","328.26501","7.32462","103.8171094628148840","70.2471","129","51","0","964.44","1928.090000152588","12.0000000000","6.0000000000","6.0000000000","2.0000000000","3.0000000000","1.0000000000","","15.0000000000","1.0000000000","1.0000000000","137.5762562549","2.0000000000","","","7443.0000000000"
"2025-08-07T00:00:00Z","166219857","Hawthorn v Collingwood","253652d9-8402-446d-ae22-8afa767923ff","Round 22 v Collingwood","7381a6b2-b11c-4f42-85df-1b3b97b11693","446cd3d2-4a05-49ad-841f-e73541be825f","Quarter 3","22","Round 22","Waverley","40","MCG","Connor Macdonald","09","Hybrid","3594.54541","719.32","22","356.11221","8.18141","125.4874232675898660","81.18076","122","40","0","1147.93005","1718.6799998283386","12.0000000000","6.0000000000","6.0000000000","2.0000000000","3.0000000000","1.0000000000","","15.0000000000","1.0000000000","1.0000000000","137.5762562549","2.0000000000","","","7443.0000000000"
"2025-08-07T00:00:00Z","166219857","Hawthorn v Collingwood","253652d9-8402-446d-ae22-8afa767923ff","Round 22 v Collingwood","7381a6b2-b11c-4f42-85df-1b3b97b11693","b28ab5c1-e9a1-46f1-8d29-2c9b48edba60","Quarter 4","22","Round 22","Waverley","40","MCG","Connor Macdonald","09","Hybrid","3304.39868","434.34999999999997","6","326.82224","7.70854","122.2666433198456940","91.19027","129","37","0","1130.82996","1621.5699999332428","12.0000000000","6.0000000000","6.0000000000","2.0000000000","3.0000000000","1.0000000000","","15.0000000000","1.0000000000","1.0000000000","137.5762562549","2.0000000000","","","7443.0000000000"
"2025-08-07T00:00:00Z","166219857","Hawthorn v Collingwood","253652d9-8402-446d-ae22-8afa767923ff","Round 22 v Collingwood","8b0242f4-3a3b-4651-949f-17da0062afba","81d1bb0a-6236-41b3-bcba-9817903ae93a","Quarter 1","22","Round 22","Waverley","40","MCG","Dylan Moore","08","Midfielder","4784.77881","817.2999900000001","22","483.47791","8.17947","134.0236634863957620","132.18039","173","67","0","1745.85999","2142.0599999427795","12.0000000000","8.0000000000","4.0000000000","5.0000000000","5.0000000000","","1.0000000000","16.0000000000","2.0000000000","","169.3931784867","1.0000000000","1.0000000000","","7443.0000000000"
"2025-08-07T00:00:00Z","166219857","Hawthorn v Collingwood","253652d9-8402-446d-ae22-8afa767923ff","Round 22 v Collingwood","8b0242f4-3a3b-4651-949f-17da0062afba","937cf9d8-03f1-4349-a46e-191bbb32879a","Quarter 2","22","Round 22","Waverley","40","MCG","Dylan Moore","08","Midfielder","3407.47632","537.8","15","359.35425","7.71355","106.0368443297875380","72.44791","163","45","0","1100.64001","1928.090000152588","12.0000000000","8.0000000000","4.0000000000","5.0000000000","5.0000000000","","1.0000000000","16.0000000000","2.0000000000","","169.3931784867","1.0000000000","1.0000000000","","7443.0000000000"
"2025-08-07T00:00:00Z","166219857","Hawthorn v Collingwood","253652d9-8402-446d-ae22-8afa767923ff","Round 22 v Collingwood","8b0242f4-3a3b-4651-949f-17da0062afba","446cd3d2-4a05-49ad-841f-e73541be825f","Quarter 3","22","Round 22","Waverley","40","MCG","Dylan Moore","08","Midfielder","3411.83374","481.10999000000004","8","340.15369","8.04577","119.1088651874964480","103.65347","142","39","0","1287.01001","1718.6799998283386","12.0000000000","8.0000000000","4.0000000000","5.0000000000","5.0000000000","","1.0000000000","16.0000000000","2.0000000000","","169.3931784867","1.0000000000","1.0000000000","","7443.0000000000"
"2025-08-07T00:00:00Z","166219857","Hawthorn v Collingwood","253652d9-8402-446d-ae22-8afa767923ff","Round 22 v Collingwood","8b0242f4-3a3b-4651-949f-17da0062afba","b28ab5c1-e9a1-46f1-8d29-2c9b48edba60","Quarter 4","22","Round 22","Waverley","40","MCG","Dylan Moore","08","Midfielder","2695.3833","444.12","10","273.74393","7.7375","99.7323569174675460","98.17247","138","37","0","988.27002","1621.5699999332428","12.0000000000","8.0000000000","4.0000000000","5.0000000000","5.0000000000","","1.0000000000","16.0000000000","2.0000000000","","169.3931784867","1.0000000000","1.0000000000","","7443.0000000000"
"2025-08-07T00:00:00Z","166219857","Hawthorn v Collingwood","253652d9-8402-446d-ae22-8afa767923ff","Round 22 v Collingwood","35159eb5-300f-48c1-b664-b6b12ef66fda","81d1bb0a-6236-41b3-bcba-9817903ae93a","Quarter 1","22","Round 22","Waverley","40","MCG","Mitch Lewis","02","Back","3042.81982","456.39000000000004","13","252.78796","8.11543","85.2306607680816300","108.47482","149","31","0","1049.47998","2142.0599999427795","11.0000000000","8.0000000000","3.0000000000","6.0000000000","4.0000000000","","2.0000000000","12.0000000000","5.0000000000","1.0000000000","316.1687826911","3.0000000000","1.0000000000","","7443.0000000000"
"2025-08-07T00:00:00Z","166219857","Hawthorn v Collingwood","253652d9-8402-446d-ae22-8afa767923ff","Round 22 v Collingwood","35159eb5-300f-48c1-b664-b6b12ef66fda","937cf9d8-03f1-4349-a46e-191bbb32879a","Quarter 2","22","Round 22","Waverley","40","MCG","Mitch Lewis","02","Back","3189.0835","327.06001000000003","6","265.17056","6.72748","99.2407045235736180","132.3308","146","36","0","1048.77002","1928.090000152588","11.0000000000","8.0000000000","3.0000000000","6.0000000000","4.0000000000","","2.0000000000","12.0000000000","5.0000000000","1.0000000000","316.1687826911","3.0000000000","1.0000000000","","7443.0000000000"
"2025-08-07T00:00:00Z","166219857","Hawthorn v Collingwood","253652d9-8402-446d-ae22-8afa767923ff","Round 22 v Collingwood","35159eb5-300f-48c1-b664-b6b12ef66fda","446cd3d2-4a05-49ad-841f-e73541be825f","Quarter 3","22","Round 22","Waverley","40","MCG","Mitch Lewis","02","Back","3036.32739","350.34000000000003","10","247.76279","7.53306","105.9997459784230140","64.96314","114","41","0","972.64001","1718.6799998283386","11.0000000000","8.0000000000","3.0000000000","6.0000000000","4.0000000000","","2.0000000000","12.0000000000","5.0000000000","1.0000000000","316.1687826911","3.0000000000","1.0000000000","","7443.0000000000"
"2025-08-07T00:00:00Z","166219857","Hawthorn v Collingwood","253652d9-8402-446d-ae22-8afa767923ff","Round 22 v Collingwood","35159eb5-300f-48c1-b664-b6b12ef66fda","b28ab5c1-e9a1-46f1-8d29-2c9b48edba60","Quarter 4","22","Round 22","Waverley","40","MCG","Mitch Lewis","02","Back","3316.88721","338.72999999999996","8","274.86752","7.21935","122.7287336397399000","36.88234","91","29","0","1213.52002","1621.5699999332428","11.0000000000","8.0000000000","3.0000000000","6.0000000000","4.0000000000","","2.0000000000","12.0000000000","5.0000000000","1.0000000000","316.1687826911","3.0000000000","1.0000000000","","7443.0000000000"
"2025-08-07T00:00:00Z","166219857","Hawthorn v Collingwood","253652d9-8402-446d-ae22-8afa767923ff","Round 22 v Collingwood","78eb8442-e99a-445f-8154-59b764e0c73a","446cd3d2-4a05-49ad-841f-e73541be825f","Quarter 3","22","Round 22","Waverley","40","MCG","Lloyd Meek","17","Hybrid","3077.58423","179.76","2","311.87671","7.01597","107.4400434161352360","83.68083","162","35","0","1264.20996","1718.6799998283386","10.0000000000","7.0000000000","3.0000000000","7.0000000000","4.0000000000","3.0000000000","1.0000000000","15.0000000000","2.0000000000","1.0000000000","132.9096191902","1.0000000000","3.0000000000","","7443.0000000000"
"2025-08-07T00:00:00Z","166219857","Hawthorn v Collingwood","253652d9-8402-446d-ae22-8afa767923ff","Round 22 v Collingwood","78eb8442-e99a-445f-8154-59b764e0c73a","81d1bb0a-6236-41b3-bcba-9817903ae93a","Quarter 1","22","Round 22","Waverley","40","MCG","Lloyd Meek","17","Hybrid","3472.67798","115.46000000000001","2","370.16992","6.42376","97.2711683172114240","57.91851","93","43","0","1404.09009","2142.0599999427795","10.0000000000","7.0000000000","3.0000000000","7.0000000000","4.0000000000","3.0000000000","1.0000000000","15.0000000000","2.0000000000","1.0000000000","132.9096191902","1.0000000000","3.0000000000","","7443.0000000000"
"2025-08-07T00:00:00Z","166219857","Hawthorn v Collingwood","253652d9-8402-446d-ae22-8afa767923ff","Round 22 v Collingwood","78eb8442-e99a-445f-8154-59b764e0c73a","b28ab5c1-e9a1-46f1-8d29-2c9b48edba60","Quarter 4","22","Round 22","Waverley","40","MCG","Lloyd Meek","17","Hybrid","2426.84058","92.28","2","235.3544","6.34362","89.7959599684222860","82.08858","113","28","0","892.65002","1621.5699999332428","10.0000000000","7.0000000000","3.0000000000","7.0000000000","4.0000000000","3.0000000000","1.0000000000","15.0000000000","2.0000000000","1.0000000000","132.9096191902","1.0000000000","3.0000000000","","7443.0000000000"
"2025-08-07T00:00:00Z","166219857","Hawthorn v Collingwood","253652d9-8402-446d-ae22-8afa767923ff","Round 22 v Collingwood","78eb8442-e99a-445f-8154-59b764e0c73a","937cf9d8-03f1-4349-a46e-191bbb32879a","Quarter 2","22","Round 22","Waverley","40","MCG","Lloyd Meek","17","Hybrid","3466.89307","141.23000000000002","2","351.6665","7.39867","107.8858270016119140","76.51363","119","31","0","1333.70996","1928.090000152588","10.0000000000","7.0000000000","3.0000000000","7.0000000000","4.0000000000","3.0000000000","1.0000000000","15.0000000000","2.0000000000","1.0000000000","132.9096191902","1.0000000000","3.0000000000","","7443.0000000000"
"2025-08-07T00:00:00Z","166219857","Hawthorn v Collingwood","253652d9-8402-446d-ae22-8afa767923ff","Round 22 v Collingwood","d15ed9ce-f683-4f0e-b12f-c87e4029f11e","b28ab5c1-e9a1-46f1-8d29-2c9b48edba60","Quarter 4","22","Round 22","Waverley","40","MCG","Nick Watson","05","Hybrid","2528.12134","124.67","2","266.35809","8.3079","93.5434673842292940","143.17077","197","20","0","1086.08997","1621.5699999332428","21.0000000000","13.0000000000","8.0000000000","1.0000000000","1.0000000000","2.0000000000","1.0000000000","21.0000000000","5.0000000000","1.0000000000","282.8552716356","6.0000000000","1.0000000000","","7443.0000000000"
"2025-08-07T00:00:00Z","166219857","Hawthorn v Collingwood","253652d9-8402-446d-ae22-8afa767923ff","Round 22 v Collingwood","d15ed9ce-f683-4f0e-b12f-c87e4029f11e","446cd3d2-4a05-49ad-841f-e73541be825f","Quarter 3","22","Round 22","Waverley","40","MCG","Nick Watson","05","Hybrid","3484.95117","473.84999999999997","10","345.85211","8.47636","121.6614321577516320","131.03924","194","29","0","1263.32007","1718.6799998283386","21.0000000000","13.0000000000","8.0000000000","1.0000000000","1.0000000000","2.0000000000","1.0000000000","21.0000000000","5.0000000000","1.0000000000","282.8552716356","6.0000000000","1.0000000000","","7443.0000000000"
"2025-08-07T00:00:00Z","166219857","Hawthorn v Collingwood","253652d9-8402-446d-ae22-8afa767923ff","Round 22 v Collingwood","d15ed9ce-f683-4f0e-b12f-c87e4029f11e","937cf9d8-03f1-4349-a46e-191bbb32879a","Quarter 2","22","Round 22","Waverley","40","MCG","Nick Watson","05","Hybrid","2567.72803","229.15000000000003","6","251.99911","7.34512","79.9048186484072220","94.02759","136","29","0","769.51001","1928.090000152588","21.0000000000","13.0000000000","8.0000000000","1.0000000000","1.0000000000","2.0000000000","1.0000000000","21.0000000000","5.0000000000","1.0000000000","282.8552716356","6.0000000000","1.0000000000","","7443.0000000000"
"2025-08-07T00:00:00Z","166219857","Hawthorn v Collingwood","253652d9-8402-446d-ae22-8afa767923ff","Round 22 v Collingwood","d15ed9ce-f683-4f0e-b12f-c87e4029f11e","81d1bb0a-6236-41b3-bcba-9817903ae93a","Quarter 1","22","Round 22","Waverley","40","MCG","Nick Watson","05","Hybrid","3359.89648","447.78","14","358.37924","8.64355","94.1121111478600680","101.53771","126","30","0","1305.04004","2142.0599999427795","21.0000000000","13.0000000000","8.0000000000","1.0000000000","1.0000000000","2.0000000000","1.0000000000","21.0000000000","5.0000000000","1.0000000000","282.8552716356","6.0000000000","1.0000000000","","7443.0000000000"
"2025-08-07T00:00:00Z","166219857","Hawthorn v Collingwood","253652d9-8402-446d-ae22-8afa767923ff","Round 22 v Collingwood","dc9a9fa6-3f4c-464e-ae3c-ce8c25ab08d1","b28ab5c1-e9a1-46f1-8d29-2c9b48edba60","Quarter 4","22","Round 22","Waverley","40","MCG","Massimo D'Ambrosio","16","Hybrid","2997.08545","437.87001","11","292.65167","7.57239","110.8956918340886220","56.08858","86","28","0","1068.82007","1621.5699999332428","24.0000000000","13.0000000000","11.0000000000","7.0000000000","1.0000000000","1.0000000000","1.0000000000","7.0000000000","2.0000000000","2.0000000000","288.8691019434","5.0000000000","","","7443.0000000000"
"2025-08-07T00:00:00Z","166219857","Hawthorn v Collingwood","253652d9-8402-446d-ae22-8afa767923ff","Round 22 v Collingwood","dc9a9fa6-3f4c-464e-ae3c-ce8c25ab08d1","446cd3d2-4a05-49ad-841f-e73541be825f","Quarter 3","22","Round 22","Waverley","40","MCG","Massimo D'Ambrosio","16","Hybrid","2911.3623","382.39999","11","290.58197","7.40678","101.6371506141033660","32.44632","61","30","0","937.10999","1718.6799998283386","24.0000000000","13.0000000000","11.0000000000","7.0000000000","1.0000000000","1.0000000000","1.0000000000","7.0000000000","2.0000000000","2.0000000000","288.8691019434","5.0000000000","","","7443.0000000000"
"2025-08-07T00:00:00Z","166219857","Hawthorn v Collingwood","253652d9-8402-446d-ae22-8afa767923ff","Round 22 v Collingwood","dc9a9fa6-3f4c-464e-ae3c-ce8c25ab08d1","937cf9d8-03f1-4349-a46e-191bbb32879a","Quarter 2","22","Round 22","Waverley","40","MCG","Massimo D'Ambrosio","16","Hybrid","3290.01758","396.13","12","319.41757","7.7161","102.3816599766493200","83.98491","149","38","0","1067.96997","1928.090000152588","24.0000000000","13.0000000000","11.0000000000","7.0000000000","1.0000000000","1.0000000000","1.0000000000","7.0000000000","2.0000000000","2.0000000000","288.8691019434","5.0000000000","","","7443.0000000000"
"2025-08-07T00:00:00Z","166219857","Hawthorn v Collingwood","253652d9-8402-446d-ae22-8afa767923ff","Round 22 v Collingwood","dc9a9fa6-3f4c-464e-ae3c-ce8c25ab08d1","81d1bb0a-6236-41b3-bcba-9817903ae93a","Quarter 1","22","Round 22","Waverley","40","MCG","Massimo D'Ambrosio","16","Hybrid","3863.55688","585.45002","18","384.44873","7.63603","108.2198504272487220","120.58595","164","55","0","1397.54004","2142.0599999427795","24.0000000000","13.0000000000","11.0000000000","7.0000000000","1.0000000000","1.0000000000","1.0000000000","7.0000000000","2.0000000000","2.0000000000","288.8691019434","5.0000000000","","","7443.0000000000"
"2025-08-07T00:00:00Z","166219857","Hawthorn v Collingwood","253652d9-8402-446d-ae22-8afa767923ff","Round 22 v Collingwood","8abef924-5203-4e6c-967d-b809d768e3b4","81d1bb0a-6236-41b3-bcba-9817903ae93a","Quarter 1","22","Round 22","Waverley","40","MCG","Calsher Dear","13","Hybrid","2834.94214","246.84","6","263.57318","7.69092","79.4079196682370060","0","0","33","0","1018.29999","2142.0599999427795","25.0000000000","12.0000000000","13.0000000000","6.0000000000","2.0000000000","2.0000000000","","9.0000000000","2.0000000000","2.0000000000","258.8538123770","2.0000000000","1.0000000000","","7443.0000000000"
"2025-08-07T00:00:00Z","166219857","Hawthorn v Collingwood","253652d9-8402-446d-ae22-8afa767923ff","Round 22 v Collingwood","8abef924-5203-4e6c-967d-b809d768e3b4","937cf9d8-03f1-4349-a46e-191bbb32879a","Quarter 2","22","Round 22","Waverley","40","MCG","Calsher Dear","13","Hybrid","2880.15039","208.64001","7","270.91129","7.20163","89.6270523607943520","0","0","35","0","854.48999","1928.090000152588","25.0000000000","12.0000000000","13.0000000000","6.0000000000","2.0000000000","2.0000000000","","9.0000000000","2.0000000000","2.0000000000","258.8538123770","2.0000000000","1.0000000000","","7443.0000000000"
"2025-08-07T00:00:00Z","166219857","Hawthorn v Collingwood","253652d9-8402-446d-ae22-8afa767923ff","Round 22 v Collingwood","8abef924-5203-4e6c-967d-b809d768e3b4","446cd3d2-4a05-49ad-841f-e73541be825f","Quarter 3","22","Round 22","Waverley","40","MCG","Calsher Dear","13","Hybrid","2841.06665","238.02","6","254.52443","7.36722","99.1830934304384220","0","0","41","0","1038.30005","1718.6799998283386","25.0000000000","12.0000000000","13.0000000000","6.0000000000","2.0000000000","2.0000000000","","9.0000000000","2.0000000000","2.0000000000","258.8538123770","2.0000000000","1.0000000000","","7443.0000000000"
"2025-08-07T00:00:00Z","166219857","Hawthorn v Collingwood","253652d9-8402-446d-ae22-8afa767923ff","Round 22 v Collingwood","ee799c04-c79f-41c9-bd53-176bb21a7077","446cd3d2-4a05-49ad-841f-e73541be825f","Quarter 3","22","Round 22","Waverley","40","MCG","Conor Nash","11","Back","3152.67285","294.46","10","272.16779","7.90368","110.0614256399639820","102.49157","103","34","0","1219.04004","1718.6799998283386","23.0000000000","12.0000000000","11.0000000000","5.0000000000","3.0000000000","5.0000000000","1.0000000000","16.0000000000","3.0000000000","3.0000000000","353.7190264755","3.0000000000","","","7443.0000000000"
"2025-08-07T00:00:00Z","166219857","Hawthorn v Collingwood","253652d9-8402-446d-ae22-8afa767923ff","Round 22 v Collingwood","ee799c04-c79f-41c9-bd53-176bb21a7077","937cf9d8-03f1-4349-a46e-191bbb32879a","Quarter 2","22","Round 22","Waverley","40","MCG","Conor Nash","11","Back","2538.83887","312.74","7","220.02753","7.235","79.0058203652032140","102.01193","103","39","0","781.06","1928.090000152588","23.0000000000","12.0000000000","11.0000000000","5.0000000000","3.0000000000","5.0000000000","1.0000000000","16.0000000000","3.0000000000","3.0000000000","353.7190264755","3.0000000000","","","7443.0000000000"
"2025-08-07T00:00:00Z","166219857","Hawthorn v Collingwood","253652d9-8402-446d-ae22-8afa767923ff","Round 22 v Collingwood","ee799c04-c79f-41c9-bd53-176bb21a7077","81d1bb0a-6236-41b3-bcba-9817903ae93a","Quarter 1","22","Round 22","Waverley","40","MCG","Conor Nash","11","Back","3953.28271","224.64","5","347.37729","7.437","110.7331085993558580","99.88054","112","55","0","1577.33997","2142.0599999427795","23.0000000000","12.0000000000","11.0000000000","5.0000000000","3.0000000000","5.0000000000","1.0000000000","16.0000000000","3.0000000000","3.0000000000","353.7190264755","3.0000000000","","","7443.0000000000"
"2025-08-07T00:00:00Z","166219857","Hawthorn v Collingwood","253652d9-8402-446d-ae22-8afa767923ff","Round 22 v Collingwood","ee799c04-c79f-41c9-bd53-176bb21a7077","b28ab5c1-e9a1-46f1-8d29-2c9b48edba60","Quarter 4","22","Round 22","Waverley","40","MCG","Conor Nash","11","Back","3453.51978","229.73","5","304.00159","7.30562","127.7842996654665060","103","103","43","0","1519.32996","1621.5699999332428","23.0000000000","12.0000000000","11.0000000000","5.0000000000","3.0000000000","5.0000000000","1.0000000000","16.0000000000","3.0000000000","3.0000000000","353.7190264755","3.0000000000","","","7443.0000000000"
"2025-08-07T00:00:00Z","166219857","Hawthorn v Collingwood","253652d9-8402-446d-ae22-8afa767923ff","Round 22 v Collingwood","a5e3bb3d-7e57-4dff-9d50-d405f3e1a584","81d1bb0a-6236-41b3-bcba-9817903ae93a","Quarter 1","22","Round 22","Waverley","40","MCG","Jai Newcombe","03","Hybrid","2035.52344","227.21","4","217.68394","8.09479","57.01586622375772684860","87.87611","110","23","0","655.12","2142.0599999427795","10.0000000000","6.0000000000","4.0000000000","4.0000000000","3.0000000000","1.0000000000","","13.0000000000","2.0000000000","3.0000000000","313.0971971805","3.0000000000","","","7443.0000000000"
"2025-08-07T00:00:00Z","166219857","Hawthorn v Collingwood","253652d9-8402-446d-ae22-8afa767923ff","Round 22 v Collingwood","a5e3bb3d-7e57-4dff-9d50-d405f3e1a584","937cf9d8-03f1-4349-a46e-191bbb32879a","Quarter 2","22","Round 22","Waverley","40","MCG","Jai Newcombe","03","Hybrid","3393.71582","331.28000000000003","10","356.21844","7.03843","105.6086329911391020","85.37043","166","44","0","914.70996","1928.090000152588","10.0000000000","6.0000000000","4.0000000000","4.0000000000","3.0000000000","1.0000000000","","13.0000000000","2.0000000000","3.0000000000","313.0971971805","3.0000000000","","","7443.0000000000"
"2025-08-07T00:00:00Z","166219857","Hawthorn v Collingwood","253652d9-8402-446d-ae22-8afa767923ff","Round 22 v Collingwood","a5e3bb3d-7e57-4dff-9d50-d405f3e1a584","446cd3d2-4a05-49ad-841f-e73541be825f","Quarter 3","22","Round 22","Waverley","40","MCG","Jai Newcombe","03","Hybrid","3513.46143","161.2","5","383.43784","6.54078","122.6567399522048460","77.90665","139","42","0","1549.69995","1718.6799998283386","10.0000000000","6.0000000000","4.0000000000","4.0000000000","3.0000000000","1.0000000000","","13.0000000000","2.0000000000","3.0000000000","313.0971971805","3.0000000000","","","7443.0000000000"
"2025-08-07T00:00:00Z","166219857","Hawthorn v Collingwood","253652d9-8402-446d-ae22-8afa767923ff","Round 22 v Collingwood","a5e3bb3d-7e57-4dff-9d50-d405f3e1a584","b28ab5c1-e9a1-46f1-8d29-2c9b48edba60","Quarter 4","22","Round 22","Waverley","40","MCG","Jai Newcombe","03","Hybrid","2792.37134","278.21","7","298.15375","8.00577","103.3210286369983560","73.0984","98","31","0","1109.13","1621.5699999332428","10.0000000000","6.0000000000","4.0000000000","4.0000000000","3.0000000000","1.0000000000","","13.0000000000","2.0000000000","3.0000000000","313.0971971805","3.0000000000","","","7443.0000000000"
"2025-08-07T00:00:00Z","166219857","Hawthorn v Collingwood","253652d9-8402-446d-ae22-8afa767923ff","Round 22 v Collingwood","020880cf-4cc3-45b8-ade5-ced73183435f","b28ab5c1-e9a1-46f1-8d29-2c9b48edba60","Quarter 4","22","Round 22","Waverley","40","MCG","Jack Ginnivan","33","Hybrid","3173.49121","548.54001","12","324.43097","7.29246","117.4229127375560880","68.86121","82","31","0","913.37","1621.5699999332428","26.0000000000","13.0000000000","13.0000000000","4.0000000000","1.0000000000","4.0000000000","","10.0000000000","3.0000000000","1.0000000000","311.1104086264","7.0000000000","","","7443.0000000000"
"2025-08-07T00:00:00Z","166219857","Hawthorn v Collingwood","253652d9-8402-446d-ae22-8afa767923ff","Round 22 v Collingwood","020880cf-4cc3-45b8-ade5-ced73183435f","446cd3d2-4a05-49ad-841f-e73541be825f","Quarter 3","22","Round 22","Waverley","40","MCG","Jack Ginnivan","33","Hybrid","3247.66406","434.85999","13","333.40811","7.81211","113.3776174851994320","88.23244","133","39","0","1231.46997","1718.6799998283386","26.0000000000","13.0000000000","13.0000000000","4.0000000000","1.0000000000","4.0000000000","","10.0000000000","3.0000000000","1.0000000000","311.1104086264","7.0000000000","","","7443.0000000000"
"2025-08-07T00:00:00Z","166219857","Hawthorn v Collingwood","253652d9-8402-446d-ae22-8afa767923ff","Round 22 v Collingwood","020880cf-4cc3-45b8-ade5-ced73183435f","937cf9d8-03f1-4349-a46e-191bbb32879a","Quarter 2","22","Round 22","Waverley","40","MCG","Jack Ginnivan","33","Hybrid","3554.06372","400.73998","9","369.9039","7.62872","110.5984799377228260","0","0","55","0","1014.21997","1928.090000152588","26.0000000000","13.0000000000","13.0000000000","4.0000000000","1.0000000000","4.0000000000","","10.0000000000","3.0000000000","1.0000000000","311.1104086264","7.0000000000","","","7443.0000000000"
"2025-08-07T00:00:00Z","166219857","Hawthorn v Collingwood","253652d9-8402-446d-ae22-8afa767923ff","Round 22 v Collingwood","020880cf-4cc3-45b8-ade5-ced73183435f","81d1bb0a-6236-41b3-bcba-9817903ae93a","Quarter 1","22","Round 22","Waverley","40","MCG","Jack Ginnivan","33","Hybrid","3440.08057","511.04000999999994","12","365.77185","7.64949","96.3581011762105920","119.88769","133","44","0","1246.47998","2142.0599999427795","26.0000000000","13.0000000000","13.0000000000","4.0000000000","1.0000000000","4.0000000000","","10.0000000000","3.0000000000","1.0000000000","311.1104086264","7.0000000000","","","7443.0000000000"
"2025-08-07T00:00:00Z","166219857","Hawthorn v Collingwood","253652d9-8402-446d-ae22-8afa767923ff","Round 22 v Collingwood","2794f857-7792-4f4b-b5fc-204ce195a191","b28ab5c1-e9a1-46f1-8d29-2c9b48edba60","Quarter 4","22","Round 22","Waverley","40","MCG","Josh Ward","25","Hybrid","3112.87158","458.19000000000005","11","290.28336","7.46625","115.1799150253699140","96.68461","147","36","0","1163.32996","1621.5699999332428","21.0000000000","14.0000000000","7.0000000000","6.0000000000","3.0000000000","2.0000000000","","18.0000000000","4.0000000000","","383.6982083224","2.0000000000","","","7443.0000000000"
"2025-08-07T00:00:00Z","166219857","Hawthorn v Collingwood","253652d9-8402-446d-ae22-8afa767923ff","Round 22 v Collingwood","2794f857-7792-4f4b-b5fc-204ce195a191","446cd3d2-4a05-49ad-841f-e73541be825f","Quarter 3","22","Round 22","Waverley","40","MCG","Josh Ward","25","Hybrid","3689.03271","409.53999999999996","7","337.78708","8.15236","128.7860233563592920","113.11648","139","44","0","1316.23999","1718.6799998283386","21.0000000000","14.0000000000","7.0000000000","6.0000000000","3.0000000000","2.0000000000","","18.0000000000","4.0000000000","","383.6982083224","2.0000000000","","","7443.0000000000"
"2025-08-07T00:00:00Z","166219857","Hawthorn v Collingwood","253652d9-8402-446d-ae22-8afa767923ff","Round 22 v Collingwood","2794f857-7792-4f4b-b5fc-204ce195a191","937cf9d8-03f1-4349-a46e-191bbb32879a","Quarter 2","22","Round 22","Waverley","40","MCG","Josh Ward","25","Hybrid","3178.72974","380.41","11","296.70435","7.58616","98.9185071158017620","74.36372","110","48","0","1126.42993","1928.090000152588","21.0000000000","14.0000000000","7.0000000000","6.0000000000","3.0000000000","2.0000000000","","18.0000000000","4.0000000000","","383.6982083224","2.0000000000","","","7443.0000000000"
"2025-08-07T00:00:00Z","166219857","Hawthorn v Collingwood","253652d9-8402-446d-ae22-8afa767923ff","Round 22 v Collingwood","2794f857-7792-4f4b-b5fc-204ce195a191","81d1bb0a-6236-41b3-bcba-9817903ae93a","Quarter 1","22","Round 22","Waverley","40","MCG","Josh Ward","25","Hybrid","3788.6936","435.67001","11","359.0235","7.60488","106.1228985210836340","87.06752","131","52","0","1497.93005","2142.0599999427795","21.0000000000","14.0000000000","7.0000000000","6.0000000000","3.0000000000","2.0000000000","","18.0000000000","4.0000000000","","383.6982083224","2.0000000000","","","7443.0000000000"
"2025-08-07T00:00:00Z","166219857","Hawthorn v Collingwood","253652d9-8402-446d-ae22-8afa767923ff","Round 22 v Collingwood","a5e3bb3d-7e57-4dff-9d50-d405f3e1a584","81d1bb0a-6236-41b3-bcba-9817903ae93a","Quarter 1","22","Round 22","Waverley","40","MCG","Jai Newcombe","03","Hybrid","2035.52344","227.21","4","217.68394","8.09479","57.01586622375772684860","87.87611","110","23","0","655.12","2142.0599999427795","28.0000000000","10.0000000000","18.0000000000","5.0000000000","2.0000000000","7.0000000000","1.0000000000","13.0000000000","4.0000000000","1.0000000000","226.2261010929","2.0000000000","1.0000000000","","7443.0000000000"
"2025-08-07T00:00:00Z","166219857","Hawthorn v Collingwood","253652d9-8402-446d-ae22-8afa767923ff","Round 22 v Collingwood","a5e3bb3d-7e57-4dff-9d50-d405f3e1a584","b28ab5c1-e9a1-46f1-8d29-2c9b48edba60","Quarter 4","22","Round 22","Waverley","40","MCG","Jai Newcombe","03","Hybrid","2792.37134","278.21","7","298.15375","8.00577","103.3210286369983560","73.0984","98","31","0","1109.13","1621.5699999332428","28.0000000000","10.0000000000","18.0000000000","5.0000000000","2.0000000000","7.0000000000","1.0000000000","13.0000000000","4.0000000000","1.0000000000","226.2261010929","2.0000000000","1.0000000000","","7443.0000000000"
"2025-08-07T00:00:00Z","166219857","Hawthorn v Collingwood","253652d9-8402-446d-ae22-8afa767923ff","Round 22 v Collingwood","a5e3bb3d-7e57-4dff-9d50-d405f3e1a584","446cd3d2-4a05-49ad-841f-e73541be825f","Quarter 3","22","Round 22","Waverley","40","MCG","Jai Newcombe","03","Hybrid","3513.46143","161.2","5","383.43784","6.54078","122.6567399522048460","77.90665","139","42","0","1549.69995","1718.6799998283386","28.0000000000","10.0000000000","18.0000000000","5.0000000000","2.0000000000","7.0000000000","1.0000000000","13.0000000000","4.0000000000","1.0000000000","226.2261010929","2.0000000000","1.0000000000","","7443.0000000000"
"2025-08-07T00:00:00Z","166219857","Hawthorn v Collingwood","253652d9-8402-446d-ae22-8afa767923ff","Round 22 v Collingwood","a5e3bb3d-7e57-4dff-9d50-d405f3e1a584","937cf9d8-03f1-4349-a46e-191bbb32879a","Quarter 2","22","Round 22","Waverley","40","MCG","Jai Newcombe","03","Hybrid","3393.71582","331.28000000000003","10","356.21844","7.03843","105.6086329911391020","85.37043","166","44","0","914.70996","1928.090000152588","28.0000000000","10.0000000000","18.0000000000","5.0000000000","2.0000000000","7.0000000000","1.0000000000","13.0000000000","4.0000000000","1.0000000000","226.2261010929","2.0000000000","1.0000000000","","7443.0000000000"
"2025-08-16T00:00:00Z","166236240","Hawthorn v Melbourne","869c85ee-8871-4402-be74-2ce39a46856d","Round 23 v Melbourne","236a3ba1-a655-45e2-bcd2-6ad50b7c42fd","ac94af9f-b798-4ca7-b99d-327081e17fde","Quarter 1","23","Round 23","MCG","40","MCG","Mabior Chol","18","Hybrid","2949.33398","288.09999999999997","7","240.03915","8.02896","98.4889599554751660","135.26071","160","31","0","1109.65991","1796.75","5.0000000000","4.0000000000","1.0000000000","1.0000000000","","","1.0000000000","","2.0000000000","","160.4670841224","3.0000000000","","","7344.0000000000"
"2025-08-16T00:00:00Z","166236240","Hawthorn v Melbourne","869c85ee-8871-4402-be74-2ce39a46856d","Round 23 v Melbourne","236a3ba1-a655-45e2-bcd2-6ad50b7c42fd","1d719da6-234a-4e95-8bdb-a96ab9bc3ff0","Quarter 2","23","Round 23","MCG","40","MCG","Mabior Chol","18","Hybrid","2828.54834","327.13","10","221.48358","8.39141","99.1945224421425240","86.26481","150","43","0","769.25","1710.9100000858307","5.0000000000","4.0000000000","1.0000000000","1.0000000000","","","1.0000000000","","2.0000000000","","160.4670841224","3.0000000000","","","7344.0000000000"
"2025-08-16T00:00:00Z","166236240","Hawthorn v Melbourne","869c85ee-8871-4402-be74-2ce39a46856d","Round 23 v Melbourne","236a3ba1-a655-45e2-bcd2-6ad50b7c42fd","71df9e04-a6e3-4503-9431-0ad31a769d66","Quarter 3","23","Round 23","MCG","40","MCG","Mabior Chol","18","Hybrid","3015.32129","334.48001000000005","6","238.4856","8.16917","99.7696429231931640","14.21384","26","32","0","1008.83002","1813.3700001239777","5.0000000000","4.0000000000","1.0000000000","1.0000000000","","","1.0000000000","","2.0000000000","","160.4670841224","3.0000000000","","","7344.0000000000"
"2025-08-16T00:00:00Z","166236240","Hawthorn v Melbourne","869c85ee-8871-4402-be74-2ce39a46856d","Round 23 v Melbourne","236a3ba1-a655-45e2-bcd2-6ad50b7c42fd","0975166e-cc94-4a88-9e54-d4491eebb29f","Quarter 4","23","Round 23","MCG","40","MCG","Mabior Chol","18","Hybrid","2545.57422","106.77999999999999","4","201.29384","7.71239","79.8502965352482840","93.27032","107","24","0","809.20001","1912.7599999904633","5.0000000000","4.0000000000","1.0000000000","1.0000000000","","","1.0000000000","","2.0000000000","","160.4670841224","3.0000000000","","","7344.0000000000"
"2025-08-16T00:00:00Z","166236240","Hawthorn v Melbourne","869c85ee-8871-4402-be74-2ce39a46856d","Round 23 v Melbourne","ee799c04-c79f-41c9-bd53-176bb21a7077","0975166e-cc94-4a88-9e54-d4491eebb29f","Quarter 4","23","Round 23","MCG","40","MCG","Conor Nash","11","Back","3247.24463","291.72","7","279.02216","6.98207","101.8604936327460900","39.07171","116","37","0","1187.1499","1912.7599999904633","27.0000000000","17.0000000000","10.0000000000","6.0000000000","2.0000000000","5.0000000000","2.0000000000","10.0000000000","4.0000000000","2.0000000000","365.8278571510","5.0000000000","","1.0000000000","7344.0000000000"
"2025-08-16T00:00:00Z","166236240","Hawthorn v Melbourne","869c85ee-8871-4402-be74-2ce39a46856d","Round 23 v Melbourne","ee799c04-c79f-41c9-bd53-176bb21a7077","71df9e04-a6e3-4503-9431-0ad31a769d66","Quarter 3","23","Round 23","MCG","40","MCG","Conor Nash","11","Back","3364.79346","152.81","1","288.94223","6.42651","111.3328264977347220","33.61048","123","40","0","1312.53003","1813.3700001239777","27.0000000000","17.0000000000","10.0000000000","6.0000000000","2.0000000000","5.0000000000","2.0000000000","10.0000000000","4.0000000000","2.0000000000","365.8278571510","5.0000000000","","1.0000000000","7344.0000000000"
"2025-08-16T00:00:00Z","166236240","Hawthorn v Melbourne","869c85ee-8871-4402-be74-2ce39a46856d","Round 23 v Melbourne","ee799c04-c79f-41c9-bd53-176bb21a7077","1d719da6-234a-4e95-8bdb-a96ab9bc3ff0","Quarter 2","23","Round 23","MCG","40","MCG","Conor Nash","11","Back","2517.31445","198.31","3","215.29065","6.47714","88.2798434706810300","37.42384","142","38","0","993.53003","1710.9100000858307","27.0000000000","17.0000000000","10.0000000000","6.0000000000","2.0000000000","5.0000000000","2.0000000000","10.0000000000","4.0000000000","2.0000000000","365.8278571510","5.0000000000","","1.0000000000","7344.0000000000"
"2025-08-16T00:00:00Z","166236240","Hawthorn v Melbourne","869c85ee-8871-4402-be74-2ce39a46856d","Round 23 v Melbourne","ee799c04-c79f-41c9-bd53-176bb21a7077","ac94af9f-b798-4ca7-b99d-327081e17fde","Quarter 1","23","Round 23","MCG","40","MCG","Conor Nash","11","Back","2776.24463","380.69001","10","234.83594","7.62508","92.7088786976485320","50.54679","131","28","0","995.08997","1796.75","27.0000000000","17.0000000000","10.0000000000","6.0000000000","2.0000000000","5.0000000000","2.0000000000","10.0000000000","4.0000000000","2.0000000000","365.8278571510","5.0000000000","","1.0000000000","7344.0000000000"
"2025-08-16T00:00:00Z","166236240","Hawthorn v Melbourne","869c85ee-8871-4402-be74-2ce39a46856d","Round 23 v Melbourne","0325dfcd-afd9-4feb-9006-dd13f41ca9e6","ac94af9f-b798-4ca7-b99d-327081e17fde","Quarter 1","23","Round 23","MCG","40","MCG","Jack Gunston","19","Forward","2874.63037","271.2","6","267.89502","7.63209","95.9943354389870580","72.68746","127","42","0","866.29999","1796.75","14.0000000000","13.0000000000","1.0000000000","10.0000000000","2.0000000000","","1.0000000000","11.0000000000","1.0000000000","","393.6708880259","","7.0000000000","4.0000000000","7344.0000000000"
"2025-08-16T00:00:00Z","166236240","Hawthorn v Melbourne","869c85ee-8871-4402-be74-2ce39a46856d","Round 23 v Melbourne","0325dfcd-afd9-4feb-9006-dd13f41ca9e6","1d719da6-234a-4e95-8bdb-a96ab9bc3ff0","Quarter 2","23","Round 23","MCG","40","MCG","Jack Gunston","19","Forward","2648.70117","95.00999999999999","3","260.8399","6.88403","92.8874518192233420","85.43155","141","41","0","872.51001","1710.9100000858307","14.0000000000","13.0000000000","1.0000000000","10.0000000000","2.0000000000","","1.0000000000","11.0000000000","1.0000000000","","393.6708880259","","7.0000000000","4.0000000000","7344.0000000000"
"2025-08-16T00:00:00Z","166236240","Hawthorn v Melbourne","869c85ee-8871-4402-be74-2ce39a46856d","Round 23 v Melbourne","0325dfcd-afd9-4feb-9006-dd13f41ca9e6","71df9e04-a6e3-4503-9431-0ad31a769d66","Quarter 3","23","Round 23","MCG","40","MCG","Jack Gunston","19","Forward","2752.46851","118.21000000000001","5","246.8324","7.146","91.0724841531011580","97.39646","147","26","0","981.84998","1813.3700001239777","14.0000000000","13.0000000000","1.0000000000","10.0000000000","2.0000000000","","1.0000000000","11.0000000000","1.0000000000","","393.6708880259","","7.0000000000","4.0000000000","7344.0000000000"
"2025-08-16T00:00:00Z","166236240","Hawthorn v Melbourne","869c85ee-8871-4402-be74-2ce39a46856d","Round 23 v Melbourne","0325dfcd-afd9-4feb-9006-dd13f41ca9e6","0975166e-cc94-4a88-9e54-d4491eebb29f","Quarter 4","23","Round 23","MCG","40","MCG","Jack Gunston","19","Forward","2193.07495","125.68","4","197.73477","7.28667","68.7929991220310220","94.51258","136","25","0","627.91003","1912.7599999904633","14.0000000000","13.0000000000","1.0000000000","10.0000000000","2.0000000000","","1.0000000000","11.0000000000","1.0000000000","","393.6708880259","","7.0000000000","4.0000000000","7344.0000000000"
"2025-08-16T00:00:00Z","166236240","Hawthorn v Melbourne","869c85ee-8871-4402-be74-2ce39a46856d","Round 23 v Melbourne","2794f857-7792-4f4b-b5fc-204ce195a191","0975166e-cc94-4a88-9e54-d4491eebb29f","Quarter 4","23","Round 23","MCG","40","MCG","Josh Ward","25","Hybrid","3015.12329","232.78","4","286.22125","7.08965","94.5792453841056780","109.09079","128","38","0","1132.91003","1912.7599999904633","6.0000000000","2.0000000000","4.0000000000","2.0000000000","","","","5.0000000000","","1.0000000000","-0.4764554972","2.0000000000","","","7344.0000000000"
"2025-08-16T00:00:00Z","166236240","Hawthorn v Melbourne","869c85ee-8871-4402-be74-2ce39a46856d","Round 23 v Melbourne","2794f857-7792-4f4b-b5fc-204ce195a191","ac94af9f-b798-4ca7-b99d-327081e17fde","Quarter 1","23","Round 23","MCG","40","MCG","Josh Ward","25","Hybrid","3735.77637","416.90999","12","349.58551","7.67102","124.7511240851537520","85.71472","125","53","0","1264.28003","1796.75","6.0000000000","2.0000000000","4.0000000000","2.0000000000","","","","5.0000000000","","1.0000000000","-0.4764554972","2.0000000000","","","7344.0000000000"
"2025-08-16T00:00:00Z","166236240","Hawthorn v Melbourne","869c85ee-8871-4402-be74-2ce39a46856d","Round 23 v Melbourne","2794f857-7792-4f4b-b5fc-204ce195a191","1d719da6-234a-4e95-8bdb-a96ab9bc3ff0","Quarter 2","23","Round 23","MCG","40","MCG","Josh Ward","25","Hybrid","3439.11914","399.4","9","330.4852","7.53522","120.6066645175072020","92.70603","130","50","0","1269.87","1710.9100000858307","6.0000000000","2.0000000000","4.0000000000","2.0000000000","","","","5.0000000000","","1.0000000000","-0.4764554972","2.0000000000","","","7344.0000000000"
"2025-08-16T00:00:00Z","166236240","Hawthorn v Melbourne","869c85ee-8871-4402-be74-2ce39a46856d","Round 23 v Melbourne","2794f857-7792-4f4b-b5fc-204ce195a191","71df9e04-a6e3-4503-9431-0ad31a769d66","Quarter 3","23","Round 23","MCG","40","MCG","Josh Ward","25","Hybrid","3776.44238","244.97","4","368.72339","6.77297","124.9532874066012900","105.83438","140","55","0","1461.17004","1813.3700001239777","6.0000000000","2.0000000000","4.0000000000","2.0000000000","","","","5.0000000000","","1.0000000000","-0.4764554972","2.0000000000","","","7344.0000000000"
"2025-08-16T00:00:00Z","166236240","Hawthorn v Melbourne","869c85ee-8871-4402-be74-2ce39a46856d","Round 23 v Melbourne","48b7449c-7b00-4728-8dcf-81959514acff","ac94af9f-b798-4ca7-b99d-327081e17fde","Quarter 1","23","Round 23","MCG","40","MCG","Jarman Impey","04","Midfielder","3454.80908","470.40999999999997","12","360.06601","8.80638","115.3686070961458200","141.76592","182","35","0","1295.95996","1796.75","29.0000000000","20.0000000000","9.0000000000","6.0000000000","5.0000000000","","3.0000000000","14.0000000000","2.0000000000","5.0000000000","362.7311047315","6.0000000000","","","7344.0000000000"
"2025-08-16T00:00:00Z","166236240","Hawthorn v Melbourne","869c85ee-8871-4402-be74-2ce39a46856d","Round 23 v Melbourne","48b7449c-7b00-4728-8dcf-81959514acff","1d719da6-234a-4e95-8bdb-a96ab9bc3ff0","Quarter 2","23","Round 23","MCG","40","MCG","Jarman Impey","04","Midfielder","3208.05908","381.84000000000003","10","350.65369","7.93816","112.5036061454686320","156.34188","169","45","0","1212.5","1710.9100000858307","29.0000000000","20.0000000000","9.0000000000","6.0000000000","5.0000000000","","3.0000000000","14.0000000000","2.0000000000","5.0000000000","362.7311047315","6.0000000000","","","7344.0000000000"
"2025-08-16T00:00:00Z","166236240","Hawthorn v Melbourne","869c85ee-8871-4402-be74-2ce39a46856d","Round 23 v Melbourne","48b7449c-7b00-4728-8dcf-81959514acff","71df9e04-a6e3-4503-9431-0ad31a769d66","Quarter 3","23","Round 23","MCG","40","MCG","Jarman Impey","04","Midfielder","2871.5437","261.16999","7","306.60089","8.82091","95.0123923899814080","97.97595","118","34","0","918.87","1813.3700001239777","29.0000000000","20.0000000000","9.0000000000","6.0000000000","5.0000000000","","3.0000000000","14.0000000000","2.0000000000","5.0000000000","362.7311047315","6.0000000000","","","7344.0000000000"
"2025-08-16T00:00:00Z","166236240","Hawthorn v Melbourne","869c85ee-8871-4402-be74-2ce39a46856d","Round 23 v Melbourne","48b7449c-7b00-4728-8dcf-81959514acff","0975166e-cc94-4a88-9e54-d4491eebb29f","Quarter 4","23","Round 23","MCG","40","MCG","Jarman Impey","04","Midfielder","3017.76123","458.54000999999994","9","312.11536","8.61831","94.6619930367127920","89.28218","129","38","0","919.64996","1912.7599999904633","29.0000000000","20.0000000000","9.0000000000","6.0000000000","5.0000000000","","3.0000000000","14.0000000000","2.0000000000","5.0000000000","362.7311047315","6.0000000000","","","7344.0000000000"
"2025-08-16T00:00:00Z","166236240","Hawthorn v Melbourne","869c85ee-8871-4402-be74-2ce39a46856d","Round 23 v Melbourne","a5e3bb3d-7e57-4dff-9d50-d405f3e1a584","0975166e-cc94-4a88-9e54-d4491eebb29f","Quarter 4","23","Round 23","MCG","40","MCG","Jai Newcombe","03","Hybrid","2907.34277","210.23","6","294.57538","6.88816","91.1983553612945340","124.56591","175","37","0","1186.81006","1912.7599999904633","30.0000000000","18.0000000000","12.0000000000","5.0000000000","4.0000000000","","","12.0000000000","3.0000000000","5.0000000000","394.4956398544","5.0000000000","","","7344.0000000000"
"2025-08-16T00:00:00Z","166236240","Hawthorn v Melbourne","869c85ee-8871-4402-be74-2ce39a46856d","Round 23 v Melbourne","a5e3bb3d-7e57-4dff-9d50-d405f3e1a584","71df9e04-a6e3-4503-9431-0ad31a769d66","Quarter 3","23","Round 23","MCG","40","MCG","Jai Newcombe","03","Hybrid","2697.50244","322.83998999999994","8","280.29919","7.84526","89.2537906709245860","104.65316","159","32","0","905.31","1813.3700001239777","30.0000000000","18.0000000000","12.0000000000","5.0000000000","4.0000000000","","","12.0000000000","3.0000000000","5.0000000000","394.4956398544","5.0000000000","","","7344.0000000000"
"2025-08-16T00:00:00Z","166236240","Hawthorn v Melbourne","869c85ee-8871-4402-be74-2ce39a46856d","Round 23 v Melbourne","a5e3bb3d-7e57-4dff-9d50-d405f3e1a584","1d719da6-234a-4e95-8bdb-a96ab9bc3ff0","Quarter 2","23","Round 23","MCG","40","MCG","Jai Newcombe","03","Hybrid","3091.59351","293.63999","5","324.16702","7.42812","108.4192684540357440","67.33097","96","38","0","1171.42993","1710.9100000858307","30.0000000000","18.0000000000","12.0000000000","5.0000000000","4.0000000000","","","12.0000000000","3.0000000000","5.0000000000","394.4956398544","5.0000000000","","","7344.0000000000"
"2025-08-16T00:00:00Z","166236240","Hawthorn v Melbourne","869c85ee-8871-4402-be74-2ce39a46856d","Round 23 v Melbourne","a5e3bb3d-7e57-4dff-9d50-d405f3e1a584","ac94af9f-b798-4ca7-b99d-327081e17fde","Quarter 1","23","Round 23","MCG","40","MCG","Jai Newcombe","03","Hybrid","3469.19604","220.32","5","379.83099","6.72427","115.8490398775567020","113.79342","133","47","0","1417.53003","1796.75","30.0000000000","18.0000000000","12.0000000000","5.0000000000","4.0000000000","","","12.0000000000","3.0000000000","5.0000000000","394.4956398544","5.0000000000","","","7344.0000000000"
"2025-08-16T00:00:00Z","166236240","Hawthorn v Melbourne","869c85ee-8871-4402-be74-2ce39a46856d","Round 23 v Melbourne","036695b3-12e6-43fb-a153-0dea34fd7c41","ac94af9f-b798-4ca7-b99d-327081e17fde","Quarter 1","23","Round 23","MCG","40","MCG","Karl Amon","10","Hybrid","3546.34717","416.14","8","336.52884","8.02861","118.4253959649366900","122.47923","137","35","0","1274.75","1796.75","24.0000000000","17.0000000000","7.0000000000","8.0000000000","2.0000000000","","","11.0000000000","4.0000000000","8.0000000000","683.9577558525","5.0000000000","","","7344.0000000000"
"2025-08-16T00:00:00Z","166236240","Hawthorn v Melbourne","869c85ee-8871-4402-be74-2ce39a46856d","Round 23 v Melbourne","036695b3-12e6-43fb-a153-0dea34fd7c41","71df9e04-a6e3-4503-9431-0ad31a769d66","Quarter 3","23","Round 23","MCG","40","MCG","Karl Amon","10","Hybrid","3525.44727","263.04999","5","341.16931","6.36288","116.6484700781077200","104.91818","108","39","0","1281.10999","1813.3700001239777","24.0000000000","17.0000000000","7.0000000000","8.0000000000","2.0000000000","","","11.0000000000","4.0000000000","8.0000000000","683.9577558525","5.0000000000","","","7344.0000000000"
"2025-08-16T00:00:00Z","166236240","Hawthorn v Melbourne","869c85ee-8871-4402-be74-2ce39a46856d","Round 23 v Melbourne","036695b3-12e6-43fb-a153-0dea34fd7c41","0975166e-cc94-4a88-9e54-d4491eebb29f","Quarter 4","23","Round 23","MCG","40","MCG","Karl Amon","10","Hybrid","3418.46753","468.78","12","318.76001","8.04058","107.2314622854004860","74.47862","107","39","0","1126.52002","1912.7599999904633","24.0000000000","17.0000000000","7.0000000000","8.0000000000","2.0000000000","","","11.0000000000","4.0000000000","8.0000000000","683.9577558525","5.0000000000","","","7344.0000000000"
"2025-08-16T00:00:00Z","166236240","Hawthorn v Melbourne","869c85ee-8871-4402-be74-2ce39a46856d","Round 23 v Melbourne","036695b3-12e6-43fb-a153-0dea34fd7c41","1d719da6-234a-4e95-8bdb-a96ab9bc3ff0","Quarter 2","23","Round 23","MCG","40","MCG","Karl Amon","10","Hybrid","3275.71436","361.75","9","310.81134","7.01733","114.8762130036881520","0","0","44","0","1224.71997","1710.9100000858307","24.0000000000","17.0000000000","7.0000000000","8.0000000000","2.0000000000","","","11.0000000000","4.0000000000","8.0000000000","683.9577558525","5.0000000000","","","7344.0000000000"
"2025-08-16T00:00:00Z","166236240","Hawthorn v Melbourne","869c85ee-8871-4402-be74-2ce39a46856d","Round 23 v Melbourne","29708cec-1d8a-451d-a7da-18fca9557adc","71df9e04-a6e3-4503-9431-0ad31a769d66","Quarter 3","23","Round 23","MCG","40","MCG","James Sicily","06","Back","2845.92725","264.76","7","264.03949","7.84341","94.1648064037265760","105.30544","167","34","0","977.87","1813.3700001239777","22.0000000000","15.0000000000","7.0000000000","7.0000000000","1.0000000000","1.0000000000","1.0000000000","7.0000000000","2.0000000000","7.0000000000","347.7792866049","6.0000000000","","","7344.0000000000"
"2025-08-16T00:00:00Z","166236240","Hawthorn v Melbourne","869c85ee-8871-4402-be74-2ce39a46856d","Round 23 v Melbourne","29708cec-1d8a-451d-a7da-18fca9557adc","ac94af9f-b798-4ca7-b99d-327081e17fde","Quarter 1","23","Round 23","MCG","40","MCG","James Sicily","06","Back","2500.0625","299.04","6","220.71466","7.80314","83.4861555586475580","98.48674","133","31","0","881.64001","1796.75","22.0000000000","15.0000000000","7.0000000000","7.0000000000","1.0000000000","1.0000000000","1.0000000000","7.0000000000","2.0000000000","7.0000000000","347.7792866049","6.0000000000","","","7344.0000000000"
"2025-08-16T00:00:00Z","166236240","Hawthorn v Melbourne","869c85ee-8871-4402-be74-2ce39a46856d","Round 23 v Melbourne","29708cec-1d8a-451d-a7da-18fca9557adc","1d719da6-234a-4e95-8bdb-a96ab9bc3ff0","Quarter 2","23","Round 23","MCG","40","MCG","James Sicily","06","Back","3497.48853","260.15999","7","332.44116","8.29956","122.6536239717299880","115.54675","163","37","0","1284.18994","1710.9100000858307","22.0000000000","15.0000000000","7.0000000000","7.0000000000","1.0000000000","1.0000000000","1.0000000000","7.0000000000","2.0000000000","7.0000000000","347.7792866049","6.0000000000","","","7344.0000000000"
"2025-08-16T00:00:00Z","166236240","Hawthorn v Melbourne","869c85ee-8871-4402-be74-2ce39a46856d","Round 23 v Melbourne","29708cec-1d8a-451d-a7da-18fca9557adc","0975166e-cc94-4a88-9e54-d4491eebb29f","Quarter 4","23","Round 23","MCG","40","MCG","James Sicily","06","Back","3314.19897","448.68","16","302.81323","8.52398","103.9607364232791600","59.12606","152","40","0","1129.09998","1912.7599999904633","22.0000000000","15.0000000000","7.0000000000","7.0000000000","1.0000000000","1.0000000000","1.0000000000","7.0000000000","2.0000000000","7.0000000000","347.7792866049","6.0000000000","","","7344.0000000000"
"2025-08-16T00:00:00Z","166236240","Hawthorn v Melbourne","869c85ee-8871-4402-be74-2ce39a46856d","Round 23 v Melbourne","d15ed9ce-f683-4f0e-b12f-c87e4029f11e","ac94af9f-b798-4ca7-b99d-327081e17fde","Quarter 1","23","Round 23","MCG","40","MCG","Nick Watson","05","Hybrid","3161.96533","494.82","16","294.70901","8.14351","105.5894920272714600","91.9895","164","29","0","1043.67004","1796.75","28.0000000000","14.0000000000","14.0000000000","2.0000000000","2.0000000000","8.0000000000","","13.0000000000","3.0000000000","","365.1847038213","5.0000000000","","1.0000000000","7344.0000000000"
"2025-08-16T00:00:00Z","166236240","Hawthorn v Melbourne","869c85ee-8871-4402-be74-2ce39a46856d","Round 23 v Melbourne","d15ed9ce-f683-4f0e-b12f-c87e4029f11e","1d719da6-234a-4e95-8bdb-a96ab9bc3ff0","Quarter 2","23","Round 23","MCG","40","MCG","Nick Watson","05","Hybrid","2788.08838","241.89001","7","266.30322","7.60645","97.7756298061311540","73.72215","137","34","0","1012.79004","1710.9100000858307","28.0000000000","14.0000000000","14.0000000000","2.0000000000","2.0000000000","8.0000000000","","13.0000000000","3.0000000000","","365.1847038213","5.0000000000","","1.0000000000","7344.0000000000"
"2025-08-16T00:00:00Z","166236240","Hawthorn v Melbourne","869c85ee-8871-4402-be74-2ce39a46856d","Round 23 v Melbourne","d15ed9ce-f683-4f0e-b12f-c87e4029f11e","71df9e04-a6e3-4503-9431-0ad31a769d66","Quarter 3","23","Round 23","MCG","40","MCG","Nick Watson","05","Hybrid","796.10577","114.03999999999999","3","83.51638","7.19642","26.34120240035639627400","86.90492","113","9","0","324.17999","1813.3700001239777","28.0000000000","14.0000000000","14.0000000000","2.0000000000","2.0000000000","8.0000000000","","13.0000000000","3.0000000000","","365.1847038213","5.0000000000","","1.0000000000","7344.0000000000"
"2025-08-16T00:00:00Z","166236240","Hawthorn v Melbourne","869c85ee-8871-4402-be74-2ce39a46856d","Round 23 v Melbourne","2ca83ae0-85a1-479e-bef1-d06af29b9200","0975166e-cc94-4a88-9e54-d4491eebb29f","Quarter 4","23","Round 23","MCG","40","MCG","Blake Hardwick","15","Back","3375.5332","345.81999","14","309.93759","7.28893","105.8846860039993440","100.26468","133","55","0","902.54999","1912.7599999904633","22.0000000000","10.0000000000","12.0000000000","3.0000000000","1.0000000000","1.0000000000","","20.0000000000","3.0000000000","2.0000000000","388.4886416288","10.0000000000","","","7344.0000000000"
"2025-08-16T00:00:00Z","166236240","Hawthorn v Melbourne","869c85ee-8871-4402-be74-2ce39a46856d","Round 23 v Melbourne","2ca83ae0-85a1-479e-bef1-d06af29b9200","71df9e04-a6e3-4503-9431-0ad31a769d66","Quarter 3","23","Round 23","MCG","40","MCG","Blake Hardwick","15","Back","2663.73193","163.32999999999998","5","258.44055","6.67501","88.1364066842801280","113.4116","159","36","0","955.97998","1813.3700001239777","22.0000000000","10.0000000000","12.0000000000","3.0000000000","1.0000000000","1.0000000000","","20.0000000000","3.0000000000","2.0000000000","388.4886416288","10.0000000000","","","7344.0000000000"
"2025-08-16T00:00:00Z","166236240","Hawthorn v Melbourne","869c85ee-8871-4402-be74-2ce39a46856d","Round 23 v Melbourne","2ca83ae0-85a1-479e-bef1-d06af29b9200","1d719da6-234a-4e95-8bdb-a96ab9bc3ff0","Quarter 2","23","Round 23","MCG","40","MCG","Blake Hardwick","15","Back","3842.18896","313.53","8","375.05972","7.69501","134.7419429358850020","154.41951","173","54","0","1386.67004","1710.9100000858307","22.0000000000","10.0000000000","12.0000000000","3.0000000000","1.0000000000","1.0000000000","","20.0000000000","3.0000000000","2.0000000000","388.4886416288","10.0000000000","","","7344.0000000000"
"2025-08-16T00:00:00Z","166236240","Hawthorn v Melbourne","869c85ee-8871-4402-be74-2ce39a46856d","Round 23 v Melbourne","2ca83ae0-85a1-479e-bef1-d06af29b9200","ac94af9f-b798-4ca7-b99d-327081e17fde","Quarter 1","23","Round 23","MCG","40","MCG","Blake Hardwick","15","Back","3958.40649","253.43001","6","368.68469","7.74349","132.1855513566161100","113.87663","166","50","0","1404.40002","1796.75","22.0000000000","10.0000000000","12.0000000000","3.0000000000","1.0000000000","1.0000000000","","20.0000000000","3.0000000000","2.0000000000","388.4886416288","10.0000000000","","","7344.0000000000"
"2025-08-16T00:00:00Z","166236240","Hawthorn v Melbourne","869c85ee-8871-4402-be74-2ce39a46856d","Round 23 v Melbourne","6c56e5bd-2cd0-47f8-993f-dcc1d1ebce45","0975166e-cc94-4a88-9e54-d4491eebb29f","Quarter 4","23","Round 23","MCG","40","MCG","Tom Barrass","37","Hybrid","3374.88599","126.50999999999999","5","274.02771","7.95339","105.8643841365407040","110.53901","123","32","0","992.09003","1912.7599999904633","11.0000000000","5.0000000000","6.0000000000","1.0000000000","1.0000000000","","","3.0000000000","","2.0000000000","77.5062921760","2.0000000000","","","7344.0000000000"
"2025-08-16T00:00:00Z","166236240","Hawthorn v Melbourne","869c85ee-8871-4402-be74-2ce39a46856d","Round 23 v Melbourne","6c56e5bd-2cd0-47f8-993f-dcc1d1ebce45","71df9e04-a6e3-4503-9431-0ad31a769d66","Quarter 3","23","Round 23","MCG","40","MCG","Tom Barrass","37","Hybrid","3449.37109","126.64","3","287.96512","7.4033","114.1312944329344080","90.1677","156","39","0","1239.78003","1813.3700001239777","11.0000000000","5.0000000000","6.0000000000","1.0000000000","1.0000000000","","","3.0000000000","","2.0000000000","77.5062921760","2.0000000000","","","7344.0000000000"
"2025-08-16T00:00:00Z","166236240","Hawthorn v Melbourne","869c85ee-8871-4402-be74-2ce39a46856d","Round 23 v Melbourne","6c56e5bd-2cd0-47f8-993f-dcc1d1ebce45","1d719da6-234a-4e95-8bdb-a96ab9bc3ff0","Quarter 2","23","Round 23","MCG","40","MCG","Tom Barrass","37","Hybrid","2550.59692","182.82999999999998","5","216.32735","7.11724","89.4470283020864340","0","0","18","0","967.08002","1710.9100000858307","11.0000000000","5.0000000000","6.0000000000","1.0000000000","1.0000000000","","","3.0000000000","","2.0000000000","77.5062921760","2.0000000000","","","7344.0000000000"
"2025-08-16T00:00:00Z","166236240","Hawthorn v Melbourne","869c85ee-8871-4402-be74-2ce39a46856d","Round 23 v Melbourne","6c56e5bd-2cd0-47f8-993f-dcc1d1ebce45","ac94af9f-b798-4ca7-b99d-327081e17fde","Quarter 1","23","Round 23","MCG","40","MCG","Tom Barrass","37","Hybrid","2792.94458","160.17","3","239.44965","7.22572","93.2665506052594980","146.604","164","29","0","1019.42999","1796.75","11.0000000000","5.0000000000","6.0000000000","1.0000000000","1.0000000000","","","3.0000000000","","2.0000000000","77.5062921760","2.0000000000","","","7344.0000000000"
"2025-08-16T00:00:00Z","166236240","Hawthorn v Melbourne","869c85ee-8871-4402-be74-2ce39a46856d","Round 23 v Melbourne","2ca83ae0-85a1-479e-bef1-d06af29b9200","ac94af9f-b798-4ca7-b99d-327081e17fde","Quarter 1","23","Round 23","MCG","40","MCG","Blake Hardwick","15","Back","3958.40649","253.43001","6","368.68469","7.74349","132.1855513566161100","113.87663","166","50","0","1404.40002","1796.75","19.0000000000","14.0000000000","5.0000000000","4.0000000000","1.0000000000","1.0000000000","","12.0000000000","3.0000000000","5.0000000000","316.9587292382","5.0000000000","","","7344.0000000000"
"2025-08-16T00:00:00Z","166236240","Hawthorn v Melbourne","869c85ee-8871-4402-be74-2ce39a46856d","Round 23 v Melbourne","2ca83ae0-85a1-479e-bef1-d06af29b9200","0975166e-cc94-4a88-9e54-d4491eebb29f","Quarter 4","23","Round 23","MCG","40","MCG","Blake Hardwick","15","Back","3375.5332","345.81999","14","309.93759","7.28893","105.8846860039993440","100.26468","133","55","0","902.54999","1912.7599999904633","19.0000000000","14.0000000000","5.0000000000","4.0000000000","1.0000000000","1.0000000000","","12.0000000000","3.0000000000","5.0000000000","316.9587292382","5.0000000000","","","7344.0000000000"
"2025-08-16T00:00:00Z","166236240","Hawthorn v Melbourne","869c85ee-8871-4402-be74-2ce39a46856d","Round 23 v Melbourne","2ca83ae0-85a1-479e-bef1-d06af29b9200","71df9e04-a6e3-4503-9431-0ad31a769d66","Quarter 3","23","Round 23","MCG","40","MCG","Blake Hardwick","15","Back","2663.73193","163.32999999999998","5","258.44055","6.67501","88.1364066842801280","113.4116","159","36","0","955.97998","1813.3700001239777","19.0000000000","14.0000000000","5.0000000000","4.0000000000","1.0000000000","1.0000000000","","12.0000000000","3.0000000000","5.0000000000","316.9587292382","5.0000000000","","","7344.0000000000"
"2025-08-16T00:00:00Z","166236240","Hawthorn v Melbourne","869c85ee-8871-4402-be74-2ce39a46856d","Round 23 v Melbourne","2ca83ae0-85a1-479e-bef1-d06af29b9200","1d719da6-234a-4e95-8bdb-a96ab9bc3ff0","Quarter 2","23","Round 23","MCG","40","MCG","Blake Hardwick","15","Back","3842.18896","313.53","8","375.05972","7.69501","134.7419429358850020","154.41951","173","54","0","1386.67004","1710.9100000858307","19.0000000000","14.0000000000","5.0000000000","4.0000000000","1.0000000000","1.0000000000","","12.0000000000","3.0000000000","5.0000000000","316.9587292382","5.0000000000","","","7344.0000000000"
"2025-08-16T00:00:00Z","166236240","Hawthorn v Melbourne","869c85ee-8871-4402-be74-2ce39a46856d","Round 23 v Melbourne","236a3ba1-a655-45e2-bcd2-6ad50b7c42fd","0975166e-cc94-4a88-9e54-d4491eebb29f","Quarter 4","23","Round 23","MCG","40","MCG","Mabior Chol","18","Hybrid","2545.57422","106.77999999999999","4","201.29384","7.71239","79.8502965352482840","93.27032","107","24","0","809.20001","1912.7599999904633","8.0000000000","5.0000000000","3.0000000000","3.0000000000","","3.0000000000","1.0000000000","11.0000000000","","","47.9860556307","","","2.0000000000","7344.0000000000"
"2025-08-16T00:00:00Z","166236240","Hawthorn v Melbourne","869c85ee-8871-4402-be74-2ce39a46856d","Round 23 v Melbourne","236a3ba1-a655-45e2-bcd2-6ad50b7c42fd","71df9e04-a6e3-4503-9431-0ad31a769d66","Quarter 3","23","Round 23","MCG","40","MCG","Mabior Chol","18","Hybrid","3015.32129","334.48001000000005","6","238.4856","8.16917","99.7696429231931640","14.21384","26","32","0","1008.83002","1813.3700001239777","8.0000000000","5.0000000000","3.0000000000","3.0000000000","","3.0000000000","1.0000000000","11.0000000000","","","47.9860556307","","","2.0000000000","7344.0000000000"
"2025-08-16T00:00:00Z","166236240","Hawthorn v Melbourne","869c85ee-8871-4402-be74-2ce39a46856d","Round 23 v Melbourne","236a3ba1-a655-45e2-bcd2-6ad50b7c42fd","1d719da6-234a-4e95-8bdb-a96ab9bc3ff0","Quarter 2","23","Round 23","MCG","40","MCG","Mabior Chol","18","Hybrid","2828.54834","327.13","10","221.48358","8.39141","99.1945224421425240","86.26481","150","43","0","769.25","1710.9100000858307","8.0000000000","5.0000000000","3.0000000000","3.0000000000","","3.0000000000","1.0000000000","11.0000000000","","","47.9860556307","","","2.0000000000","7344.0000000000"
"2025-08-16T00:00:00Z","166236240","Hawthorn v Melbourne","869c85ee-8871-4402-be74-2ce39a46856d","Round 23 v Melbourne","236a3ba1-a655-45e2-bcd2-6ad50b7c42fd","ac94af9f-b798-4ca7-b99d-327081e17fde","Quarter 1","23","Round 23","MCG","40","MCG","Mabior Chol","18","Hybrid","2949.33398","288.09999999999997","7","240.03915","8.02896","98.4889599554751660","135.26071","160","31","0","1109.65991","1796.75","8.0000000000","5.0000000000","3.0000000000","3.0000000000","","3.0000000000","1.0000000000","11.0000000000","","","47.9860556307","","","2.0000000000","7344.0000000000"
"2025-08-16T00:00:00Z","166236240","Hawthorn v Melbourne","869c85ee-8871-4402-be74-2ce39a46856d","Round 23 v Melbourne","8abef924-5203-4e6c-967d-b809d768e3b4","ac94af9f-b798-4ca7-b99d-327081e17fde","Quarter 1","23","Round 23","MCG","40","MCG","Calsher Dear","13","Hybrid","3041.771","224.90000000000003","7","272.93311","7.71938","101.5757673577292340","0","0","40","0","1140.04004","1796.75","28.0000000000","18.0000000000","10.0000000000","3.0000000000","4.0000000000","8.0000000000","2.0000000000","18.0000000000","6.0000000000","1.0000000000","408.1073453059","8.0000000000","1.0000000000","","7344.0000000000"
"2025-08-16T00:00:00Z","166236240","Hawthorn v Melbourne","869c85ee-8871-4402-be74-2ce39a46856d","Round 23 v Melbourne","8abef924-5203-4e6c-967d-b809d768e3b4","1d719da6-234a-4e95-8bdb-a96ab9bc3ff0","Quarter 2","23","Round 23","MCG","40","MCG","Calsher Dear","13","Hybrid","2699.13281","347.46999","12","255.9325","7.33237","94.6560418677052620","0","0","57","0","785.52997","1710.9100000858307","28.0000000000","18.0000000000","10.0000000000","3.0000000000","4.0000000000","8.0000000000","2.0000000000","18.0000000000","6.0000000000","1.0000000000","408.1073453059","8.0000000000","1.0000000000","","7344.0000000000"
"2025-08-16T00:00:00Z","166236240","Hawthorn v Melbourne","869c85ee-8871-4402-be74-2ce39a46856d","Round 23 v Melbourne","8abef924-5203-4e6c-967d-b809d768e3b4","71df9e04-a6e3-4503-9431-0ad31a769d66","Quarter 3","23","Round 23","MCG","40","MCG","Calsher Dear","13","Hybrid","2447.11426","262.26","6","220.40723","7.60626","80.9690551790101560","0","0","31","0","791.02002","1813.3700001239777","28.0000000000","18.0000000000","10.0000000000","3.0000000000","4.0000000000","8.0000000000","2.0000000000","18.0000000000","6.0000000000","1.0000000000","408.1073453059","8.0000000000","1.0000000000","","7344.0000000000"
"2025-08-16T00:00:00Z","166236240","Hawthorn v Melbourne","869c85ee-8871-4402-be74-2ce39a46856d","Round 23 v Melbourne","8abef924-5203-4e6c-967d-b809d768e3b4","0975166e-cc94-4a88-9e54-d4491eebb29f","Quarter 4","23","Round 23","MCG","40","MCG","Calsher Dear","13","Hybrid","2500.323","150.42999","4","235.06407","7.59196","78.4308433890022620","0","0","39","0","789.47003","1912.7599999904633","28.0000000000","18.0000000000","10.0000000000","3.0000000000","4.0000000000","8.0000000000","2.0000000000","18.0000000000","6.0000000000","1.0000000000","408.1073453059","8.0000000000","1.0000000000","","7344.0000000000"
"2025-08-16T00:00:00Z","166236240","Hawthorn v Melbourne","869c85ee-8871-4402-be74-2ce39a46856d","Round 23 v Melbourne","131ea882-7562-4a3d-a0e0-ddd0ca763ee2","ac94af9f-b798-4ca7-b99d-327081e17fde","Quarter 1","23","Round 23","MCG","40","MCG","Jack Scrimshaw","14","Hybrid","3464.01904","315.34","9","297.68787","8.40104","115.6761610685960760","112","112","36","0","1289.03003","1796.75","17.0000000000","9.0000000000","8.0000000000","5.0000000000","3.0000000000","","","10.0000000000","2.0000000000","2.0000000000","254.9246115179","3.0000000000","","","7344.0000000000"
"2025-08-16T00:00:00Z","166236240","Hawthorn v Melbourne","869c85ee-8871-4402-be74-2ce39a46856d","Round 23 v Melbourne","131ea882-7562-4a3d-a0e0-ddd0ca763ee2","1d719da6-234a-4e95-8bdb-a96ab9bc3ff0","Quarter 2","23","Round 23","MCG","40","MCG","Jack Scrimshaw","14","Hybrid","3239.10205","218.85000000000002","5","275.7959","7.49289","113.5922538241347000","0","0","39","0","1272.69995","1710.9100000858307","17.0000000000","9.0000000000","8.0000000000","5.0000000000","3.0000000000","","","10.0000000000","2.0000000000","2.0000000000","254.9246115179","3.0000000000","","","7344.0000000000"
"2025-08-16T00:00:00Z","166236240","Hawthorn v Melbourne","869c85ee-8871-4402-be74-2ce39a46856d","Round 23 v Melbourne","131ea882-7562-4a3d-a0e0-ddd0ca763ee2","71df9e04-a6e3-4503-9431-0ad31a769d66","Quarter 3","23","Round 23","MCG","40","MCG","Jack Scrimshaw","14","Hybrid","3085.13501","130.78","5","277.8237","7.15537","102.0796090082798340","113.12428","114","41","0","1162.91003","1813.3700001239777","17.0000000000","9.0000000000","8.0000000000","5.0000000000","3.0000000000","","","10.0000000000","2.0000000000","2.0000000000","254.9246115179","3.0000000000","","","7344.0000000000"
"2025-08-16T00:00:00Z","166236240","Hawthorn v Melbourne","869c85ee-8871-4402-be74-2ce39a46856d","Round 23 v Melbourne","131ea882-7562-4a3d-a0e0-ddd0ca763ee2","0975166e-cc94-4a88-9e54-d4491eebb29f","Quarter 4","23","Round 23","MCG","40","MCG","Jack Scrimshaw","14","Hybrid","2886.01563","143.47","3","249.48514","7.13462","90.5293595646413280","0","0","27","0","1209.48999","1912.7599999904633","17.0000000000","9.0000000000","8.0000000000","5.0000000000","3.0000000000","","","10.0000000000","2.0000000000","2.0000000000","254.9246115179","3.0000000000","","","7344.0000000000"
"2025-08-16T00:00:00Z","166236240","Hawthorn v Melbourne","869c85ee-8871-4402-be74-2ce39a46856d","Round 23 v Melbourne","d906015c-707c-4176-b45b-c0b21e435310","0975166e-cc94-4a88-9e54-d4491eebb29f","Quarter 4","23","Round 23","MCG","40","MCG","Josh Battle","24","Hybrid","3295.90698","469.81","15","320.56125","8.2891","103.3869480755484060","69.34124","154","41","0","986.13","1912.7599999904633","17.0000000000","10.0000000000","7.0000000000","5.0000000000","2.0000000000","","","8.0000000000","3.0000000000","3.0000000000","286.0723033615","5.0000000000","","","7344.0000000000"
"2025-08-16T00:00:00Z","166236240","Hawthorn v Melbourne","869c85ee-8871-4402-be74-2ce39a46856d","Round 23 v Melbourne","d906015c-707c-4176-b45b-c0b21e435310","71df9e04-a6e3-4503-9431-0ad31a769d66","Quarter 3","23","Round 23","MCG","40","MCG","Josh Battle","24","Hybrid","3929.43115","366.42","10","386.12448","7.86215","130.0153134682282140","78.19573","137","48","0","1375.59998","1813.3700001239777","17.0000000000","10.0000000000","7.0000000000","5.0000000000","2.0000000000","","","8.0000000000","3.0000000000","3.0000000000","286.0723033615","5.0000000000","","","7344.0000000000"
"2025-08-16T00:00:00Z","166236240","Hawthorn v Melbourne","869c85ee-8871-4402-be74-2ce39a46856d","Round 23 v Melbourne","d906015c-707c-4176-b45b-c0b21e435310","1d719da6-234a-4e95-8bdb-a96ab9bc3ff0","Quarter 2","23","Round 23","MCG","40","MCG","Josh Battle","24","Hybrid","3490.39624","351.46001","12","339.55652","7.62213","122.4049040507647380","91.23274","135","42","0","1282.28003","1710.9100000858307","17.0000000000","10.0000000000","7.0000000000","5.0000000000","2.0000000000","","","8.0000000000","3.0000000000","3.0000000000","286.0723033615","5.0000000000","","","7344.0000000000"
"2025-08-16T00:00:00Z","166236240","Hawthorn v Melbourne","869c85ee-8871-4402-be74-2ce39a46856d","Round 23 v Melbourne","d906015c-707c-4176-b45b-c0b21e435310","ac94af9f-b798-4ca7-b99d-327081e17fde","Quarter 1","23","Round 23","MCG","40","MCG","Josh Battle","24","Hybrid","3987.7981","227.57000000000002","5","394.75308","7.70153","133.1670438291359400","113.50203","174","39","0","1509.28003","1796.75","17.0000000000","10.0000000000","7.0000000000","5.0000000000","2.0000000000","","","8.0000000000","3.0000000000","3.0000000000","286.0723033615","5.0000000000","","","7344.0000000000"
"2025-08-16T00:00:00Z","166236240","Hawthorn v Melbourne","869c85ee-8871-4402-be74-2ce39a46856d","Round 23 v Melbourne","7381a6b2-b11c-4f42-85df-1b3b97b11693","0975166e-cc94-4a88-9e54-d4491eebb29f","Quarter 4","23","Round 23","MCG","40","MCG","Connor Macdonald","09","Hybrid","3450.14063","313.18999","6","333.56137","7.63151","108.2249930995169880","76.73935","137","38","0","1121.38","1912.7599999904633","14.0000000000","6.0000000000","8.0000000000","","3.0000000000","","1.0000000000","15.0000000000","4.0000000000","1.0000000000","252.0347583667","","","1.0000000000","7344.0000000000"
"2025-08-16T00:00:00Z","166236240","Hawthorn v Melbourne","869c85ee-8871-4402-be74-2ce39a46856d","Round 23 v Melbourne","7381a6b2-b11c-4f42-85df-1b3b97b11693","ac94af9f-b798-4ca7-b99d-327081e17fde","Quarter 1","23","Round 23","MCG","40","MCG","Connor Macdonald","09","Hybrid","3779.64209","581.71001","13","382.6962","8.41497","126.2159595937108680","98.90876","163","51","0","1319.70996","1796.75","14.0000000000","6.0000000000","8.0000000000","","3.0000000000","","1.0000000000","15.0000000000","4.0000000000","1.0000000000","252.0347583667","","","1.0000000000","7344.0000000000"
"2025-08-16T00:00:00Z","166236240","Hawthorn v Melbourne","869c85ee-8871-4402-be74-2ce39a46856d","Round 23 v Melbourne","7381a6b2-b11c-4f42-85df-1b3b97b11693","1d719da6-234a-4e95-8bdb-a96ab9bc3ff0","Quarter 2","23","Round 23","MCG","40","MCG","Connor Macdonald","09","Hybrid","3709.18213","422.31998","11","387.6427","7.13292","130.0775188577045880","103.4998","156","49","0","1281.60999","1710.9100000858307","14.0000000000","6.0000000000","8.0000000000","","3.0000000000","","1.0000000000","15.0000000000","4.0000000000","1.0000000000","252.0347583667","","","1.0000000000","7344.0000000000"
"2025-08-16T00:00:00Z","166236240","Hawthorn v Melbourne","869c85ee-8871-4402-be74-2ce39a46856d","Round 23 v Melbourne","7381a6b2-b11c-4f42-85df-1b3b97b11693","71df9e04-a6e3-4503-9431-0ad31a769d66","Quarter 3","23","Round 23","MCG","40","MCG","Connor Macdonald","09","Hybrid","3325.60083","225.76","5","340.24564","7.38384","110.0360377564192560","81.022","119","50","0","1195.73999","1813.3700001239777","14.0000000000","6.0000000000","8.0000000000","","3.0000000000","","1.0000000000","15.0000000000","4.0000000000","1.0000000000","252.0347583667","","","1.0000000000","7344.0000000000"
"2025-08-16T00:00:00Z","166236240","Hawthorn v Melbourne","869c85ee-8871-4402-be74-2ce39a46856d","Round 23 v Melbourne","35159eb5-300f-48c1-b664-b6b12ef66fda","ac94af9f-b798-4ca7-b99d-327081e17fde","Quarter 1","23","Round 23","MCG","40","MCG","Mitch Lewis","02","Back","3103.177","277.12999","7","249.75674","8.76575","103.6263364407958800","103.99573","119","42","0","1092.78003","1796.75","10.0000000000","6.0000000000","4.0000000000","4.0000000000","2.0000000000","","1.0000000000","8.0000000000","3.0000000000","","137.2802986686","3.0000000000","","","7344.0000000000"
"2025-08-16T00:00:00Z","166236240","Hawthorn v Melbourne","869c85ee-8871-4402-be74-2ce39a46856d","Round 23 v Melbourne","35159eb5-300f-48c1-b664-b6b12ef66fda","1d719da6-234a-4e95-8bdb-a96ab9bc3ff0","Quarter 2","23","Round 23","MCG","40","MCG","Mitch Lewis","02","Back","2974.40405","279.22999999999996","8","237.75375","7.08301","104.3095446230643540","0","0","42","0","960.25","1710.9100000858307","10.0000000000","6.0000000000","4.0000000000","4.0000000000","2.0000000000","","1.0000000000","8.0000000000","3.0000000000","","137.2802986686","3.0000000000","","","7344.0000000000"
"2025-08-16T00:00:00Z","166236240","Hawthorn v Melbourne","869c85ee-8871-4402-be74-2ce39a46856d","Round 23 v Melbourne","35159eb5-300f-48c1-b664-b6b12ef66fda","71df9e04-a6e3-4503-9431-0ad31a769d66","Quarter 3","23","Round 23","MCG","40","MCG","Mitch Lewis","02","Back","3210.56348","414.44000000000005","10","258.62497","7.21725","106.2297318180128040","0","0","44","0","1115.25","1813.3700001239777","10.0000000000","6.0000000000","4.0000000000","4.0000000000","2.0000000000","","1.0000000000","8.0000000000","3.0000000000","","137.2802986686","3.0000000000","","","7344.0000000000"
"2025-08-16T00:00:00Z","166236240","Hawthorn v Melbourne","869c85ee-8871-4402-be74-2ce39a46856d","Round 23 v Melbourne","35159eb5-300f-48c1-b664-b6b12ef66fda","0975166e-cc94-4a88-9e54-d4491eebb29f","Quarter 4","23","Round 23","MCG","40","MCG","Mitch Lewis","02","Back","2580.41626","366.99","8","208.54355","8.18229","80.9432315610802860","112","112","31","0","768.71002","1912.7599999904633","10.0000000000","6.0000000000","4.0000000000","4.0000000000","2.0000000000","","1.0000000000","8.0000000000","3.0000000000","","137.2802986686","3.0000000000","","","7344.0000000000"
"2025-08-16T00:00:00Z","166236240","Hawthorn v Melbourne","869c85ee-8871-4402-be74-2ce39a46856d","Round 23 v Melbourne","78eb8442-e99a-445f-8154-59b764e0c73a","ac94af9f-b798-4ca7-b99d-327081e17fde","Quarter 1","23","Round 23","MCG","40","MCG","Lloyd Meek","17","Hybrid","2877.55225","152.11","3","300.20932","6.81153","96.0919076109642420","90.79664","91","37","0","1069.10999","1796.75","10.0000000000","5.0000000000","5.0000000000","3.0000000000","2.0000000000","4.0000000000","","15.0000000000","1.0000000000","","103.5189709242","1.0000000000","","","7344.0000000000"
"2025-08-16T00:00:00Z","166236240","Hawthorn v Melbourne","869c85ee-8871-4402-be74-2ce39a46856d","Round 23 v Melbourne","78eb8442-e99a-445f-8154-59b764e0c73a","0975166e-cc94-4a88-9e54-d4491eebb29f","Quarter 4","23","Round 23","MCG","40","MCG","Lloyd Meek","17","Hybrid","3400.32056","25.87","0","319.11414","6.10802","106.6622229662985480","93.40586","179","28","0","1252.96997","1912.7599999904633","10.0000000000","5.0000000000","5.0000000000","3.0000000000","2.0000000000","4.0000000000","","15.0000000000","1.0000000000","","103.5189709242","1.0000000000","","","7344.0000000000"
"2025-08-16T00:00:00Z","166236240","Hawthorn v Melbourne","869c85ee-8871-4402-be74-2ce39a46856d","Round 23 v Melbourne","78eb8442-e99a-445f-8154-59b764e0c73a","71df9e04-a6e3-4503-9431-0ad31a769d66","Quarter 3","23","Round 23","MCG","40","MCG","Lloyd Meek","17","Hybrid","3133.6626","94.13","2","314.46661","6.61324","103.6852688569598820","72.7474","115","44","0","1085.27002","1813.3700001239777","10.0000000000","5.0000000000","5.0000000000","3.0000000000","2.0000000000","4.0000000000","","15.0000000000","1.0000000000","","103.5189709242","1.0000000000","","","7344.0000000000"
"2025-08-16T00:00:00Z","166236240","Hawthorn v Melbourne","869c85ee-8871-4402-be74-2ce39a46856d","Round 23 v Melbourne","78eb8442-e99a-445f-8154-59b764e0c73a","1d719da6-234a-4e95-8bdb-a96ab9bc3ff0","Quarter 2","23","Round 23","MCG","40","MCG","Lloyd Meek","17","Hybrid","2821.021","120.22999999999999","2","290.40698","6.85768","98.9305457280094920","73.10728","99","37","0","1136.64001","1710.9100000858307","10.0000000000","5.0000000000","5.0000000000","3.0000000000","2.0000000000","4.0000000000","","15.0000000000","1.0000000000","","103.5189709242","1.0000000000","","","7344.0000000000"
"2025-08-16T00:00:00Z","166236240","Hawthorn v Melbourne","869c85ee-8871-4402-be74-2ce39a46856d","Round 23 v Melbourne","d15ed9ce-f683-4f0e-b12f-c87e4029f11e","71df9e04-a6e3-4503-9431-0ad31a769d66","Quarter 3","23","Round 23","MCG","40","MCG","Nick Watson","05","Hybrid","796.10577","114.03999999999999","3","83.51638","7.19642","26.34120240035639627400","86.90492","113","9","0","324.17999","1813.3700001239777","27.0000000000","12.0000000000","15.0000000000","2.0000000000","4.0000000000","6.0000000000","1.0000000000","23.0000000000","3.0000000000","3.0000000000","350.4388508664","7.0000000000","","","7344.0000000000"
"2025-08-16T00:00:00Z","166236240","Hawthorn v Melbourne","869c85ee-8871-4402-be74-2ce39a46856d","Round 23 v Melbourne","d15ed9ce-f683-4f0e-b12f-c87e4029f11e","1d719da6-234a-4e95-8bdb-a96ab9bc3ff0","Quarter 2","23","Round 23","MCG","40","MCG","Nick Watson","05","Hybrid","2788.08838","241.89001","7","266.30322","7.60645","97.7756298061311540","73.72215","137","34","0","1012.79004","1710.9100000858307","27.0000000000","12.0000000000","15.0000000000","2.0000000000","4.0000000000","6.0000000000","1.0000000000","23.0000000000","3.0000000000","3.0000000000","350.4388508664","7.0000000000","","","7344.0000000000"
"2025-08-16T00:00:00Z","166236240","Hawthorn v Melbourne","869c85ee-8871-4402-be74-2ce39a46856d","Round 23 v Melbourne","d15ed9ce-f683-4f0e-b12f-c87e4029f11e","ac94af9f-b798-4ca7-b99d-327081e17fde","Quarter 1","23","Round 23","MCG","40","MCG","Nick Watson","05","Hybrid","3161.96533","494.82","16","294.70901","8.14351","105.5894920272714600","91.9895","164","29","0","1043.67004","1796.75","27.0000000000","12.0000000000","15.0000000000","2.0000000000","4.0000000000","6.0000000000","1.0000000000","23.0000000000","3.0000000000","3.0000000000","350.4388508664","7.0000000000","","","7344.0000000000"
"2025-08-16T00:00:00Z","166236240","Hawthorn v Melbourne","869c85ee-8871-4402-be74-2ce39a46856d","Round 23 v Melbourne","dc9a9fa6-3f4c-464e-ae3c-ce8c25ab08d1","71df9e04-a6e3-4503-9431-0ad31a769d66","Quarter 3","23","Round 23","MCG","40","MCG","Massimo D'Ambrosio","16","Hybrid","3492.81934","309.99998999999997","8","342.00253","7.28863","115.5688912828998120","71.00673","127","43","0","1430.70996","1813.3700001239777","19.0000000000","11.0000000000","8.0000000000","3.0000000000","2.0000000000","1.0000000000","2.0000000000","11.0000000000","","2.0000000000","399.2108538497","4.0000000000","","1.0000000000","7344.0000000000"
"2025-08-16T00:00:00Z","166236240","Hawthorn v Melbourne","869c85ee-8871-4402-be74-2ce39a46856d","Round 23 v Melbourne","dc9a9fa6-3f4c-464e-ae3c-ce8c25ab08d1","1d719da6-234a-4e95-8bdb-a96ab9bc3ff0","Quarter 2","23","Round 23","MCG","40","MCG","Massimo D'Ambrosio","16","Hybrid","1798.80798","165.82000000000002","2","188.25604","6.32185","63.0824992516179000","46.41461","113","28","0","595.12","1710.9100000858307","19.0000000000","11.0000000000","8.0000000000","3.0000000000","2.0000000000","1.0000000000","2.0000000000","11.0000000000","","2.0000000000","399.2108538497","4.0000000000","","1.0000000000","7344.0000000000"
"2025-08-16T00:00:00Z","166236240","Hawthorn v Melbourne","869c85ee-8871-4402-be74-2ce39a46856d","Round 23 v Melbourne","dc9a9fa6-3f4c-464e-ae3c-ce8c25ab08d1","ac94af9f-b798-4ca7-b99d-327081e17fde","Quarter 1","23","Round 23","MCG","40","MCG","Massimo D'Ambrosio","16","Hybrid","3575.97778","465.25001000000003","12","343.3736","7.76372","119.4148695144010020","131.06805","173","38","0","1255.35999","1796.75","19.0000000000","11.0000000000","8.0000000000","3.0000000000","2.0000000000","1.0000000000","2.0000000000","11.0000000000","","2.0000000000","399.2108538497","4.0000000000","","1.0000000000","7344.0000000000"
"2025-08-16T00:00:00Z","166236240","Hawthorn v Melbourne","869c85ee-8871-4402-be74-2ce39a46856d","Round 23 v Melbourne","dc9a9fa6-3f4c-464e-ae3c-ce8c25ab08d1","0975166e-cc94-4a88-9e54-d4491eebb29f","Quarter 4","23","Round 23","MCG","40","MCG","Massimo D'Ambrosio","16","Hybrid","3673.10913","442.88000000000005","10","360.069","7.57101","115.2191324583841200","71.32549","123","36","0","1403.23999","1912.7599999904633","19.0000000000","11.0000000000","8.0000000000","3.0000000000","2.0000000000","1.0000000000","2.0000000000","11.0000000000","","2.0000000000","399.2108538497","4.0000000000","","1.0000000000","7344.0000000000"
"2025-08-16T00:00:00Z","166236240","Hawthorn v Melbourne","869c85ee-8871-4402-be74-2ce39a46856d","Round 23 v Melbourne","6c56e5bd-2cd0-47f8-993f-dcc1d1ebce45","ac94af9f-b798-4ca7-b99d-327081e17fde","Quarter 1","23","Round 23","MCG","40","MCG","Tom Barrass","37","Hybrid","2792.94458","160.17","3","239.44965","7.22572","93.2665506052594980","146.604","164","29","0","1019.42999","1796.75","15.0000000000","9.0000000000","6.0000000000","1.0000000000","3.0000000000","2.0000000000","","17.0000000000","2.0000000000","1.0000000000","268.8268698183","3.0000000000","1.0000000000","1.0000000000","7344.0000000000"
"2025-08-16T00:00:00Z","166236240","Hawthorn v Melbourne","869c85ee-8871-4402-be74-2ce39a46856d","Round 23 v Melbourne","6c56e5bd-2cd0-47f8-993f-dcc1d1ebce45","1d719da6-234a-4e95-8bdb-a96ab9bc3ff0","Quarter 2","23","Round 23","MCG","40","MCG","Tom Barrass","37","Hybrid","2550.59692","182.82999999999998","5","216.32735","7.11724","89.4470283020864340","0","0","18","0","967.08002","1710.9100000858307","15.0000000000","9.0000000000","6.0000000000","1.0000000000","3.0000000000","2.0000000000","","17.0000000000","2.0000000000","1.0000000000","268.8268698183","3.0000000000","1.0000000000","1.0000000000","7344.0000000000"
"2025-08-16T00:00:00Z","166236240","Hawthorn v Melbourne","869c85ee-8871-4402-be74-2ce39a46856d","Round 23 v Melbourne","6c56e5bd-2cd0-47f8-993f-dcc1d1ebce45","71df9e04-a6e3-4503-9431-0ad31a769d66","Quarter 3","23","Round 23","MCG","40","MCG","Tom Barrass","37","Hybrid","3449.37109","126.64","3","287.96512","7.4033","114.1312944329344080","90.1677","156","39","0","1239.78003","1813.3700001239777","15.0000000000","9.0000000000","6.0000000000","1.0000000000","3.0000000000","2.0000000000","","17.0000000000","2.0000000000","1.0000000000","268.8268698183","3.0000000000","1.0000000000","1.0000000000","7344.0000000000"
"2025-08-16T00:00:00Z","166236240","Hawthorn v Melbourne","869c85ee-8871-4402-be74-2ce39a46856d","Round 23 v Melbourne","6c56e5bd-2cd0-47f8-993f-dcc1d1ebce45","0975166e-cc94-4a88-9e54-d4491eebb29f","Quarter 4","23","Round 23","MCG","40","MCG","Tom Barrass","37","Hybrid","3374.88599","126.50999999999999","5","274.02771","7.95339","105.8643841365407040","110.53901","123","32","0","992.09003","1912.7599999904633","15.0000000000","9.0000000000","6.0000000000","1.0000000000","3.0000000000","2.0000000000","","17.0000000000","2.0000000000","1.0000000000","268.8268698183","3.0000000000","1.0000000000","1.0000000000","7344.0000000000"
"2025-08-16T00:00:00Z","166236240","Hawthorn v Melbourne","869c85ee-8871-4402-be74-2ce39a46856d","Round 23 v Melbourne","8abef924-5203-4e6c-967d-b809d768e3b4","0975166e-cc94-4a88-9e54-d4491eebb29f","Quarter 4","23","Round 23","MCG","40","MCG","Calsher Dear","13","Hybrid","2500.323","150.42999","4","235.06407","7.59196","78.4308433890022620","0","0","39","0","789.47003","1912.7599999904633","32.0000000000","16.0000000000","16.0000000000","9.0000000000","1.0000000000","3.0000000000","","17.0000000000","","4.0000000000","293.1577804688","3.0000000000","2.0000000000","","7344.0000000000"
"2025-08-16T00:00:00Z","166236240","Hawthorn v Melbourne","869c85ee-8871-4402-be74-2ce39a46856d","Round 23 v Melbourne","8abef924-5203-4e6c-967d-b809d768e3b4","71df9e04-a6e3-4503-9431-0ad31a769d66","Quarter 3","23","Round 23","MCG","40","MCG","Calsher Dear","13","Hybrid","2447.11426","262.26","6","220.40723","7.60626","80.9690551790101560","0","0","31","0","791.02002","1813.3700001239777","32.0000000000","16.0000000000","16.0000000000","9.0000000000","1.0000000000","3.0000000000","","17.0000000000","","4.0000000000","293.1577804688","3.0000000000","2.0000000000","","7344.0000000000"
"2025-08-16T00:00:00Z","166236240","Hawthorn v Melbourne","869c85ee-8871-4402-be74-2ce39a46856d","Round 23 v Melbourne","8abef924-5203-4e6c-967d-b809d768e3b4","1d719da6-234a-4e95-8bdb-a96ab9bc3ff0","Quarter 2","23","Round 23","MCG","40","MCG","Calsher Dear","13","Hybrid","2699.13281","347.46999","12","255.9325","7.33237","94.6560418677052620","0","0","57","0","785.52997","1710.9100000858307","32.0000000000","16.0000000000","16.0000000000","9.0000000000","1.0000000000","3.0000000000","","17.0000000000","","4.0000000000","293.1577804688","3.0000000000","2.0000000000","","7344.0000000000"
"2025-08-16T00:00:00Z","166236240","Hawthorn v Melbourne","869c85ee-8871-4402-be74-2ce39a46856d","Round 23 v Melbourne","8abef924-5203-4e6c-967d-b809d768e3b4","ac94af9f-b798-4ca7-b99d-327081e17fde","Quarter 1","23","Round 23","MCG","40","MCG","Calsher Dear","13","Hybrid","3041.771","224.90000000000003","7","272.93311","7.71938","101.5757673577292340","0","0","40","0","1140.04004","1796.75","32.0000000000","16.0000000000","16.0000000000","9.0000000000","1.0000000000","3.0000000000","","17.0000000000","","4.0000000000","293.1577804688","3.0000000000","2.0000000000","","7344.0000000000"
"2025-08-16T00:00:00Z","166236240","Hawthorn v Melbourne","869c85ee-8871-4402-be74-2ce39a46856d","Round 23 v Melbourne","ee799c04-c79f-41c9-bd53-176bb21a7077","0975166e-cc94-4a88-9e54-d4491eebb29f","Quarter 4","23","Round 23","MCG","40","MCG","Conor Nash","11","Back","3247.24463","291.72","7","279.02216","6.98207","101.8604936327460900","39.07171","116","37","0","1187.1499","1912.7599999904633","19.0000000000","9.0000000000","10.0000000000","2.0000000000","5.0000000000","4.0000000000","1.0000000000","19.0000000000","1.0000000000","2.0000000000","147.6575656268","4.0000000000","","","7344.0000000000"
"2025-08-16T00:00:00Z","166236240","Hawthorn v Melbourne","869c85ee-8871-4402-be74-2ce39a46856d","Round 23 v Melbourne","ee799c04-c79f-41c9-bd53-176bb21a7077","71df9e04-a6e3-4503-9431-0ad31a769d66","Quarter 3","23","Round 23","MCG","40","MCG","Conor Nash","11","Back","3364.79346","152.81","1","288.94223","6.42651","111.3328264977347220","33.61048","123","40","0","1312.53003","1813.3700001239777","19.0000000000","9.0000000000","10.0000000000","2.0000000000","5.0000000000","4.0000000000","1.0000000000","19.0000000000","1.0000000000","2.0000000000","147.6575656268","4.0000000000","","","7344.0000000000"
"2025-08-16T00:00:00Z","166236240","Hawthorn v Melbourne","869c85ee-8871-4402-be74-2ce39a46856d","Round 23 v Melbourne","ee799c04-c79f-41c9-bd53-176bb21a7077","1d719da6-234a-4e95-8bdb-a96ab9bc3ff0","Quarter 2","23","Round 23","MCG","40","MCG","Conor Nash","11","Back","2517.31445","198.31","3","215.29065","6.47714","88.2798434706810300","37.42384","142","38","0","993.53003","1710.9100000858307","19.0000000000","9.0000000000","10.0000000000","2.0000000000","5.0000000000","4.0000000000","1.0000000000","19.0000000000","1.0000000000","2.0000000000","147.6575656268","4.0000000000","","","7344.0000000000"
"2025-08-16T00:00:00Z","166236240","Hawthorn v Melbourne","869c85ee-8871-4402-be74-2ce39a46856d","Round 23 v Melbourne","ee799c04-c79f-41c9-bd53-176bb21a7077","ac94af9f-b798-4ca7-b99d-327081e17fde","Quarter 1","23","Round 23","MCG","40","MCG","Conor Nash","11","Back","2776.24463","380.69001","10","234.83594","7.62508","92.7088786976485320","50.54679","131","28","0","995.08997","1796.75","19.0000000000","9.0000000000","10.0000000000","2.0000000000","5.0000000000","4.0000000000","1.0000000000","19.0000000000","1.0000000000","2.0000000000","147.6575656268","4.0000000000","","","7344.0000000000"
"2025-08-16T00:00:00Z","166236240","Hawthorn v Melbourne","869c85ee-8871-4402-be74-2ce39a46856d","Round 23 v Melbourne","d906015c-707c-4176-b45b-c0b21e435310","71df9e04-a6e3-4503-9431-0ad31a769d66","Quarter 3","23","Round 23","MCG","40","MCG","Josh Battle","24","Hybrid","3929.43115","366.42","10","386.12448","7.86215","130.0153134682282140","78.19573","137","48","0","1375.59998","1813.3700001239777","20.0000000000","13.0000000000","7.0000000000","2.0000000000","5.0000000000","1.0000000000","2.0000000000","12.0000000000","4.0000000000","5.0000000000","538.5719693283","5.0000000000","","","7344.0000000000"
"2025-08-16T00:00:00Z","166236240","Hawthorn v Melbourne","869c85ee-8871-4402-be74-2ce39a46856d","Round 23 v Melbourne","d906015c-707c-4176-b45b-c0b21e435310","0975166e-cc94-4a88-9e54-d4491eebb29f","Quarter 4","23","Round 23","MCG","40","MCG","Josh Battle","24","Hybrid","3295.90698","469.81","15","320.56125","8.2891","103.3869480755484060","69.34124","154","41","0","986.13","1912.7599999904633","20.0000000000","13.0000000000","7.0000000000","2.0000000000","5.0000000000","1.0000000000","2.0000000000","12.0000000000","4.0000000000","5.0000000000","538.5719693283","5.0000000000","","","7344.0000000000"
"2025-08-16T00:00:00Z","166236240","Hawthorn v Melbourne","869c85ee-8871-4402-be74-2ce39a46856d","Round 23 v Melbourne","d906015c-707c-4176-b45b-c0b21e435310","1d719da6-234a-4e95-8bdb-a96ab9bc3ff0","Quarter 2","23","Round 23","MCG","40","MCG","Josh Battle","24","Hybrid","3490.39624","351.46001","12","339.55652","7.62213","122.4049040507647380","91.23274","135","42","0","1282.28003","1710.9100000858307","20.0000000000","13.0000000000","7.0000000000","2.0000000000","5.0000000000","1.0000000000","2.0000000000","12.0000000000","4.0000000000","5.0000000000","538.5719693283","5.0000000000","","","7344.0000000000"
"2025-08-16T00:00:00Z","166236240","Hawthorn v Melbourne","869c85ee-8871-4402-be74-2ce39a46856d","Round 23 v Melbourne","d906015c-707c-4176-b45b-c0b21e435310","ac94af9f-b798-4ca7-b99d-327081e17fde","Quarter 1","23","Round 23","MCG","40","MCG","Josh Battle","24","Hybrid","3987.7981","227.57000000000002","5","394.75308","7.70153","133.1670438291359400","113.50203","174","39","0","1509.28003","1796.75","20.0000000000","13.0000000000","7.0000000000","2.0000000000","5.0000000000","1.0000000000","2.0000000000","12.0000000000","4.0000000000","5.0000000000","538.5719693283","5.0000000000","","","7344.0000000000"
"2025-08-16T00:00:00Z","166236240","Hawthorn v Melbourne","869c85ee-8871-4402-be74-2ce39a46856d","Round 23 v Melbourne","78eb8442-e99a-445f-8154-59b764e0c73a","ac94af9f-b798-4ca7-b99d-327081e17fde","Quarter 1","23","Round 23","MCG","40","MCG","Lloyd Meek","17","Hybrid","2877.55225","152.11","3","300.20932","6.81153","96.0919076109642420","90.79664","91","37","0","1069.10999","1796.75","27.0000000000","13.0000000000","14.0000000000","3.0000000000","6.0000000000","4.0000000000","1.0000000000","17.0000000000","3.0000000000","1.0000000000","186.1954198457","2.0000000000","","","7344.0000000000"
"2025-08-16T00:00:00Z","166236240","Hawthorn v Melbourne","869c85ee-8871-4402-be74-2ce39a46856d","Round 23 v Melbourne","78eb8442-e99a-445f-8154-59b764e0c73a","1d719da6-234a-4e95-8bdb-a96ab9bc3ff0","Quarter 2","23","Round 23","MCG","40","MCG","Lloyd Meek","17","Hybrid","2821.021","120.22999999999999","2","290.40698","6.85768","98.9305457280094920","73.10728","99","37","0","1136.64001","1710.9100000858307","27.0000000000","13.0000000000","14.0000000000","3.0000000000","6.0000000000","4.0000000000","1.0000000000","17.0000000000","3.0000000000","1.0000000000","186.1954198457","2.0000000000","","","7344.0000000000"
"2025-08-16T00:00:00Z","166236240","Hawthorn v Melbourne","869c85ee-8871-4402-be74-2ce39a46856d","Round 23 v Melbourne","78eb8442-e99a-445f-8154-59b764e0c73a","0975166e-cc94-4a88-9e54-d4491eebb29f","Quarter 4","23","Round 23","MCG","40","MCG","Lloyd Meek","17","Hybrid","3400.32056","25.87","0","319.11414","6.10802","106.6622229662985480","93.40586","179","28","0","1252.96997","1912.7599999904633","27.0000000000","13.0000000000","14.0000000000","3.0000000000","6.0000000000","4.0000000000","1.0000000000","17.0000000000","3.0000000000","1.0000000000","186.1954198457","2.0000000000","","","7344.0000000000"
"2025-08-16T00:00:00Z","166236240","Hawthorn v Melbourne","869c85ee-8871-4402-be74-2ce39a46856d","Round 23 v Melbourne","78eb8442-e99a-445f-8154-59b764e0c73a","71df9e04-a6e3-4503-9431-0ad31a769d66","Quarter 3","23","Round 23","MCG","40","MCG","Lloyd Meek","17","Hybrid","3133.6626","94.13","2","314.46661","6.61324","103.6852688569598820","72.7474","115","44","0","1085.27002","1813.3700001239777","27.0000000000","13.0000000000","14.0000000000","3.0000000000","6.0000000000","4.0000000000","1.0000000000","17.0000000000","3.0000000000","1.0000000000","186.1954198457","2.0000000000","","","7344.0000000000"
"2025-08-16T00:00:00Z","166236240","Hawthorn v Melbourne","869c85ee-8871-4402-be74-2ce39a46856d","Round 23 v Melbourne","020880cf-4cc3-45b8-ade5-ced73183435f","1d719da6-234a-4e95-8bdb-a96ab9bc3ff0","Quarter 2","23","Round 23","MCG","40","MCG","Jack Ginnivan","33","Hybrid","3133.43726","365.31998","11","333.38327","7.35737","109.8866893001784720","130.63919","169","54","0","1038.72998","1710.9100000858307","21.0000000000","9.0000000000","12.0000000000","4.0000000000","2.0000000000","3.0000000000","1.0000000000","16.0000000000","3.0000000000","2.0000000000","262.5236142519","5.0000000000","","","7344.0000000000"
"2025-08-16T00:00:00Z","166236240","Hawthorn v Melbourne","869c85ee-8871-4402-be74-2ce39a46856d","Round 23 v Melbourne","020880cf-4cc3-45b8-ade5-ced73183435f","ac94af9f-b798-4ca7-b99d-327081e17fde","Quarter 1","23","Round 23","MCG","40","MCG","Jack Ginnivan","33","Hybrid","3835.875","518.19999","11","380.44574","7.80264","128.0937804368999580","136.1385","168","45","0","1221.66003","1796.75","21.0000000000","9.0000000000","12.0000000000","4.0000000000","2.0000000000","3.0000000000","1.0000000000","16.0000000000","3.0000000000","2.0000000000","262.5236142519","5.0000000000","","","7344.0000000000"
"2025-08-16T00:00:00Z","166236240","Hawthorn v Melbourne","869c85ee-8871-4402-be74-2ce39a46856d","Round 23 v Melbourne","020880cf-4cc3-45b8-ade5-ced73183435f","71df9e04-a6e3-4503-9431-0ad31a769d66","Quarter 3","23","Round 23","MCG","40","MCG","Jack Ginnivan","33","Hybrid","3143.89453","363","9","328.82031","7.25304","104.0238185186163720","79.06279","107","54","0","922.89001","1813.3700001239777","21.0000000000","9.0000000000","12.0000000000","4.0000000000","2.0000000000","3.0000000000","1.0000000000","16.0000000000","3.0000000000","2.0000000000","262.5236142519","5.0000000000","","","7344.0000000000"
"2025-08-16T00:00:00Z","166236240","Hawthorn v Melbourne","869c85ee-8871-4402-be74-2ce39a46856d","Round 23 v Melbourne","020880cf-4cc3-45b8-ade5-ced73183435f","0975166e-cc94-4a88-9e54-d4491eebb29f","Quarter 4","23","Round 23","MCG","40","MCG","Jack Ginnivan","33","Hybrid","2872.66528","449.32000000000005","8","294.98932","7.63251","90.1105819866890580","98.70489","116","46","0","876.45001","1912.7599999904633","21.0000000000","9.0000000000","12.0000000000","4.0000000000","2.0000000000","3.0000000000","1.0000000000","16.0000000000","3.0000000000","2.0000000000","262.5236142519","5.0000000000","","","7344.0000000000"
"2025-08-16T00:00:00Z","166236240","Hawthorn v Melbourne","869c85ee-8871-4402-be74-2ce39a46856d","Round 23 v Melbourne","2794f857-7792-4f4b-b5fc-204ce195a191","ac94af9f-b798-4ca7-b99d-327081e17fde","Quarter 1","23","Round 23","MCG","40","MCG","Josh Ward","25","Hybrid","3735.77637","416.90999","12","349.58551","7.67102","124.7511240851537520","85.71472","125","53","0","1264.28003","1796.75","22.0000000000","8.0000000000","14.0000000000","3.0000000000","2.0000000000","3.0000000000","","17.0000000000","3.0000000000","","247.6262660161","2.0000000000","","","7344.0000000000"
"2025-08-16T00:00:00Z","166236240","Hawthorn v Melbourne","869c85ee-8871-4402-be74-2ce39a46856d","Round 23 v Melbourne","2794f857-7792-4f4b-b5fc-204ce195a191","1d719da6-234a-4e95-8bdb-a96ab9bc3ff0","Quarter 2","23","Round 23","MCG","40","MCG","Josh Ward","25","Hybrid","3439.11914","399.4","9","330.4852","7.53522","120.6066645175072020","92.70603","130","50","0","1269.87","1710.9100000858307","22.0000000000","8.0000000000","14.0000000000","3.0000000000","2.0000000000","3.0000000000","","17.0000000000","3.0000000000","","247.6262660161","2.0000000000","","","7344.0000000000"
"2025-08-16T00:00:00Z","166236240","Hawthorn v Melbourne","869c85ee-8871-4402-be74-2ce39a46856d","Round 23 v Melbourne","2794f857-7792-4f4b-b5fc-204ce195a191","71df9e04-a6e3-4503-9431-0ad31a769d66","Quarter 3","23","Round 23","MCG","40","MCG","Josh Ward","25","Hybrid","3776.44238","244.97","4","368.72339","6.77297","124.9532874066012900","105.83438","140","55","0","1461.17004","1813.3700001239777","22.0000000000","8.0000000000","14.0000000000","3.0000000000","2.0000000000","3.0000000000","","17.0000000000","3.0000000000","","247.6262660161","2.0000000000","","","7344.0000000000"
"2025-08-16T00:00:00Z","166236240","Hawthorn v Melbourne","869c85ee-8871-4402-be74-2ce39a46856d","Round 23 v Melbourne","2794f857-7792-4f4b-b5fc-204ce195a191","0975166e-cc94-4a88-9e54-d4491eebb29f","Quarter 4","23","Round 23","MCG","40","MCG","Josh Ward","25","Hybrid","3015.12329","232.78","4","286.22125","7.08965","94.5792453841056780","109.09079","128","38","0","1132.91003","1912.7599999904633","22.0000000000","8.0000000000","14.0000000000","3.0000000000","2.0000000000","3.0000000000","","17.0000000000","3.0000000000","","247.6262660161","2.0000000000","","","7344.0000000000"
"2025-08-16T00:00:00Z","166236240","Hawthorn v Melbourne","869c85ee-8871-4402-be74-2ce39a46856d","Round 23 v Melbourne","48b7449c-7b00-4728-8dcf-81959514acff","71df9e04-a6e3-4503-9431-0ad31a769d66","Quarter 3","23","Round 23","MCG","40","MCG","Jarman Impey","04","Midfielder","2871.5437","261.16999","7","306.60089","8.82091","95.0123923899814080","97.97595","118","34","0","918.87","1813.3700001239777","10.0000000000","5.0000000000","5.0000000000","2.0000000000","","1.0000000000","1.0000000000","6.0000000000","1.0000000000","","9.8424167759","","","","7344.0000000000"
"2025-08-16T00:00:00Z","166236240","Hawthorn v Melbourne","869c85ee-8871-4402-be74-2ce39a46856d","Round 23 v Melbourne","48b7449c-7b00-4728-8dcf-81959514acff","1d719da6-234a-4e95-8bdb-a96ab9bc3ff0","Quarter 2","23","Round 23","MCG","40","MCG","Jarman Impey","04","Midfielder","3208.05908","381.84000000000003","10","350.65369","7.93816","112.5036061454686320","156.34188","169","45","0","1212.5","1710.9100000858307","10.0000000000","5.0000000000","5.0000000000","2.0000000000","","1.0000000000","1.0000000000","6.0000000000","1.0000000000","","9.8424167759","","","","7344.0000000000"
"2025-08-16T00:00:00Z","166236240","Hawthorn v Melbourne","869c85ee-8871-4402-be74-2ce39a46856d","Round 23 v Melbourne","48b7449c-7b00-4728-8dcf-81959514acff","0975166e-cc94-4a88-9e54-d4491eebb29f","Quarter 4","23","Round 23","MCG","40","MCG","Jarman Impey","04","Midfielder","3017.76123","458.54000999999994","9","312.11536","8.61831","94.6619930367127920","89.28218","129","38","0","919.64996","1912.7599999904633","10.0000000000","5.0000000000","5.0000000000","2.0000000000","","1.0000000000","1.0000000000","6.0000000000","1.0000000000","","9.8424167759","","","","7344.0000000000"
"2025-08-16T00:00:00Z","166236240","Hawthorn v Melbourne","869c85ee-8871-4402-be74-2ce39a46856d","Round 23 v Melbourne","48b7449c-7b00-4728-8dcf-81959514acff","ac94af9f-b798-4ca7-b99d-327081e17fde","Quarter 1","23","Round 23","MCG","40","MCG","Jarman Impey","04","Midfielder","3454.80908","470.40999999999997","12","360.06601","8.80638","115.3686070961458200","141.76592","182","35","0","1295.95996","1796.75","10.0000000000","5.0000000000","5.0000000000","2.0000000000","","1.0000000000","1.0000000000","6.0000000000","1.0000000000","","9.8424167759","","","","7344.0000000000"
"2025-08-16T00:00:00Z","166236240","Hawthorn v Melbourne","869c85ee-8871-4402-be74-2ce39a46856d","Round 23 v Melbourne","35159eb5-300f-48c1-b664-b6b12ef66fda","0975166e-cc94-4a88-9e54-d4491eebb29f","Quarter 4","23","Round 23","MCG","40","MCG","Mitch Lewis","02","Back","2580.41626","366.99","8","208.54355","8.18229","80.9432315610802860","112","112","31","0","768.71002","1912.7599999904633","13.0000000000","8.0000000000","5.0000000000","6.0000000000","3.0000000000","","1.0000000000","10.0000000000","6.0000000000","","325.0091621164","5.0000000000","2.0000000000","","7344.0000000000"
"2025-08-16T00:00:00Z","166236240","Hawthorn v Melbourne","869c85ee-8871-4402-be74-2ce39a46856d","Round 23 v Melbourne","35159eb5-300f-48c1-b664-b6b12ef66fda","71df9e04-a6e3-4503-9431-0ad31a769d66","Quarter 3","23","Round 23","MCG","40","MCG","Mitch Lewis","02","Back","3210.56348","414.44000000000005","10","258.62497","7.21725","106.2297318180128040","0","0","44","0","1115.25","1813.3700001239777","13.0000000000","8.0000000000","5.0000000000","6.0000000000","3.0000000000","","1.0000000000","10.0000000000","6.0000000000","","325.0091621164","5.0000000000","2.0000000000","","7344.0000000000"
"2025-08-16T00:00:00Z","166236240","Hawthorn v Melbourne","869c85ee-8871-4402-be74-2ce39a46856d","Round 23 v Melbourne","35159eb5-300f-48c1-b664-b6b12ef66fda","1d719da6-234a-4e95-8bdb-a96ab9bc3ff0","Quarter 2","23","Round 23","MCG","40","MCG","Mitch Lewis","02","Back","2974.40405","279.22999999999996","8","237.75375","7.08301","104.3095446230643540","0","0","42","0","960.25","1710.9100000858307","13.0000000000","8.0000000000","5.0000000000","6.0000000000","3.0000000000","","1.0000000000","10.0000000000","6.0000000000","","325.0091621164","5.0000000000","2.0000000000","","7344.0000000000"
"2025-08-16T00:00:00Z","166236240","Hawthorn v Melbourne","869c85ee-8871-4402-be74-2ce39a46856d","Round 23 v Melbourne","35159eb5-300f-48c1-b664-b6b12ef66fda","ac94af9f-b798-4ca7-b99d-327081e17fde","Quarter 1","23","Round 23","MCG","40","MCG","Mitch Lewis","02","Back","3103.177","277.12999","7","249.75674","8.76575","103.6263364407958800","103.99573","119","42","0","1092.78003","1796.75","13.0000000000","8.0000000000","5.0000000000","6.0000000000","3.0000000000","","1.0000000000","10.0000000000","6.0000000000","","325.0091621164","5.0000000000","2.0000000000","","7344.0000000000"
"2025-08-16T00:00:00Z","166236240","Hawthorn v Melbourne","869c85ee-8871-4402-be74-2ce39a46856d","Round 23 v Melbourne","a5e3bb3d-7e57-4dff-9d50-d405f3e1a584","ac94af9f-b798-4ca7-b99d-327081e17fde","Quarter 1","23","Round 23","MCG","40","MCG","Jai Newcombe","03","Hybrid","3469.19604","220.32","5","379.83099","6.72427","115.8490398775567020","113.79342","133","47","0","1417.53003","1796.75","22.0000000000","8.0000000000","14.0000000000","5.0000000000","5.0000000000","3.0000000000","1.0000000000","18.0000000000","2.0000000000","","210.0210925682","4.0000000000","","","7344.0000000000"
"2025-08-16T00:00:00Z","166236240","Hawthorn v Melbourne","869c85ee-8871-4402-be74-2ce39a46856d","Round 23 v Melbourne","a5e3bb3d-7e57-4dff-9d50-d405f3e1a584","1d719da6-234a-4e95-8bdb-a96ab9bc3ff0","Quarter 2","23","Round 23","MCG","40","MCG","Jai Newcombe","03","Hybrid","3091.59351","293.63999","5","324.16702","7.42812","108.4192684540357440","67.33097","96","38","0","1171.42993","1710.9100000858307","22.0000000000","8.0000000000","14.0000000000","5.0000000000","5.0000000000","3.0000000000","1.0000000000","18.0000000000","2.0000000000","","210.0210925682","4.0000000000","","","7344.0000000000"
"2025-08-16T00:00:00Z","166236240","Hawthorn v Melbourne","869c85ee-8871-4402-be74-2ce39a46856d","Round 23 v Melbourne","a5e3bb3d-7e57-4dff-9d50-d405f3e1a584","0975166e-cc94-4a88-9e54-d4491eebb29f","Quarter 4","23","Round 23","MCG","40","MCG","Jai Newcombe","03","Hybrid","2907.34277","210.23","6","294.57538","6.88816","91.1983553612945340","124.56591","175","37","0","1186.81006","1912.7599999904633","22.0000000000","8.0000000000","14.0000000000","5.0000000000","5.0000000000","3.0000000000","1.0000000000","18.0000000000","2.0000000000","","210.0210925682","4.0000000000","","","7344.0000000000"
"2025-08-16T00:00:00Z","166236240","Hawthorn v Melbourne","869c85ee-8871-4402-be74-2ce39a46856d","Round 23 v Melbourne","a5e3bb3d-7e57-4dff-9d50-d405f3e1a584","71df9e04-a6e3-4503-9431-0ad31a769d66","Quarter 3","23","Round 23","MCG","40","MCG","Jai Newcombe","03","Hybrid","2697.50244","322.83998999999994","8","280.29919","7.84526","89.2537906709245860","104.65316","159","32","0","905.31","1813.3700001239777","22.0000000000","8.0000000000","14.0000000000","5.0000000000","5.0000000000","3.0000000000","1.0000000000","18.0000000000","2.0000000000","","210.0210925682","4.0000000000","","","7344.0000000000"
"2025-08-16T00:00:00Z","166236240","Hawthorn v Melbourne","869c85ee-8871-4402-be74-2ce39a46856d","Round 23 v Melbourne","036695b3-12e6-43fb-a153-0dea34fd7c41","0975166e-cc94-4a88-9e54-d4491eebb29f","Quarter 4","23","Round 23","MCG","40","MCG","Karl Amon","10","Hybrid","3418.46753","468.78","12","318.76001","8.04058","107.2314622854004860","74.47862","107","39","0","1126.52002","1912.7599999904633","10.0000000000","7.0000000000","3.0000000000","4.0000000000","2.0000000000","1.0000000000","","7.0000000000","1.0000000000","2.0000000000","173.3841259183","4.0000000000","","","7344.0000000000"
"2025-08-16T00:00:00Z","166236240","Hawthorn v Melbourne","869c85ee-8871-4402-be74-2ce39a46856d","Round 23 v Melbourne","036695b3-12e6-43fb-a153-0dea34fd7c41","71df9e04-a6e3-4503-9431-0ad31a769d66","Quarter 3","23","Round 23","MCG","40","MCG","Karl Amon","10","Hybrid","3525.44727","263.04999","5","341.16931","6.36288","116.6484700781077200","104.91818","108","39","0","1281.10999","1813.3700001239777","10.0000000000","7.0000000000","3.0000000000","4.0000000000","2.0000000000","1.0000000000","","7.0000000000","1.0000000000","2.0000000000","173.3841259183","4.0000000000","","","7344.0000000000"
"2025-08-16T00:00:00Z","166236240","Hawthorn v Melbourne","869c85ee-8871-4402-be74-2ce39a46856d","Round 23 v Melbourne","036695b3-12e6-43fb-a153-0dea34fd7c41","1d719da6-234a-4e95-8bdb-a96ab9bc3ff0","Quarter 2","23","Round 23","MCG","40","MCG","Karl Amon","10","Hybrid","3275.71436","361.75","9","310.81134","7.01733","114.8762130036881520","0","0","44","0","1224.71997","1710.9100000858307","10.0000000000","7.0000000000","3.0000000000","4.0000000000","2.0000000000","1.0000000000","","7.0000000000","1.0000000000","2.0000000000","173.3841259183","4.0000000000","","","7344.0000000000"
"2025-08-16T00:00:00Z","166236240","Hawthorn v Melbourne","869c85ee-8871-4402-be74-2ce39a46856d","Round 23 v Melbourne","036695b3-12e6-43fb-a153-0dea34fd7c41","ac94af9f-b798-4ca7-b99d-327081e17fde","Quarter 1","23","Round 23","MCG","40","MCG","Karl Amon","10","Hybrid","3546.34717","416.14","8","336.52884","8.02861","118.4253959649366900","122.47923","137","35","0","1274.75","1796.75","10.0000000000","7.0000000000","3.0000000000","4.0000000000","2.0000000000","1.0000000000","","7.0000000000","1.0000000000","2.0000000000","173.3841259183","4.0000000000","","","7344.0000000000"
"2025-08-16T00:00:00Z","166236240","Hawthorn v Melbourne","869c85ee-8871-4402-be74-2ce39a46856d","Round 23 v Melbourne","0325dfcd-afd9-4feb-9006-dd13f41ca9e6","0975166e-cc94-4a88-9e54-d4491eebb29f","Quarter 4","23","Round 23","MCG","40","MCG","Jack Gunston","19","Forward","2193.07495","125.68","4","197.73477","7.28667","68.7929991220310220","94.51258","136","25","0","627.91003","1912.7599999904633","11.0000000000","4.0000000000","7.0000000000","","3.0000000000","1.0000000000","","15.0000000000","","","53.0041785505","2.0000000000","1.0000000000","1.0000000000","7344.0000000000"
"2025-08-16T00:00:00Z","166236240","Hawthorn v Melbourne","869c85ee-8871-4402-be74-2ce39a46856d","Round 23 v Melbourne","0325dfcd-afd9-4feb-9006-dd13f41ca9e6","71df9e04-a6e3-4503-9431-0ad31a769d66","Quarter 3","23","Round 23","MCG","40","MCG","Jack Gunston","19","Forward","2752.46851","118.21000000000001","5","246.8324","7.146","91.0724841531011580","97.39646","147","26","0","981.84998","1813.3700001239777","11.0000000000","4.0000000000","7.0000000000","","3.0000000000","1.0000000000","","15.0000000000","","","53.0041785505","2.0000000000","1.0000000000","1.0000000000","7344.0000000000"
"2025-08-16T00:00:00Z","166236240","Hawthorn v Melbourne","869c85ee-8871-4402-be74-2ce39a46856d","Round 23 v Melbourne","0325dfcd-afd9-4feb-9006-dd13f41ca9e6","1d719da6-234a-4e95-8bdb-a96ab9bc3ff0","Quarter 2","23","Round 23","MCG","40","MCG","Jack Gunston","19","Forward","2648.70117","95.00999999999999","3","260.8399","6.88403","92.8874518192233420","85.43155","141","41","0","872.51001","1710.9100000858307","11.0000000000","4.0000000000","7.0000000000","","3.0000000000","1.0000000000","","15.0000000000","","","53.0041785505","2.0000000000","1.0000000000","1.0000000000","7344.0000000000"
"2025-08-16T00:00:00Z","166236240","Hawthorn v Melbourne","869c85ee-8871-4402-be74-2ce39a46856d","Round 23 v Melbourne","0325dfcd-afd9-4feb-9006-dd13f41ca9e6","ac94af9f-b798-4ca7-b99d-327081e17fde","Quarter 1","23","Round 23","MCG","40","MCG","Jack Gunston","19","Forward","2874.63037","271.2","6","267.89502","7.63209","95.9943354389870580","72.68746","127","42","0","866.29999","1796.75","11.0000000000","4.0000000000","7.0000000000","","3.0000000000","1.0000000000","","15.0000000000","","","53.0041785505","2.0000000000","1.0000000000","1.0000000000","7344.0000000000"
"2025-03-14T00:00:00Z","166420562","Hawthorn v Essendon","032824a3-b53c-45ff-a1e5-ce55f0ef13c3","Round 01 v Essendon","7381a6b2-b11c-4f42-85df-1b3b97b11693","67b1377f-c9b3-4ddd-864d-16cc9949ff25","Quarter 4","1","Round 1","Waverley","40","MCG","Connor Macdonald","09","Hybrid","3469.45508","251.91","8","356.0636","7.86175","103.4155876995161340","0","0","41","0","1134.75","2012.920000076294","23.0000000000","14.0000000000","9.0000000000","3.0000000000","2.0000000000","2.0000000000","1.0000000000","13.0000000000","2.0000000000","2.0000000000","371.0999836370","4.0000000000","","","7882.0000000000"
"2025-03-14T00:00:00Z","166420562","Hawthorn v Essendon","032824a3-b53c-45ff-a1e5-ce55f0ef13c3","Round 01 v Essendon","7381a6b2-b11c-4f42-85df-1b3b97b11693","e061e402-12d2-4534-9d02-7191ac4017cf","Quarter 1","1","Round 1","Waverley","40","MCG","Connor Macdonald","09","Hybrid","3310.36426","502.38999999999993","14","351.98944","8.29869","102.3011916333953880","0","0","40","0","1159.09998","1941.539999961853","23.0000000000","14.0000000000","9.0000000000","3.0000000000","2.0000000000","2.0000000000","1.0000000000","13.0000000000","2.0000000000","2.0000000000","371.0999836370","4.0000000000","","","7882.0000000000"
"2025-03-14T00:00:00Z","166420562","Hawthorn v Essendon","032824a3-b53c-45ff-a1e5-ce55f0ef13c3","Round 01 v Essendon","7381a6b2-b11c-4f42-85df-1b3b97b11693","07d3e48e-06af-43db-bd23-3146d90290b2","Quarter 2","1","Round 1","Waverley","40","MCG","Connor Macdonald","09","Hybrid","3645.66992","337.11","9","373.94382","7.40041","109.1447137598406120","0","0","31","0","1298.37","2004.130000114441","23.0000000000","14.0000000000","9.0000000000","3.0000000000","2.0000000000","2.0000000000","1.0000000000","13.0000000000","2.0000000000","2.0000000000","371.0999836370","4.0000000000","","","7882.0000000000"
"2025-03-14T00:00:00Z","166420562","Hawthorn v Essendon","032824a3-b53c-45ff-a1e5-ce55f0ef13c3","Round 01 v Essendon","7381a6b2-b11c-4f42-85df-1b3b97b11693","656405b0-4ef4-43dc-8e1c-1454011f7ee8","Quarter 3","1","Round 1","Waverley","40","MCG","Connor Macdonald","09","Hybrid","3184.36816","438.05","10","319.78418","7.6931","101.3769464109183840","0","0","24","0","984.94","1884.670000076294","23.0000000000","14.0000000000","9.0000000000","3.0000000000","2.0000000000","2.0000000000","1.0000000000","13.0000000000","2.0000000000","2.0000000000","371.0999836370","4.0000000000","","","7882.0000000000"
"2025-03-14T00:00:00Z","166420562","Hawthorn v Essendon","032824a3-b53c-45ff-a1e5-ce55f0ef13c3","Round 01 v Essendon","8b0242f4-3a3b-4651-949f-17da0062afba","67b1377f-c9b3-4ddd-864d-16cc9949ff25","Quarter 4","1","Round 1","Waverley","40","MCG","Dylan Moore","08","Midfielder","4267.80469","460.7","9","430.55811","8.11954","127.2123489211168140","0","0","53","0","1553.55005","2012.920000076294","5.0000000000","4.0000000000","1.0000000000","","2.0000000000","1.0000000000","1.0000000000","4.0000000000","","3.0000000000","105.8711500349","3.0000000000","","","7882.0000000000"
"2025-03-14T00:00:00Z","166420562","Hawthorn v Essendon","032824a3-b53c-45ff-a1e5-ce55f0ef13c3","Round 01 v Essendon","8b0242f4-3a3b-4651-949f-17da0062afba","656405b0-4ef4-43dc-8e1c-1454011f7ee8","Quarter 3","1","Round 1","Waverley","40","MCG","Dylan Moore","08","Midfielder","3775.28613","331.19998999999996","7","368.42261","7.59818","120.1892998725666960","0","0","37","0","1480.78003","1884.670000076294","5.0000000000","4.0000000000","1.0000000000","","2.0000000000","1.0000000000","1.0000000000","4.0000000000","","3.0000000000","105.8711500349","3.0000000000","","","7882.0000000000"
"2025-03-14T00:00:00Z","166420562","Hawthorn v Essendon","032824a3-b53c-45ff-a1e5-ce55f0ef13c3","Round 01 v Essendon","8b0242f4-3a3b-4651-949f-17da0062afba","07d3e48e-06af-43db-bd23-3146d90290b2","Quarter 2","1","Round 1","Waverley","40","MCG","Dylan Moore","08","Midfielder","4013.93652","588.91999","15","410.34711","8.00403","120.1699446574062720","0","0","45","0","1515.32007","2004.130000114441","5.0000000000","4.0000000000","1.0000000000","","2.0000000000","1.0000000000","1.0000000000","4.0000000000","","3.0000000000","105.8711500349","3.0000000000","","","7882.0000000000"
"2025-03-14T00:00:00Z","166420562","Hawthorn v Essendon","032824a3-b53c-45ff-a1e5-ce55f0ef13c3","Round 01 v Essendon","8b0242f4-3a3b-4651-949f-17da0062afba","e061e402-12d2-4534-9d02-7191ac4017cf","Quarter 1","1","Round 1","Waverley","40","MCG","Dylan Moore","08","Midfielder","4237.20605","670.25998","19","441.1048","8.2523","130.9436648253423120","0","0","55","0","1591.93994","1941.539999961853","5.0000000000","4.0000000000","1.0000000000","","2.0000000000","1.0000000000","1.0000000000","4.0000000000","","3.0000000000","105.8711500349","3.0000000000","","","7882.0000000000"
"2025-03-14T00:00:00Z","166420562","Hawthorn v Essendon","032824a3-b53c-45ff-a1e5-ce55f0ef13c3","Round 01 v Essendon","48b7449c-7b00-4728-8dcf-81959514acff","67b1377f-c9b3-4ddd-864d-16cc9949ff25","Quarter 4","1","Round 1","Waverley","40","MCG","Jarman Impey","04","Midfielder","2824.63672","414.74","7","280.87415","8.93151","84.1952006009063520","0","0","35","0","818.27002","2012.920000076294","11.0000000000","9.0000000000","2.0000000000","4.0000000000","5.0000000000","1.0000000000","1.0000000000","17.0000000000","3.0000000000","1.0000000000","245.9614766494","2.0000000000","","","7882.0000000000"
"2025-03-14T00:00:00Z","166420562","Hawthorn v Essendon","032824a3-b53c-45ff-a1e5-ce55f0ef13c3","Round 01 v Essendon","48b7449c-7b00-4728-8dcf-81959514acff","656405b0-4ef4-43dc-8e1c-1454011f7ee8","Quarter 3","1","Round 1","Waverley","40","MCG","Jarman Impey","04","Midfielder","2452.9873","226.89999999999998","4","244.46832","8.29173","78.0928427756806140","0","0","26","0","824.27002","1884.670000076294","11.0000000000","9.0000000000","2.0000000000","4.0000000000","5.0000000000","1.0000000000","1.0000000000","17.0000000000","3.0000000000","1.0000000000","245.9614766494","2.0000000000","","","7882.0000000000"
"2025-03-14T00:00:00Z","166420562","Hawthorn v Essendon","032824a3-b53c-45ff-a1e5-ce55f0ef13c3","Round 01 v Essendon","48b7449c-7b00-4728-8dcf-81959514acff","07d3e48e-06af-43db-bd23-3146d90290b2","Quarter 2","1","Round 1","Waverley","40","MCG","Jarman Impey","04","Midfielder","3616.87646","346.79999","12","369.93204","8.50366","108.2826900388737360","0","0","52","0","1213.51001","2004.130000114441","11.0000000000","9.0000000000","2.0000000000","4.0000000000","5.0000000000","1.0000000000","1.0000000000","17.0000000000","3.0000000000","1.0000000000","245.9614766494","2.0000000000","","","7882.0000000000"
"2025-03-14T00:00:00Z","166420562","Hawthorn v Essendon","032824a3-b53c-45ff-a1e5-ce55f0ef13c3","Round 01 v Essendon","48b7449c-7b00-4728-8dcf-81959514acff","e061e402-12d2-4534-9d02-7191ac4017cf","Quarter 1","1","Round 1","Waverley","40","MCG","Jarman Impey","04","Midfielder","3482.26416","370.42","12","361.74564","7.76697","107.6134664256750480","0","0","47","0","1226.18994","1941.539999961853","11.0000000000","9.0000000000","2.0000000000","4.0000000000","5.0000000000","1.0000000000","1.0000000000","17.0000000000","3.0000000000","1.0000000000","245.9614766494","2.0000000000","","","7882.0000000000"
"2025-03-14T00:00:00Z","166420562","Hawthorn v Essendon","032824a3-b53c-45ff-a1e5-ce55f0ef13c3","Round 01 v Essendon","036695b3-12e6-43fb-a153-0dea34fd7c41","67b1377f-c9b3-4ddd-864d-16cc9949ff25","Quarter 4","1","Round 1","Waverley","40","MCG","Karl Amon","10","Hybrid","2944.39453","233.29000000000002","5","270.93213","7.5228","87.7648748054090880","0","0","40","0","990.35004","2012.920000076294","28.0000000000","21.0000000000","7.0000000000","10.0000000000","2.0000000000","1.0000000000","2.0000000000","8.0000000000","7.0000000000","5.0000000000","642.7693956374","5.0000000000","","","7882.0000000000"
"2025-03-14T00:00:00Z","166420562","Hawthorn v Essendon","032824a3-b53c-45ff-a1e5-ce55f0ef13c3","Round 01 v Essendon","036695b3-12e6-43fb-a153-0dea34fd7c41","656405b0-4ef4-43dc-8e1c-1454011f7ee8","Quarter 3","1","Round 1","Waverley","40","MCG","Karl Amon","10","Hybrid","3128.56738","452.81999","11","304.20081","7.5385","99.6004832635957920","0","0","42","0","1043.57007","1884.670000076294","28.0000000000","21.0000000000","7.0000000000","10.0000000000","2.0000000000","1.0000000000","2.0000000000","8.0000000000","7.0000000000","5.0000000000","642.7693956374","5.0000000000","","","7882.0000000000"
"2025-03-14T00:00:00Z","166420562","Hawthorn v Essendon","032824a3-b53c-45ff-a1e5-ce55f0ef13c3","Round 01 v Essendon","036695b3-12e6-43fb-a153-0dea34fd7c41","07d3e48e-06af-43db-bd23-3146d90290b2","Quarter 2","1","Round 1","Waverley","40","MCG","Karl Amon","10","Hybrid","3767.50537","369.17","11","362.88751","7.36612","112.7922451073991900","0","0","51","0","1289.42993","2004.130000114441","28.0000000000","21.0000000000","7.0000000000","10.0000000000","2.0000000000","1.0000000000","2.0000000000","8.0000000000","7.0000000000","5.0000000000","642.7693956374","5.0000000000","","","7882.0000000000"
"2025-03-14T00:00:00Z","166420562","Hawthorn v Essendon","032824a3-b53c-45ff-a1e5-ce55f0ef13c3","Round 01 v Essendon","036695b3-12e6-43fb-a153-0dea34fd7c41","e061e402-12d2-4534-9d02-7191ac4017cf","Quarter 1","1","Round 1","Waverley","40","MCG","Karl Amon","10","Hybrid","4391.79199","671.90999","14","425.78076","8.11265","135.7208810558512020","0","0","43","0","1657.85999","1941.539999961853","28.0000000000","21.0000000000","7.0000000000","10.0000000000","2.0000000000","1.0000000000","2.0000000000","8.0000000000","7.0000000000","5.0000000000","642.7693956374","5.0000000000","","","7882.0000000000"
"2025-03-14T00:00:00Z","166420562","Hawthorn v Essendon","032824a3-b53c-45ff-a1e5-ce55f0ef13c3","Round 01 v Essendon","29708cec-1d8a-451d-a7da-18fca9557adc","07d3e48e-06af-43db-bd23-3146d90290b2","Quarter 2","1","Round 1","Waverley","40","MCG","James Sicily","06","Back","3791.32861","276.76","4","320.24423","8.07879","113.5054694989897440","0","0","30","0","1402.35999","2004.130000114441","24.0000000000","18.0000000000","6.0000000000","7.0000000000","","1.0000000000","1.0000000000","8.0000000000","1.0000000000","10.0000000000","619.5050947546","3.0000000000","","","7882.0000000000"
"2025-03-14T00:00:00Z","166420562","Hawthorn v Essendon","032824a3-b53c-45ff-a1e5-ce55f0ef13c3","Round 01 v Essendon","29708cec-1d8a-451d-a7da-18fca9557adc","e061e402-12d2-4534-9d02-7191ac4017cf","Quarter 1","1","Round 1","Waverley","40","MCG","James Sicily","06","Back","3511.25708","177.22","4","285.72311","7.03549","108.5094434336347980","0","0","29","0","1498.58997","1941.539999961853","24.0000000000","18.0000000000","6.0000000000","7.0000000000","","1.0000000000","1.0000000000","8.0000000000","1.0000000000","10.0000000000","619.5050947546","3.0000000000","","","7882.0000000000"
"2025-03-14T00:00:00Z","166420562","Hawthorn v Essendon","032824a3-b53c-45ff-a1e5-ce55f0ef13c3","Round 01 v Essendon","29708cec-1d8a-451d-a7da-18fca9557adc","67b1377f-c9b3-4ddd-864d-16cc9949ff25","Quarter 4","1","Round 1","Waverley","40","MCG","James Sicily","06","Back","3587.81836","280.34999999999997","7","282.8855","7.5252","106.9436945292613920","0","0","30","0","1061.41003","2012.920000076294","24.0000000000","18.0000000000","6.0000000000","7.0000000000","","1.0000000000","1.0000000000","8.0000000000","1.0000000000","10.0000000000","619.5050947546","3.0000000000","","","7882.0000000000"
"2025-03-14T00:00:00Z","166420562","Hawthorn v Essendon","032824a3-b53c-45ff-a1e5-ce55f0ef13c3","Round 01 v Essendon","29708cec-1d8a-451d-a7da-18fca9557adc","656405b0-4ef4-43dc-8e1c-1454011f7ee8","Quarter 3","1","Round 1","Waverley","40","MCG","James Sicily","06","Back","3442.34082","134.32999999999998","3","293.20807","6.64153","109.5897155425825020","0","0","38","0","1095.96997","1884.670000076294","24.0000000000","18.0000000000","6.0000000000","7.0000000000","","1.0000000000","1.0000000000","8.0000000000","1.0000000000","10.0000000000","619.5050947546","3.0000000000","","","7882.0000000000"
"2025-03-14T00:00:00Z","166420562","Hawthorn v Essendon","032824a3-b53c-45ff-a1e5-ce55f0ef13c3","Round 01 v Essendon","ee799c04-c79f-41c9-bd53-176bb21a7077","e061e402-12d2-4534-9d02-7191ac4017cf","Quarter 1","1","Round 1","Waverley","40","MCG","Conor Nash","11","Back","3760.10913","225.13","7","339.72543","7.61985","116.1997938772483020","0","0","42","0","1742.58008","1941.539999961853","12.0000000000","7.0000000000","5.0000000000","2.0000000000","1.0000000000","1.0000000000","","4.0000000000","1.0000000000","","161.6824284882","","1.0000000000","","7882.0000000000"
"2025-03-14T00:00:00Z","166420562","Hawthorn v Essendon","032824a3-b53c-45ff-a1e5-ce55f0ef13c3","Round 01 v Essendon","ee799c04-c79f-41c9-bd53-176bb21a7077","67b1377f-c9b3-4ddd-864d-16cc9949ff25","Quarter 4","1","Round 1","Waverley","40","MCG","Conor Nash","11","Back","3055.88574","156.26","3","272.81934","7.00524","91.0881427940755320","0","0","37","0","1237","2012.920000076294","12.0000000000","7.0000000000","5.0000000000","2.0000000000","1.0000000000","1.0000000000","","4.0000000000","1.0000000000","","161.6824284882","","1.0000000000","","7882.0000000000"
"2025-03-14T00:00:00Z","166420562","Hawthorn v Essendon","032824a3-b53c-45ff-a1e5-ce55f0ef13c3","Round 01 v Essendon","ee799c04-c79f-41c9-bd53-176bb21a7077","656405b0-4ef4-43dc-8e1c-1454011f7ee8","Quarter 3","1","Round 1","Waverley","40","MCG","Conor Nash","11","Back","2948.05371","263.55","7","249.63184","7.20644","93.8536839833177820","0","0","34","0","1184.29004","1884.670000076294","12.0000000000","7.0000000000","5.0000000000","2.0000000000","1.0000000000","1.0000000000","","4.0000000000","1.0000000000","","161.6824284882","","1.0000000000","","7882.0000000000"
"2025-03-14T00:00:00Z","166420562","Hawthorn v Essendon","032824a3-b53c-45ff-a1e5-ce55f0ef13c3","Round 01 v Essendon","ee799c04-c79f-41c9-bd53-176bb21a7077","07d3e48e-06af-43db-bd23-3146d90290b2","Quarter 2","1","Round 1","Waverley","40","MCG","Conor Nash","11","Back","2836","224.14999999999998","3","249.73587","8.1401","84.9046718477760540","0","0","40","0","1036.16003","2004.130000114441","12.0000000000","7.0000000000","5.0000000000","2.0000000000","1.0000000000","1.0000000000","","4.0000000000","1.0000000000","","161.6824284882","","1.0000000000","","7882.0000000000"
"2025-03-14T00:00:00Z","166420562","Hawthorn v Essendon","032824a3-b53c-45ff-a1e5-ce55f0ef13c3","Round 01 v Essendon","48b7449c-7b00-4728-8dcf-81959514acff","e061e402-12d2-4534-9d02-7191ac4017cf","Quarter 1","1","Round 1","Waverley","40","MCG","Jarman Impey","04","Midfielder","3482.26416","370.42","12","361.74564","7.76697","107.6134664256750480","0","0","47","0","1226.18994","1941.539999961853","11.0000000000","5.0000000000","6.0000000000","","1.0000000000","1.0000000000","1.0000000000","10.0000000000","2.0000000000","1.0000000000","158.8266122416","3.0000000000","2.0000000000","","7882.0000000000"
"2025-03-14T00:00:00Z","166420562","Hawthorn v Essendon","032824a3-b53c-45ff-a1e5-ce55f0ef13c3","Round 01 v Essendon","48b7449c-7b00-4728-8dcf-81959514acff","07d3e48e-06af-43db-bd23-3146d90290b2","Quarter 2","1","Round 1","Waverley","40","MCG","Jarman Impey","04","Midfielder","3616.87646","346.79999","12","369.93204","8.50366","108.2826900388737360","0","0","52","0","1213.51001","2004.130000114441","11.0000000000","5.0000000000","6.0000000000","","1.0000000000","1.0000000000","1.0000000000","10.0000000000","2.0000000000","1.0000000000","158.8266122416","3.0000000000","2.0000000000","","7882.0000000000"
"2025-03-14T00:00:00Z","166420562","Hawthorn v Essendon","032824a3-b53c-45ff-a1e5-ce55f0ef13c3","Round 01 v Essendon","48b7449c-7b00-4728-8dcf-81959514acff","656405b0-4ef4-43dc-8e1c-1454011f7ee8","Quarter 3","1","Round 1","Waverley","40","MCG","Jarman Impey","04","Midfielder","2452.9873","226.89999999999998","4","244.46832","8.29173","78.0928427756806140","0","0","26","0","824.27002","1884.670000076294","11.0000000000","5.0000000000","6.0000000000","","1.0000000000","1.0000000000","1.0000000000","10.0000000000","2.0000000000","1.0000000000","158.8266122416","3.0000000000","2.0000000000","","7882.0000000000"
"2025-03-14T00:00:00Z","166420562","Hawthorn v Essendon","032824a3-b53c-45ff-a1e5-ce55f0ef13c3","Round 01 v Essendon","48b7449c-7b00-4728-8dcf-81959514acff","67b1377f-c9b3-4ddd-864d-16cc9949ff25","Quarter 4","1","Round 1","Waverley","40","MCG","Jarman Impey","04","Midfielder","2824.63672","414.74","7","280.87415","8.93151","84.1952006009063520","0","0","35","0","818.27002","2012.920000076294","11.0000000000","5.0000000000","6.0000000000","","1.0000000000","1.0000000000","1.0000000000","10.0000000000","2.0000000000","1.0000000000","158.8266122416","3.0000000000","2.0000000000","","7882.0000000000"
"2025-03-14T00:00:00Z","166420562","Hawthorn v Essendon","032824a3-b53c-45ff-a1e5-ce55f0ef13c3","Round 01 v Essendon","6c56e5bd-2cd0-47f8-993f-dcc1d1ebce45","67b1377f-c9b3-4ddd-864d-16cc9949ff25","Quarter 4","1","Round 1","Waverley","40","MCG","Tom Barrass","37","Hybrid","3125.81641","88.61","3","236.44727","7.75168","93.1725973177729320","0","0","23","0","968.91998","2012.920000076294","12.0000000000","8.0000000000","4.0000000000","3.0000000000","3.0000000000","","1.0000000000","5.0000000000","1.0000000000","3.0000000000","182.9104244928","3.0000000000","","","7882.0000000000"
"2025-03-14T00:00:00Z","166420562","Hawthorn v Essendon","032824a3-b53c-45ff-a1e5-ce55f0ef13c3","Round 01 v Essendon","6c56e5bd-2cd0-47f8-993f-dcc1d1ebce45","656405b0-4ef4-43dc-8e1c-1454011f7ee8","Quarter 3","1","Round 1","Waverley","40","MCG","Tom Barrass","37","Hybrid","2900.18799","159.58001000000002","2","232.30548","7.59001","92.3298399151871640","0","0","24","0","966.21997","1884.670000076294","12.0000000000","8.0000000000","4.0000000000","3.0000000000","3.0000000000","","1.0000000000","5.0000000000","1.0000000000","3.0000000000","182.9104244928","3.0000000000","","","7882.0000000000"
"2025-03-14T00:00:00Z","166420562","Hawthorn v Essendon","032824a3-b53c-45ff-a1e5-ce55f0ef13c3","Round 01 v Essendon","6c56e5bd-2cd0-47f8-993f-dcc1d1ebce45","07d3e48e-06af-43db-bd23-3146d90290b2","Quarter 2","1","Round 1","Waverley","40","MCG","Tom Barrass","37","Hybrid","2769.18701","164.63","6","223.24136","7.96128","82.9044126830656380","0","0","32","0","803.82001","2004.130000114441","12.0000000000","8.0000000000","4.0000000000","3.0000000000","3.0000000000","","1.0000000000","5.0000000000","1.0000000000","3.0000000000","182.9104244928","3.0000000000","","","7882.0000000000"
"2025-03-14T00:00:00Z","166420562","Hawthorn v Essendon","032824a3-b53c-45ff-a1e5-ce55f0ef13c3","Round 01 v Essendon","6c56e5bd-2cd0-47f8-993f-dcc1d1ebce45","e061e402-12d2-4534-9d02-7191ac4017cf","Quarter 1","1","Round 1","Waverley","40","MCG","Tom Barrass","37","Hybrid","3227.25806","134.01","5","265.77692","7.41033","99.7329355067649960","0","0","35","0","1019.12","1941.539999961853","12.0000000000","8.0000000000","4.0000000000","3.0000000000","3.0000000000","","1.0000000000","5.0000000000","1.0000000000","3.0000000000","182.9104244928","3.0000000000","","","7882.0000000000"
"2025-03-14T00:00:00Z","166420562","Hawthorn v Essendon","032824a3-b53c-45ff-a1e5-ce55f0ef13c3","Round 01 v Essendon","2ca83ae0-85a1-479e-bef1-d06af29b9200","e061e402-12d2-4534-9d02-7191ac4017cf","Quarter 1","1","Round 1","Waverley","40","MCG","Blake Hardwick","15","Back","3479.58008","332.00999","7","344.62598","7.67747","107.5305194866456380","0","0","53","0","1169.98999","1941.539999961853","13.0000000000","8.0000000000","5.0000000000","5.0000000000","2.0000000000","","","7.0000000000","2.0000000000","1.0000000000","316.9659554947","3.0000000000","2.0000000000","","7882.0000000000"
"2025-03-14T00:00:00Z","166420562","Hawthorn v Essendon","032824a3-b53c-45ff-a1e5-ce55f0ef13c3","Round 01 v Essendon","2ca83ae0-85a1-479e-bef1-d06af29b9200","07d3e48e-06af-43db-bd23-3146d90290b2","Quarter 2","1","Round 1","Waverley","40","MCG","Blake Hardwick","15","Back","3299.00391","293.95","11","296.08594","8.25844","98.7661651632863640","0","0","51","0","1018.09998","2004.130000114441","13.0000000000","8.0000000000","5.0000000000","5.0000000000","2.0000000000","","","7.0000000000","2.0000000000","1.0000000000","316.9659554947","3.0000000000","2.0000000000","","7882.0000000000"
"2025-03-14T00:00:00Z","166420562","Hawthorn v Essendon","032824a3-b53c-45ff-a1e5-ce55f0ef13c3","Round 01 v Essendon","2ca83ae0-85a1-479e-bef1-d06af29b9200","67b1377f-c9b3-4ddd-864d-16cc9949ff25","Quarter 4","1","Round 1","Waverley","40","MCG","Blake Hardwick","15","Back","3645.88965","273.98999000000003","9","332.91589","8.75737","108.6746512487872200","0","0","39","0","1202.33008","2012.920000076294","13.0000000000","8.0000000000","5.0000000000","5.0000000000","2.0000000000","","","7.0000000000","2.0000000000","1.0000000000","316.9659554947","3.0000000000","2.0000000000","","7882.0000000000"
"2025-03-14T00:00:00Z","166420562","Hawthorn v Essendon","032824a3-b53c-45ff-a1e5-ce55f0ef13c3","Round 01 v Essendon","2ca83ae0-85a1-479e-bef1-d06af29b9200","656405b0-4ef4-43dc-8e1c-1454011f7ee8","Quarter 3","1","Round 1","Waverley","40","MCG","Blake Hardwick","15","Back","3730.15234","413.32999","13","337.95856","8.26665","118.7524290145966680","0","0","46","0","1271.33997","1884.670000076294","13.0000000000","8.0000000000","5.0000000000","5.0000000000","2.0000000000","","","7.0000000000","2.0000000000","1.0000000000","316.9659554947","3.0000000000","2.0000000000","","7882.0000000000"
"2025-03-14T00:00:00Z","166420562","Hawthorn v Essendon","032824a3-b53c-45ff-a1e5-ce55f0ef13c3","Round 01 v Essendon","236a3ba1-a655-45e2-bcd2-6ad50b7c42fd","e061e402-12d2-4534-9d02-7191ac4017cf","Quarter 1","1","Round 1","Waverley","40","MCG","Mabior Chol","18","Hybrid","3365.05225","395.18999","8","282.84558","8.93186","103.9912311896571540","0","0","44","0","1150.40991","1941.539999961853","8.0000000000","8.0000000000","","6.0000000000","1.0000000000","1.0000000000","","7.0000000000","1.0000000000","","248.4018677575","","2.0000000000","2.0000000000","7882.0000000000"
"2025-03-14T00:00:00Z","166420562","Hawthorn v Essendon","032824a3-b53c-45ff-a1e5-ce55f0ef13c3","Round 01 v Essendon","236a3ba1-a655-45e2-bcd2-6ad50b7c42fd","07d3e48e-06af-43db-bd23-3146d90290b2","Quarter 2","1","Round 1","Waverley","40","MCG","Mabior Chol","18","Hybrid","2976.69482","142.95999999999998","5","236.3093","7.8722","89.1168183649770120","0","0","31","0","930.31006","2004.130000114441","8.0000000000","8.0000000000","","6.0000000000","1.0000000000","1.0000000000","","7.0000000000","1.0000000000","","248.4018677575","","2.0000000000","2.0000000000","7882.0000000000"
"2025-03-14T00:00:00Z","166420562","Hawthorn v Essendon","032824a3-b53c-45ff-a1e5-ce55f0ef13c3","Round 01 v Essendon","236a3ba1-a655-45e2-bcd2-6ad50b7c42fd","656405b0-4ef4-43dc-8e1c-1454011f7ee8","Quarter 3","1","Round 1","Waverley","40","MCG","Mabior Chol","18","Hybrid","2371.00293","119.22","3","177.11212","7.22166","75.4828037769164460","0","0","23","0","702.01001","1884.670000076294","8.0000000000","8.0000000000","","6.0000000000","1.0000000000","1.0000000000","","7.0000000000","1.0000000000","","248.4018677575","","2.0000000000","2.0000000000","7882.0000000000"
"2025-03-14T00:00:00Z","166420562","Hawthorn v Essendon","032824a3-b53c-45ff-a1e5-ce55f0ef13c3","Round 01 v Essendon","236a3ba1-a655-45e2-bcd2-6ad50b7c42fd","67b1377f-c9b3-4ddd-864d-16cc9949ff25","Quarter 4","1","Round 1","Waverley","40","MCG","Mabior Chol","18","Hybrid","2501.37012","106.35000000000001","3","197.69861","8.0208","74.5594495530431220","0","0","18","0","826.64001","2012.920000076294","8.0000000000","8.0000000000","","6.0000000000","1.0000000000","1.0000000000","","7.0000000000","1.0000000000","","248.4018677575","","2.0000000000","2.0000000000","7882.0000000000"
"2025-03-14T00:00:00Z","166420562","Hawthorn v Essendon","032824a3-b53c-45ff-a1e5-ce55f0ef13c3","Round 01 v Essendon","28405012-6960-46d6-9664-4d4f08217ee7","e061e402-12d2-4534-9d02-7191ac4017cf","Quarter 1","1","Round 1","Waverley","40","MCG","Harry Morrison","01","Back","3753.18262","533.42003","12","342.19934","7.82962","115.9857418360809000","0","0","40","0","1245.56995","1941.539999961853","27.0000000000","15.0000000000","12.0000000000","9.0000000000","4.0000000000","1.0000000000","","11.0000000000","2.0000000000","6.0000000000","450.1276997838","6.0000000000","","","7882.0000000000"
"2025-03-14T00:00:00Z","166420562","Hawthorn v Essendon","032824a3-b53c-45ff-a1e5-ce55f0ef13c3","Round 01 v Essendon","28405012-6960-46d6-9664-4d4f08217ee7","07d3e48e-06af-43db-bd23-3146d90290b2","Quarter 2","1","Round 1","Waverley","40","MCG","Harry Morrison","01","Back","3884.82031","537.9200000000001","14","361.85706","7.94663","116.3044406234575620","0","0","42","0","1335.88","2004.130000114441","27.0000000000","15.0000000000","12.0000000000","9.0000000000","4.0000000000","1.0000000000","","11.0000000000","2.0000000000","6.0000000000","450.1276997838","6.0000000000","","","7882.0000000000"
"2025-03-14T00:00:00Z","166420562","Hawthorn v Essendon","032824a3-b53c-45ff-a1e5-ce55f0ef13c3","Round 01 v Essendon","28405012-6960-46d6-9664-4d4f08217ee7","656405b0-4ef4-43dc-8e1c-1454011f7ee8","Quarter 3","1","Round 1","Waverley","40","MCG","Harry Morrison","01","Back","2817.95801","440.24999","13","257.80048","7.26524","89.7119817226121880","0","0","38","0","802.32001","1884.670000076294","27.0000000000","15.0000000000","12.0000000000","9.0000000000","4.0000000000","1.0000000000","","11.0000000000","2.0000000000","6.0000000000","450.1276997838","6.0000000000","","","7882.0000000000"
"2025-03-14T00:00:00Z","166420562","Hawthorn v Essendon","032824a3-b53c-45ff-a1e5-ce55f0ef13c3","Round 01 v Essendon","28405012-6960-46d6-9664-4d4f08217ee7","67b1377f-c9b3-4ddd-864d-16cc9949ff25","Quarter 4","1","Round 1","Waverley","40","MCG","Harry Morrison","01","Back","4014.08887","263.17001","9","381.10327","7.56561","119.6497288470835620","0","0","52","0","1405.67993","2012.920000076294","27.0000000000","15.0000000000","12.0000000000","9.0000000000","4.0000000000","1.0000000000","","11.0000000000","2.0000000000","6.0000000000","450.1276997838","6.0000000000","","","7882.0000000000"
"2025-03-14T00:00:00Z","166420562","Hawthorn v Essendon","032824a3-b53c-45ff-a1e5-ce55f0ef13c3","Round 01 v Essendon","131ea882-7562-4a3d-a0e0-ddd0ca763ee2","07d3e48e-06af-43db-bd23-3146d90290b2","Quarter 2","1","Round 1","Waverley","40","MCG","Jack Scrimshaw","14","Hybrid","1220.96509","61.629999999999995","2","97.43643","8.0121","36.55346978280689594220","0","0","11","0","460.06","2004.130000114441","4.0000000000","1.0000000000","3.0000000000","1.0000000000","1.0000000000","","","6.0000000000","","","-24.3811433837","","","","7882.0000000000"
"2025-03-14T00:00:00Z","166420562","Hawthorn v Essendon","032824a3-b53c-45ff-a1e5-ce55f0ef13c3","Round 01 v Essendon","131ea882-7562-4a3d-a0e0-ddd0ca763ee2","e061e402-12d2-4534-9d02-7191ac4017cf","Quarter 1","1","Round 1","Waverley","40","MCG","Jack Scrimshaw","14","Hybrid","3141.99512","243.90000999999998","5","250.99619","8.35074","97.0980289892065080","0","0","34","0","1264.19995","1941.539999961853","4.0000000000","1.0000000000","3.0000000000","1.0000000000","1.0000000000","","","6.0000000000","","","-24.3811433837","","","","7882.0000000000"
"2025-03-14T00:00:00Z","166420562","Hawthorn v Essendon","032824a3-b53c-45ff-a1e5-ce55f0ef13c3","Round 01 v Essendon","d906015c-707c-4176-b45b-c0b21e435310","e061e402-12d2-4534-9d02-7191ac4017cf","Quarter 1","1","Round 1","Waverley","40","MCG","Josh Battle","24","Hybrid","4490.9502","511.10999000000004","14","437.61203","7.62523","138.7851973203200760","0","0","51","0","1437.10999","1941.539999961853","19.0000000000","14.0000000000","5.0000000000","6.0000000000","3.0000000000","","","11.0000000000","1.0000000000","10.0000000000","400.2712557404","4.0000000000","","","7882.0000000000"
"2025-03-14T00:00:00Z","166420562","Hawthorn v Essendon","032824a3-b53c-45ff-a1e5-ce55f0ef13c3","Round 01 v Essendon","d906015c-707c-4176-b45b-c0b21e435310","07d3e48e-06af-43db-bd23-3146d90290b2","Quarter 2","1","Round 1","Waverley","40","MCG","Josh Battle","24","Hybrid","3525.78271","437.74001","10","322.6994","7.7942","105.5555091675291120","0","0","38","0","1071.88","2004.130000114441","19.0000000000","14.0000000000","5.0000000000","6.0000000000","3.0000000000","","","11.0000000000","1.0000000000","10.0000000000","400.2712557404","4.0000000000","","","7882.0000000000"
"2025-03-14T00:00:00Z","166420562","Hawthorn v Essendon","032824a3-b53c-45ff-a1e5-ce55f0ef13c3","Round 01 v Essendon","d906015c-707c-4176-b45b-c0b21e435310","656405b0-4ef4-43dc-8e1c-1454011f7ee8","Quarter 3","1","Round 1","Waverley","40","MCG","Josh Battle","24","Hybrid","3559.97363","415.22999999999996","11","333.02997","8.33991","113.3346515789784120","0","0","40","0","1065.76001","1884.670000076294","19.0000000000","14.0000000000","5.0000000000","6.0000000000","3.0000000000","","","11.0000000000","1.0000000000","10.0000000000","400.2712557404","4.0000000000","","","7882.0000000000"
"2025-03-14T00:00:00Z","166420562","Hawthorn v Essendon","032824a3-b53c-45ff-a1e5-ce55f0ef13c3","Round 01 v Essendon","d906015c-707c-4176-b45b-c0b21e435310","67b1377f-c9b3-4ddd-864d-16cc9949ff25","Quarter 4","1","Round 1","Waverley","40","MCG","Josh Battle","24","Hybrid","3579.92773","451.23","12","332.47998","7.70161","106.7084950181123880","0","0","42","0","1063.30005","2012.920000076294","19.0000000000","14.0000000000","5.0000000000","6.0000000000","3.0000000000","","","11.0000000000","1.0000000000","10.0000000000","400.2712557404","4.0000000000","","","7882.0000000000"
"2025-03-14T00:00:00Z","166420562","Hawthorn v Essendon","032824a3-b53c-45ff-a1e5-ce55f0ef13c3","Round 01 v Essendon","28405012-6960-46d6-9664-4d4f08217ee7","67b1377f-c9b3-4ddd-864d-16cc9949ff25","Quarter 4","1","Round 1","Waverley","40","MCG","Harry Morrison","01","Back","4014.08887","263.17001","9","381.10327","7.56561","119.6497288470835620","0","0","52","0","1405.67993","2012.920000076294","14.0000000000","10.0000000000","4.0000000000","9.0000000000","3.0000000000","","2.0000000000","25.0000000000","","3.0000000000","151.2106736109","2.0000000000","","","7882.0000000000"
"2025-03-14T00:00:00Z","166420562","Hawthorn v Essendon","032824a3-b53c-45ff-a1e5-ce55f0ef13c3","Round 01 v Essendon","28405012-6960-46d6-9664-4d4f08217ee7","e061e402-12d2-4534-9d02-7191ac4017cf","Quarter 1","1","Round 1","Waverley","40","MCG","Harry Morrison","01","Back","3753.18262","533.42003","12","342.19934","7.82962","115.9857418360809000","0","0","40","0","1245.56995","1941.539999961853","14.0000000000","10.0000000000","4.0000000000","9.0000000000","3.0000000000","","2.0000000000","25.0000000000","","3.0000000000","151.2106736109","2.0000000000","","","7882.0000000000"
"2025-03-14T00:00:00Z","166420562","Hawthorn v Essendon","032824a3-b53c-45ff-a1e5-ce55f0ef13c3","Round 01 v Essendon","28405012-6960-46d6-9664-4d4f08217ee7","07d3e48e-06af-43db-bd23-3146d90290b2","Quarter 2","1","Round 1","Waverley","40","MCG","Harry Morrison","01","Back","3884.82031","537.9200000000001","14","361.85706","7.94663","116.3044406234575620","0","0","42","0","1335.88","2004.130000114441","14.0000000000","10.0000000000","4.0000000000","9.0000000000","3.0000000000","","2.0000000000","25.0000000000","","3.0000000000","151.2106736109","2.0000000000","","","7882.0000000000"
"2025-03-14T00:00:00Z","166420562","Hawthorn v Essendon","032824a3-b53c-45ff-a1e5-ce55f0ef13c3","Round 01 v Essendon","28405012-6960-46d6-9664-4d4f08217ee7","656405b0-4ef4-43dc-8e1c-1454011f7ee8","Quarter 3","1","Round 1","Waverley","40","MCG","Harry Morrison","01","Back","2817.95801","440.24999","13","257.80048","7.26524","89.7119817226121880","0","0","38","0","802.32001","1884.670000076294","14.0000000000","10.0000000000","4.0000000000","9.0000000000","3.0000000000","","2.0000000000","25.0000000000","","3.0000000000","151.2106736109","2.0000000000","","","7882.0000000000"
"2025-03-14T00:00:00Z","166420562","Hawthorn v Essendon","032824a3-b53c-45ff-a1e5-ce55f0ef13c3","Round 01 v Essendon","78eb8442-e99a-445f-8154-59b764e0c73a","67b1377f-c9b3-4ddd-864d-16cc9949ff25","Quarter 4","1","Round 1","Waverley","40","MCG","Lloyd Meek","17","Hybrid","2948.98633","13.33","0","259.44495","5.78713","87.9017446263605220","0","0","37","0","1111.54004","2012.920000076294","11.0000000000","3.0000000000","8.0000000000","1.0000000000","2.0000000000","2.0000000000","","10.0000000000","","","39.4653000582","2.0000000000","","","7882.0000000000"
"2025-03-14T00:00:00Z","166420562","Hawthorn v Essendon","032824a3-b53c-45ff-a1e5-ce55f0ef13c3","Round 01 v Essendon","78eb8442-e99a-445f-8154-59b764e0c73a","656405b0-4ef4-43dc-8e1c-1454011f7ee8","Quarter 3","1","Round 1","Waverley","40","MCG","Lloyd Meek","17","Hybrid","3387.82031","37.71","1","297.7854","6.33002","107.8540108304219760","0","0","37","0","1398.56006","1884.670000076294","11.0000000000","3.0000000000","8.0000000000","1.0000000000","2.0000000000","2.0000000000","","10.0000000000","","","39.4653000582","2.0000000000","","","7882.0000000000"
"2025-03-14T00:00:00Z","166420562","Hawthorn v Essendon","032824a3-b53c-45ff-a1e5-ce55f0ef13c3","Round 01 v Essendon","78eb8442-e99a-445f-8154-59b764e0c73a","07d3e48e-06af-43db-bd23-3146d90290b2","Quarter 2","1","Round 1","Waverley","40","MCG","Lloyd Meek","17","Hybrid","3430.58789","107.09","4","300.27753","6.93152","102.7055497339225860","0","0","34","0","1340.59009","2004.130000114441","11.0000000000","3.0000000000","8.0000000000","1.0000000000","2.0000000000","2.0000000000","","10.0000000000","","","39.4653000582","2.0000000000","","","7882.0000000000"
"2025-03-14T00:00:00Z","166420562","Hawthorn v Essendon","032824a3-b53c-45ff-a1e5-ce55f0ef13c3","Round 01 v Essendon","78eb8442-e99a-445f-8154-59b764e0c73a","e061e402-12d2-4534-9d02-7191ac4017cf","Quarter 1","1","Round 1","Waverley","40","MCG","Lloyd Meek","17","Hybrid","3635.30151","89.8","2","340.43365","6.22504","112.3428261093181380","0","0","30","0","1468.47998","1941.539999961853","11.0000000000","3.0000000000","8.0000000000","1.0000000000","2.0000000000","2.0000000000","","10.0000000000","","","39.4653000582","2.0000000000","","","7882.0000000000"
"2025-03-14T00:00:00Z","166420562","Hawthorn v Essendon","032824a3-b53c-45ff-a1e5-ce55f0ef13c3","Round 01 v Essendon","131ea882-7562-4a3d-a0e0-ddd0ca763ee2","e061e402-12d2-4534-9d02-7191ac4017cf","Quarter 1","1","Round 1","Waverley","40","MCG","Jack Scrimshaw","14","Hybrid","3141.99512","243.90000999999998","5","250.99619","8.35074","97.0980289892065080","0","0","34","0","1264.19995","1941.539999961853","9.0000000000","6.0000000000","3.0000000000","2.0000000000","1.0000000000","","1.0000000000","4.0000000000","","3.0000000000","108.2219381780","4.0000000000","","","7882.0000000000"
"2025-03-14T00:00:00Z","166420562","Hawthorn v Essendon","032824a3-b53c-45ff-a1e5-ce55f0ef13c3","Round 01 v Essendon","131ea882-7562-4a3d-a0e0-ddd0ca763ee2","07d3e48e-06af-43db-bd23-3146d90290b2","Quarter 2","1","Round 1","Waverley","40","MCG","Jack Scrimshaw","14","Hybrid","1220.96509","61.629999999999995","2","97.43643","8.0121","36.55346978280689594220","0","0","11","0","460.06","2004.130000114441","9.0000000000","6.0000000000","3.0000000000","2.0000000000","1.0000000000","","1.0000000000","4.0000000000","","3.0000000000","108.2219381780","4.0000000000","","","7882.0000000000"
"2025-03-14T00:00:00Z","166420562","Hawthorn v Essendon","032824a3-b53c-45ff-a1e5-ce55f0ef13c3","Round 01 v Essendon","dc9a9fa6-3f4c-464e-ae3c-ce8c25ab08d1","e061e402-12d2-4534-9d02-7191ac4017cf","Quarter 1","1","Round 1","Waverley","40","MCG","Massimo D'Ambrosio","16","Hybrid","3584.82007","354.88","9","342.15106","7.81296","110.7827828446624980","0","0","54","0","1271.46997","1941.539999961853","9.0000000000","6.0000000000","3.0000000000","3.0000000000","2.0000000000","1.0000000000","1.0000000000","9.0000000000","","1.0000000000","104.9298378197","4.0000000000","1.0000000000","","7882.0000000000"
"2025-03-14T00:00:00Z","166420562","Hawthorn v Essendon","032824a3-b53c-45ff-a1e5-ce55f0ef13c3","Round 01 v Essendon","dc9a9fa6-3f4c-464e-ae3c-ce8c25ab08d1","07d3e48e-06af-43db-bd23-3146d90290b2","Quarter 2","1","Round 1","Waverley","40","MCG","Massimo D'Ambrosio","16","Hybrid","2266.41943","274.22","7","203.08398","7.3788","67.8524675506254060","0","0","30","0","631.42999","2004.130000114441","9.0000000000","6.0000000000","3.0000000000","3.0000000000","2.0000000000","1.0000000000","1.0000000000","9.0000000000","","1.0000000000","104.9298378197","4.0000000000","1.0000000000","","7882.0000000000"
"2025-03-14T00:00:00Z","166420562","Hawthorn v Essendon","032824a3-b53c-45ff-a1e5-ce55f0ef13c3","Round 01 v Essendon","dc9a9fa6-3f4c-464e-ae3c-ce8c25ab08d1","656405b0-4ef4-43dc-8e1c-1454011f7ee8","Quarter 3","1","Round 1","Waverley","40","MCG","Massimo D'Ambrosio","16","Hybrid","2980.90332","347.57000999999997","7","281.32776","8.43688","94.8994779949591920","0","0","43","0","936.58002","1884.670000076294","9.0000000000","6.0000000000","3.0000000000","3.0000000000","2.0000000000","1.0000000000","1.0000000000","9.0000000000","","1.0000000000","104.9298378197","4.0000000000","1.0000000000","","7882.0000000000"
"2025-03-14T00:00:00Z","166420562","Hawthorn v Essendon","032824a3-b53c-45ff-a1e5-ce55f0ef13c3","Round 01 v Essendon","dc9a9fa6-3f4c-464e-ae3c-ce8c25ab08d1","67b1377f-c9b3-4ddd-864d-16cc9949ff25","Quarter 4","1","Round 1","Waverley","40","MCG","Massimo D'Ambrosio","16","Hybrid","2460.70801","323.38","7","217.54309","7.84025","73.3474159899072180","0","0","34","0","699.91998","2012.920000076294","9.0000000000","6.0000000000","3.0000000000","3.0000000000","2.0000000000","1.0000000000","1.0000000000","9.0000000000","","1.0000000000","104.9298378197","4.0000000000","1.0000000000","","7882.0000000000"
"2025-03-14T00:00:00Z","166420562","Hawthorn v Essendon","032824a3-b53c-45ff-a1e5-ce55f0ef13c3","Round 01 v Essendon","3ba00f82-b1d8-43cd-9263-c8d042a5b2ce","e061e402-12d2-4534-9d02-7191ac4017cf","Quarter 1","1","Round 1","Waverley","40","MCG","Cam Mackenzie","28","Hybrid","2869.53296","312.67001","8","280.8421","7.58042","88.6780481490892800","80.2242","101","47","0","935.38","1941.539999961853","19.0000000000","10.0000000000","9.0000000000","4.0000000000","7.0000000000","1.0000000000","3.0000000000","14.0000000000","3.0000000000","","166.6230260071","1.0000000000","2.0000000000","","7882.0000000000"
"2025-03-14T00:00:00Z","166420562","Hawthorn v Essendon","032824a3-b53c-45ff-a1e5-ce55f0ef13c3","Round 01 v Essendon","3ba00f82-b1d8-43cd-9263-c8d042a5b2ce","07d3e48e-06af-43db-bd23-3146d90290b2","Quarter 2","1","Round 1","Waverley","40","MCG","Cam Mackenzie","28","Hybrid","3432.71704","307.09","8","332.64362","7.20608","102.7692926048903940","98.82581","102","55","0","1133.55005","2004.130000114441","19.0000000000","10.0000000000","9.0000000000","4.0000000000","7.0000000000","1.0000000000","3.0000000000","14.0000000000","3.0000000000","","166.6230260071","1.0000000000","2.0000000000","","7882.0000000000"
"2025-03-14T00:00:00Z","166420562","Hawthorn v Essendon","032824a3-b53c-45ff-a1e5-ce55f0ef13c3","Round 01 v Essendon","3ba00f82-b1d8-43cd-9263-c8d042a5b2ce","656405b0-4ef4-43dc-8e1c-1454011f7ee8","Quarter 3","1","Round 1","Waverley","40","MCG","Cam Mackenzie","28","Hybrid","3156.13086","222.91000000000003","5","315.99554","6.74262","100.4779890338012160","98.14958","99","46","0","1219.72998","1884.670000076294","19.0000000000","10.0000000000","9.0000000000","4.0000000000","7.0000000000","1.0000000000","3.0000000000","14.0000000000","3.0000000000","","166.6230260071","1.0000000000","2.0000000000","","7882.0000000000"
"2025-03-14T00:00:00Z","166420562","Hawthorn v Essendon","032824a3-b53c-45ff-a1e5-ce55f0ef13c3","Round 01 v Essendon","3ba00f82-b1d8-43cd-9263-c8d042a5b2ce","67b1377f-c9b3-4ddd-864d-16cc9949ff25","Quarter 4","1","Round 1","Waverley","40","MCG","Cam Mackenzie","28","Hybrid","3261.06836","219.92999","8","334.37622","7.04952","97.2041122312779000","98.8135","102","58","0","1257.82996","2012.920000076294","19.0000000000","10.0000000000","9.0000000000","4.0000000000","7.0000000000","1.0000000000","3.0000000000","14.0000000000","3.0000000000","","166.6230260071","1.0000000000","2.0000000000","","7882.0000000000"
"2025-03-14T00:00:00Z","166420562","Hawthorn v Essendon","032824a3-b53c-45ff-a1e5-ce55f0ef13c3","Round 01 v Essendon","29708cec-1d8a-451d-a7da-18fca9557adc","e061e402-12d2-4534-9d02-7191ac4017cf","Quarter 1","1","Round 1","Waverley","40","MCG","James Sicily","06","Back","3511.25708","177.22","4","285.72311","7.03549","108.5094434336347980","0","0","29","0","1498.58997","1941.539999961853","36.0000000000","18.0000000000","18.0000000000","4.0000000000","11.0000000000","10.0000000000","2.0000000000","27.0000000000","7.0000000000","","476.4248645587","6.0000000000","1.0000000000","1.0000000000","7882.0000000000"
"2025-03-14T00:00:00Z","166420562","Hawthorn v Essendon","032824a3-b53c-45ff-a1e5-ce55f0ef13c3","Round 01 v Essendon","29708cec-1d8a-451d-a7da-18fca9557adc","07d3e48e-06af-43db-bd23-3146d90290b2","Quarter 2","1","Round 1","Waverley","40","MCG","James Sicily","06","Back","3791.32861","276.76","4","320.24423","8.07879","113.5054694989897440","0","0","30","0","1402.35999","2004.130000114441","36.0000000000","18.0000000000","18.0000000000","4.0000000000","11.0000000000","10.0000000000","2.0000000000","27.0000000000","7.0000000000","","476.4248645587","6.0000000000","1.0000000000","1.0000000000","7882.0000000000"
"2025-03-14T00:00:00Z","166420562","Hawthorn v Essendon","032824a3-b53c-45ff-a1e5-ce55f0ef13c3","Round 01 v Essendon","29708cec-1d8a-451d-a7da-18fca9557adc","656405b0-4ef4-43dc-8e1c-1454011f7ee8","Quarter 3","1","Round 1","Waverley","40","MCG","James Sicily","06","Back","3442.34082","134.32999999999998","3","293.20807","6.64153","109.5897155425825020","0","0","38","0","1095.96997","1884.670000076294","36.0000000000","18.0000000000","18.0000000000","4.0000000000","11.0000000000","10.0000000000","2.0000000000","27.0000000000","7.0000000000","","476.4248645587","6.0000000000","1.0000000000","1.0000000000","7882.0000000000"
"2025-03-14T00:00:00Z","166420562","Hawthorn v Essendon","032824a3-b53c-45ff-a1e5-ce55f0ef13c3","Round 01 v Essendon","29708cec-1d8a-451d-a7da-18fca9557adc","67b1377f-c9b3-4ddd-864d-16cc9949ff25","Quarter 4","1","Round 1","Waverley","40","MCG","James Sicily","06","Back","3587.81836","280.34999999999997","7","282.8855","7.5252","106.9436945292613920","0","0","30","0","1061.41003","2012.920000076294","36.0000000000","18.0000000000","18.0000000000","4.0000000000","11.0000000000","10.0000000000","2.0000000000","27.0000000000","7.0000000000","","476.4248645587","6.0000000000","1.0000000000","1.0000000000","7882.0000000000"
"2025-03-14T00:00:00Z","166420562","Hawthorn v Essendon","032824a3-b53c-45ff-a1e5-ce55f0ef13c3","Round 01 v Essendon","ee799c04-c79f-41c9-bd53-176bb21a7077","e061e402-12d2-4534-9d02-7191ac4017cf","Quarter 1","1","Round 1","Waverley","40","MCG","Conor Nash","11","Back","3760.10913","225.13","7","339.72543","7.61985","116.1997938772483020","0","0","42","0","1742.58008","1941.539999961853","22.0000000000","9.0000000000","13.0000000000","4.0000000000","10.0000000000","3.0000000000","","23.0000000000","2.0000000000","1.0000000000","261.3744116037","5.0000000000","","","7882.0000000000"
"2025-03-14T00:00:00Z","166420562","Hawthorn v Essendon","032824a3-b53c-45ff-a1e5-ce55f0ef13c3","Round 01 v Essendon","ee799c04-c79f-41c9-bd53-176bb21a7077","07d3e48e-06af-43db-bd23-3146d90290b2","Quarter 2","1","Round 1","Waverley","40","MCG","Conor Nash","11","Back","2836","224.14999999999998","3","249.73587","8.1401","84.9046718477760540","0","0","40","0","1036.16003","2004.130000114441","22.0000000000","9.0000000000","13.0000000000","4.0000000000","10.0000000000","3.0000000000","","23.0000000000","2.0000000000","1.0000000000","261.3744116037","5.0000000000","","","7882.0000000000"
"2025-03-14T00:00:00Z","166420562","Hawthorn v Essendon","032824a3-b53c-45ff-a1e5-ce55f0ef13c3","Round 01 v Essendon","ee799c04-c79f-41c9-bd53-176bb21a7077","656405b0-4ef4-43dc-8e1c-1454011f7ee8","Quarter 3","1","Round 1","Waverley","40","MCG","Conor Nash","11","Back","2948.05371","263.55","7","249.63184","7.20644","93.8536839833177820","0","0","34","0","1184.29004","1884.670000076294","22.0000000000","9.0000000000","13.0000000000","4.0000000000","10.0000000000","3.0000000000","","23.0000000000","2.0000000000","1.0000000000","261.3744116037","5.0000000000","","","7882.0000000000"
"2025-03-14T00:00:00Z","166420562","Hawthorn v Essendon","032824a3-b53c-45ff-a1e5-ce55f0ef13c3","Round 01 v Essendon","ee799c04-c79f-41c9-bd53-176bb21a7077","67b1377f-c9b3-4ddd-864d-16cc9949ff25","Quarter 4","1","Round 1","Waverley","40","MCG","Conor Nash","11","Back","3055.88574","156.26","3","272.81934","7.00524","91.0881427940755320","0","0","37","0","1237","2012.920000076294","22.0000000000","9.0000000000","13.0000000000","4.0000000000","10.0000000000","3.0000000000","","23.0000000000","2.0000000000","1.0000000000","261.3744116037","5.0000000000","","","7882.0000000000"
"2025-03-14T00:00:00Z","166420562","Hawthorn v Essendon","032824a3-b53c-45ff-a1e5-ce55f0ef13c3","Round 01 v Essendon","09911943-d336-480e-bc5a-6f526913bbfb","67b1377f-c9b3-4ddd-864d-16cc9949ff25","Quarter 4","1","Round 1","Waverley","40","MCG","Will Day","12","Hybrid","2542.51855","172.81","6","267.40515","6.92258","75.7859790723019200","0","0","30","0","928.56006","2012.920000076294","16.0000000000","9.0000000000","7.0000000000","5.0000000000","4.0000000000","2.0000000000","1.0000000000","17.0000000000","2.0000000000","","214.0315213149","1.0000000000","1.0000000000","1.0000000000","7882.0000000000"
"2025-03-14T00:00:00Z","166420562","Hawthorn v Essendon","032824a3-b53c-45ff-a1e5-ce55f0ef13c3","Round 01 v Essendon","09911943-d336-480e-bc5a-6f526913bbfb","07d3e48e-06af-43db-bd23-3146d90290b2","Quarter 2","1","Round 1","Waverley","40","MCG","Will Day","12","Hybrid","3428.50537","354.75002","8","352.74661","8.05376","102.6432028801791360","0","0","35","0","1244.82007","2004.130000114441","16.0000000000","9.0000000000","7.0000000000","5.0000000000","4.0000000000","2.0000000000","1.0000000000","17.0000000000","2.0000000000","","214.0315213149","1.0000000000","1.0000000000","1.0000000000","7882.0000000000"
"2025-03-14T00:00:00Z","166420562","Hawthorn v Essendon","032824a3-b53c-45ff-a1e5-ce55f0ef13c3","Round 01 v Essendon","09911943-d336-480e-bc5a-6f526913bbfb","e061e402-12d2-4534-9d02-7191ac4017cf","Quarter 1","1","Round 1","Waverley","40","MCG","Will Day","12","Hybrid","3434.06006","196.45","5","364.99115","7.36036","106.1238004903572960","0","0","42","0","1229","1941.539999961853","16.0000000000","9.0000000000","7.0000000000","5.0000000000","4.0000000000","2.0000000000","1.0000000000","17.0000000000","2.0000000000","","214.0315213149","1.0000000000","1.0000000000","1.0000000000","7882.0000000000"
"2025-03-14T00:00:00Z","166420562","Hawthorn v Essendon","032824a3-b53c-45ff-a1e5-ce55f0ef13c3","Round 01 v Essendon","09911943-d336-480e-bc5a-6f526913bbfb","656405b0-4ef4-43dc-8e1c-1454011f7ee8","Quarter 3","1","Round 1","Waverley","40","MCG","Will Day","12","Hybrid","3420.7168","181.92","3","358.07764","7.30924","108.9012973049348100","0","0","46","0","1359.92004","1884.670000076294","16.0000000000","9.0000000000","7.0000000000","5.0000000000","4.0000000000","2.0000000000","1.0000000000","17.0000000000","2.0000000000","","214.0315213149","1.0000000000","1.0000000000","1.0000000000","7882.0000000000"
"2025-03-14T00:00:00Z","166420562","Hawthorn v Essendon","032824a3-b53c-45ff-a1e5-ce55f0ef13c3","Round 01 v Essendon","2794f857-7792-4f4b-b5fc-204ce195a191","e061e402-12d2-4534-9d02-7191ac4017cf","Quarter 1","1","Round 1","Waverley","40","MCG","Josh Ward","25","Hybrid","3370.92529","276.97999","8","323.1076","7.2878","104.1727275276192480","0","0","41","0","1263.93005","1941.539999961853","11.0000000000","10.0000000000","1.0000000000","7.0000000000","2.0000000000","","1.0000000000","6.0000000000","","3.0000000000","194.9899860980","","","","7882.0000000000"
"2025-03-14T00:00:00Z","166420562","Hawthorn v Essendon","032824a3-b53c-45ff-a1e5-ce55f0ef13c3","Round 01 v Essendon","2794f857-7792-4f4b-b5fc-204ce195a191","07d3e48e-06af-43db-bd23-3146d90290b2","Quarter 2","1","Round 1","Waverley","40","MCG","Josh Ward","25","Hybrid","4140.01025","489.95998000000003","11","380.53931","7.26166","123.9443623845836760","0","0","52","0","1427.17004","2004.130000114441","11.0000000000","10.0000000000","1.0000000000","7.0000000000","2.0000000000","","1.0000000000","6.0000000000","","3.0000000000","194.9899860980","","","","7882.0000000000"
"2025-03-14T00:00:00Z","166420562","Hawthorn v Essendon","032824a3-b53c-45ff-a1e5-ce55f0ef13c3","Round 01 v Essendon","2794f857-7792-4f4b-b5fc-204ce195a191","656405b0-4ef4-43dc-8e1c-1454011f7ee8","Quarter 3","1","Round 1","Waverley","40","MCG","Josh Ward","25","Hybrid","3470.10449","302.92","8","332.20099","7.02288","110.4735945240129720","0","0","40","0","1358.3999","1884.670000076294","11.0000000000","10.0000000000","1.0000000000","7.0000000000","2.0000000000","","1.0000000000","6.0000000000","","3.0000000000","194.9899860980","","","","7882.0000000000"
"2025-03-14T00:00:00Z","166420562","Hawthorn v Essendon","032824a3-b53c-45ff-a1e5-ce55f0ef13c3","Round 01 v Essendon","2794f857-7792-4f4b-b5fc-204ce195a191","67b1377f-c9b3-4ddd-864d-16cc9949ff25","Quarter 4","1","Round 1","Waverley","40","MCG","Josh Ward","25","Hybrid","3511.66113","183.89000000000001","7","329.29761","7.03333","104.6736421676042880","0","0","43","0","1258.87","2012.920000076294","11.0000000000","10.0000000000","1.0000000000","7.0000000000","2.0000000000","","1.0000000000","6.0000000000","","3.0000000000","194.9899860980","","","","7882.0000000000"
"2025-03-14T00:00:00Z","166420562","Hawthorn v Essendon","032824a3-b53c-45ff-a1e5-ce55f0ef13c3","Round 01 v Essendon","909a916f-b95d-44e4-8b9c-51b5ef5f1d35","e061e402-12d2-4534-9d02-7191ac4017cf","Quarter 1","1","Round 1","Waverley","40","MCG","Finn Maginness","20","Hybrid","3253.56201","572.10001","15","327.87177","7.89997","100.5458144585409120","0","0","42","0","1044.48999","1941.539999961853","15.0000000000","6.0000000000","9.0000000000","6.0000000000","1.0000000000","1.0000000000","","11.0000000000","2.0000000000","1.0000000000","260.2295731649","3.0000000000","1.0000000000","","7882.0000000000"
"2025-03-14T00:00:00Z","166420562","Hawthorn v Essendon","032824a3-b53c-45ff-a1e5-ce55f0ef13c3","Round 01 v Essendon","909a916f-b95d-44e4-8b9c-51b5ef5f1d35","67b1377f-c9b3-4ddd-864d-16cc9949ff25","Quarter 4","1","Round 1","Waverley","40","MCG","Finn Maginness","20","Hybrid","3600.00293","452.85","11","352.26453","8.61085","107.3068854161184420","0","0","47","0","1159.13","2012.920000076294","15.0000000000","6.0000000000","9.0000000000","6.0000000000","1.0000000000","1.0000000000","","11.0000000000","2.0000000000","1.0000000000","260.2295731649","3.0000000000","1.0000000000","","7882.0000000000"
"2025-03-14T00:00:00Z","166420562","Hawthorn v Essendon","032824a3-b53c-45ff-a1e5-ce55f0ef13c3","Round 01 v Essendon","909a916f-b95d-44e4-8b9c-51b5ef5f1d35","656405b0-4ef4-43dc-8e1c-1454011f7ee8","Quarter 3","1","Round 1","Waverley","40","MCG","Finn Maginness","20","Hybrid","3888.53662","530.7499999999999","12","387.24304","9.12016","123.7947211928641140","0","0","38","0","1368.44995","1884.670000076294","15.0000000000","6.0000000000","9.0000000000","6.0000000000","1.0000000000","1.0000000000","","11.0000000000","2.0000000000","1.0000000000","260.2295731649","3.0000000000","1.0000000000","","7882.0000000000"
"2025-03-14T00:00:00Z","166420562","Hawthorn v Essendon","032824a3-b53c-45ff-a1e5-ce55f0ef13c3","Round 01 v Essendon","909a916f-b95d-44e4-8b9c-51b5ef5f1d35","07d3e48e-06af-43db-bd23-3146d90290b2","Quarter 2","1","Round 1","Waverley","40","MCG","Finn Maginness","20","Hybrid","3052.46387","523.94999","18","298.50858","8.23453","91.3852056451137300","0","0","35","0","1024.19995","2004.130000114441","15.0000000000","6.0000000000","9.0000000000","6.0000000000","1.0000000000","1.0000000000","","11.0000000000","2.0000000000","1.0000000000","260.2295731649","3.0000000000","1.0000000000","","7882.0000000000"
"2025-03-14T00:00:00Z","166420562","Hawthorn v Essendon","032824a3-b53c-45ff-a1e5-ce55f0ef13c3","Round 01 v Essendon","eedc79b6-c40e-445e-8f0f-78f5c4d301aa","07d3e48e-06af-43db-bd23-3146d90290b2","Quarter 2","1","Round 1","Waverley","40","MCG","Josh Weddle","23","Hybrid","2609.31006","139.17","4","207.55673","7.22953","78.1179881500003020","50.64109","82","28","0","907.97998","2004.130000114441","14.0000000000","11.0000000000","3.0000000000","6.0000000000","3.0000000000","2.0000000000","","11.0000000000","2.0000000000","1.0000000000","208.8893177097","3.0000000000","1.0000000000","","7882.0000000000"
"2025-03-14T00:00:00Z","166420562","Hawthorn v Essendon","032824a3-b53c-45ff-a1e5-ce55f0ef13c3","Round 01 v Essendon","eedc79b6-c40e-445e-8f0f-78f5c4d301aa","67b1377f-c9b3-4ddd-864d-16cc9949ff25","Quarter 4","1","Round 1","Waverley","40","MCG","Josh Weddle","23","Hybrid","2716.80176","164.6","5","231.57861","8.01634","80.9809160790402240","114.36727","165","36","0","971.07001","2012.920000076294","14.0000000000","11.0000000000","3.0000000000","6.0000000000","3.0000000000","2.0000000000","","11.0000000000","2.0000000000","1.0000000000","208.8893177097","3.0000000000","1.0000000000","","7882.0000000000"
"2025-03-14T00:00:00Z","166420562","Hawthorn v Essendon","032824a3-b53c-45ff-a1e5-ce55f0ef13c3","Round 01 v Essendon","eedc79b6-c40e-445e-8f0f-78f5c4d301aa","656405b0-4ef4-43dc-8e1c-1454011f7ee8","Quarter 3","1","Round 1","Waverley","40","MCG","Josh Weddle","23","Hybrid","4077.96484","460.19","12","341.03015","8.16502","129.8253224119315860","100.63006","160","49","0","1439.81995","1884.670000076294","14.0000000000","11.0000000000","3.0000000000","6.0000000000","3.0000000000","2.0000000000","","11.0000000000","2.0000000000","1.0000000000","208.8893177097","3.0000000000","1.0000000000","","7882.0000000000"
"2025-03-14T00:00:00Z","166420562","Hawthorn v Essendon","032824a3-b53c-45ff-a1e5-ce55f0ef13c3","Round 01 v Essendon","eedc79b6-c40e-445e-8f0f-78f5c4d301aa","e061e402-12d2-4534-9d02-7191ac4017cf","Quarter 1","1","Round 1","Waverley","40","MCG","Josh Weddle","23","Hybrid","3878.09521","549.15999","13","316.01688","8.39856","119.8459535237861520","75.68394","105","43","0","1387.45996","1941.539999961853","14.0000000000","11.0000000000","3.0000000000","6.0000000000","3.0000000000","2.0000000000","","11.0000000000","2.0000000000","1.0000000000","208.8893177097","3.0000000000","1.0000000000","","7882.0000000000"
"2025-03-14T00:00:00Z","166420562","Hawthorn v Essendon","032824a3-b53c-45ff-a1e5-ce55f0ef13c3","Round 01 v Essendon","d906015c-707c-4176-b45b-c0b21e435310","e061e402-12d2-4534-9d02-7191ac4017cf","Quarter 1","1","Round 1","Waverley","40","MCG","Josh Battle","24","Hybrid","4490.9502","511.10999000000004","14","437.61203","7.62523","138.7851973203200760","0","0","51","0","1437.10999","1941.539999961853","10.0000000000","8.0000000000","2.0000000000","4.0000000000","3.0000000000","2.0000000000","","6.0000000000","2.0000000000","1.0000000000","178.6428738278","1.0000000000","","","7882.0000000000"
"2025-03-14T00:00:00Z","166420562","Hawthorn v Essendon","032824a3-b53c-45ff-a1e5-ce55f0ef13c3","Round 01 v Essendon","d906015c-707c-4176-b45b-c0b21e435310","07d3e48e-06af-43db-bd23-3146d90290b2","Quarter 2","1","Round 1","Waverley","40","MCG","Josh Battle","24","Hybrid","3525.78271","437.74001","10","322.6994","7.7942","105.5555091675291120","0","0","38","0","1071.88","2004.130000114441","10.0000000000","8.0000000000","2.0000000000","4.0000000000","3.0000000000","2.0000000000","","6.0000000000","2.0000000000","1.0000000000","178.6428738278","1.0000000000","","","7882.0000000000"
"2025-03-14T00:00:00Z","166420562","Hawthorn v Essendon","032824a3-b53c-45ff-a1e5-ce55f0ef13c3","Round 01 v Essendon","d906015c-707c-4176-b45b-c0b21e435310","656405b0-4ef4-43dc-8e1c-1454011f7ee8","Quarter 3","1","Round 1","Waverley","40","MCG","Josh Battle","24","Hybrid","3559.97363","415.22999999999996","11","333.02997","8.33991","113.3346515789784120","0","0","40","0","1065.76001","1884.670000076294","10.0000000000","8.0000000000","2.0000000000","4.0000000000","3.0000000000","2.0000000000","","6.0000000000","2.0000000000","1.0000000000","178.6428738278","1.0000000000","","","7882.0000000000"
"2025-03-14T00:00:00Z","166420562","Hawthorn v Essendon","032824a3-b53c-45ff-a1e5-ce55f0ef13c3","Round 01 v Essendon","d906015c-707c-4176-b45b-c0b21e435310","67b1377f-c9b3-4ddd-864d-16cc9949ff25","Quarter 4","1","Round 1","Waverley","40","MCG","Josh Battle","24","Hybrid","3579.92773","451.23","12","332.47998","7.70161","106.7084950181123880","0","0","42","0","1063.30005","2012.920000076294","10.0000000000","8.0000000000","2.0000000000","4.0000000000","3.0000000000","2.0000000000","","6.0000000000","2.0000000000","1.0000000000","178.6428738278","1.0000000000","","","7882.0000000000"
"2025-03-14T00:00:00Z","166420562","Hawthorn v Essendon","032824a3-b53c-45ff-a1e5-ce55f0ef13c3","Round 01 v Essendon","6c56e5bd-2cd0-47f8-993f-dcc1d1ebce45","67b1377f-c9b3-4ddd-864d-16cc9949ff25","Quarter 4","1","Round 1","Waverley","40","MCG","Tom Barrass","37","Hybrid","3125.81641","88.61","3","236.44727","7.75168","93.1725973177729320","0","0","23","0","968.91998","2012.920000076294","24.0000000000","16.0000000000","8.0000000000","10.0000000000","3.0000000000","","2.0000000000","12.0000000000","7.0000000000","1.0000000000","425.3320634295","4.0000000000","","1.0000000000","7882.0000000000"
"2025-03-14T00:00:00Z","166420562","Hawthorn v Essendon","032824a3-b53c-45ff-a1e5-ce55f0ef13c3","Round 01 v Essendon","6c56e5bd-2cd0-47f8-993f-dcc1d1ebce45","656405b0-4ef4-43dc-8e1c-1454011f7ee8","Quarter 3","1","Round 1","Waverley","40","MCG","Tom Barrass","37","Hybrid","2900.18799","159.58001000000002","2","232.30548","7.59001","92.3298399151871640","0","0","24","0","966.21997","1884.670000076294","24.0000000000","16.0000000000","8.0000000000","10.0000000000","3.0000000000","","2.0000000000","12.0000000000","7.0000000000","1.0000000000","425.3320634295","4.0000000000","","1.0000000000","7882.0000000000"
"2025-03-14T00:00:00Z","166420562","Hawthorn v Essendon","032824a3-b53c-45ff-a1e5-ce55f0ef13c3","Round 01 v Essendon","6c56e5bd-2cd0-47f8-993f-dcc1d1ebce45","07d3e48e-06af-43db-bd23-3146d90290b2","Quarter 2","1","Round 1","Waverley","40","MCG","Tom Barrass","37","Hybrid","2769.18701","164.63","6","223.24136","7.96128","82.9044126830656380","0","0","32","0","803.82001","2004.130000114441","24.0000000000","16.0000000000","8.0000000000","10.0000000000","3.0000000000","","2.0000000000","12.0000000000","7.0000000000","1.0000000000","425.3320634295","4.0000000000","","1.0000000000","7882.0000000000"
"2025-03-14T00:00:00Z","166420562","Hawthorn v Essendon","032824a3-b53c-45ff-a1e5-ce55f0ef13c3","Round 01 v Essendon","6c56e5bd-2cd0-47f8-993f-dcc1d1ebce45","e061e402-12d2-4534-9d02-7191ac4017cf","Quarter 1","1","Round 1","Waverley","40","MCG","Tom Barrass","37","Hybrid","3227.25806","134.01","5","265.77692","7.41033","99.7329355067649960","0","0","35","0","1019.12","1941.539999961853","24.0000000000","16.0000000000","8.0000000000","10.0000000000","3.0000000000","","2.0000000000","12.0000000000","7.0000000000","1.0000000000","425.3320634295","4.0000000000","","1.0000000000","7882.0000000000"
"2025-03-14T00:00:00Z","166420562","Hawthorn v Essendon","032824a3-b53c-45ff-a1e5-ce55f0ef13c3","Round 01 v Essendon","020880cf-4cc3-45b8-ade5-ced73183435f","67b1377f-c9b3-4ddd-864d-16cc9949ff25","Quarter 4","1","Round 1","Waverley","40","MCG","Jack Ginnivan","33","Hybrid","3467.5752","270.29001","6","349.59558","7.17193","103.3595532818563500","118.32397","123","56","0","975.09003","2012.920000076294","15.0000000000","10.0000000000","5.0000000000","4.0000000000","1.0000000000","1.0000000000","1.0000000000","16.0000000000","3.0000000000","","261.1997379758","3.0000000000","2.0000000000","1.0000000000","7882.0000000000"
"2025-03-14T00:00:00Z","166420562","Hawthorn v Essendon","032824a3-b53c-45ff-a1e5-ce55f0ef13c3","Round 01 v Essendon","020880cf-4cc3-45b8-ade5-ced73183435f","656405b0-4ef4-43dc-8e1c-1454011f7ee8","Quarter 3","1","Round 1","Waverley","40","MCG","Jack Ginnivan","33","Hybrid","2790.06738","221.52999999999997","6","266.27197","7.32803","88.8240608664770280","110.20776","126","36","0","845.26001","1884.670000076294","15.0000000000","10.0000000000","5.0000000000","4.0000000000","1.0000000000","1.0000000000","1.0000000000","16.0000000000","3.0000000000","","261.1997379758","3.0000000000","2.0000000000","1.0000000000","7882.0000000000"
"2025-03-14T00:00:00Z","166420562","Hawthorn v Essendon","032824a3-b53c-45ff-a1e5-ce55f0ef13c3","Round 01 v Essendon","020880cf-4cc3-45b8-ade5-ced73183435f","07d3e48e-06af-43db-bd23-3146d90290b2","Quarter 2","1","Round 1","Waverley","40","MCG","Jack Ginnivan","33","Hybrid","3393.54248","317.79","9","346.63913","7.92475","101.5964776678025880","106.03501","111","47","0","1022.40997","2004.130000114441","15.0000000000","10.0000000000","5.0000000000","4.0000000000","1.0000000000","1.0000000000","1.0000000000","16.0000000000","3.0000000000","","261.1997379758","3.0000000000","2.0000000000","1.0000000000","7882.0000000000"
"2025-03-14T00:00:00Z","166420562","Hawthorn v Essendon","032824a3-b53c-45ff-a1e5-ce55f0ef13c3","Round 01 v Essendon","020880cf-4cc3-45b8-ade5-ced73183435f","e061e402-12d2-4534-9d02-7191ac4017cf","Quarter 1","1","Round 1","Waverley","40","MCG","Jack Ginnivan","33","Hybrid","3744.3811","418.76001","11","372.81183","7.50325","115.7137457916984120","92.79464","102","44","0","1318.42993","1941.539999961853","15.0000000000","10.0000000000","5.0000000000","4.0000000000","1.0000000000","1.0000000000","1.0000000000","16.0000000000","3.0000000000","","261.1997379758","3.0000000000","2.0000000000","1.0000000000","7882.0000000000"
"2025-03-14T00:00:00Z","166420562","Hawthorn v Essendon","032824a3-b53c-45ff-a1e5-ce55f0ef13c3","Round 01 v Essendon","dc9a9fa6-3f4c-464e-ae3c-ce8c25ab08d1","67b1377f-c9b3-4ddd-864d-16cc9949ff25","Quarter 4","1","Round 1","Waverley","40","MCG","Massimo D'Ambrosio","16","Hybrid","2460.70801","323.38","7","217.54309","7.84025","73.3474159899072180","0","0","34","0","699.91998","2012.920000076294","22.0000000000","13.0000000000","9.0000000000","5.0000000000","2.0000000000","4.0000000000","","7.0000000000","4.0000000000","1.0000000000","343.7627324620","2.0000000000","1.0000000000","2.0000000000","7882.0000000000"
"2025-03-14T00:00:00Z","166420562","Hawthorn v Essendon","032824a3-b53c-45ff-a1e5-ce55f0ef13c3","Round 01 v Essendon","dc9a9fa6-3f4c-464e-ae3c-ce8c25ab08d1","656405b0-4ef4-43dc-8e1c-1454011f7ee8","Quarter 3","1","Round 1","Waverley","40","MCG","Massimo D'Ambrosio","16","Hybrid","2980.90332","347.57000999999997","7","281.32776","8.43688","94.8994779949591920","0","0","43","0","936.58002","1884.670000076294","22.0000000000","13.0000000000","9.0000000000","5.0000000000","2.0000000000","4.0000000000","","7.0000000000","4.0000000000","1.0000000000","343.7627324620","2.0000000000","1.0000000000","2.0000000000","7882.0000000000"
"2025-03-14T00:00:00Z","166420562","Hawthorn v Essendon","032824a3-b53c-45ff-a1e5-ce55f0ef13c3","Round 01 v Essendon","dc9a9fa6-3f4c-464e-ae3c-ce8c25ab08d1","07d3e48e-06af-43db-bd23-3146d90290b2","Quarter 2","1","Round 1","Waverley","40","MCG","Massimo D'Ambrosio","16","Hybrid","2266.41943","274.22","7","203.08398","7.3788","67.8524675506254060","0","0","30","0","631.42999","2004.130000114441","22.0000000000","13.0000000000","9.0000000000","5.0000000000","2.0000000000","4.0000000000","","7.0000000000","4.0000000000","1.0000000000","343.7627324620","2.0000000000","1.0000000000","2.0000000000","7882.0000000000"
"2025-03-14T00:00:00Z","166420562","Hawthorn v Essendon","032824a3-b53c-45ff-a1e5-ce55f0ef13c3","Round 01 v Essendon","dc9a9fa6-3f4c-464e-ae3c-ce8c25ab08d1","e061e402-12d2-4534-9d02-7191ac4017cf","Quarter 1","1","Round 1","Waverley","40","MCG","Massimo D'Ambrosio","16","Hybrid","3584.82007","354.88","9","342.15106","7.81296","110.7827828446624980","0","0","54","0","1271.46997","1941.539999961853","22.0000000000","13.0000000000","9.0000000000","5.0000000000","2.0000000000","4.0000000000","","7.0000000000","4.0000000000","1.0000000000","343.7627324620","2.0000000000","1.0000000000","2.0000000000","7882.0000000000"
"2025-03-14T00:00:00Z","166420562","Hawthorn v Essendon","032824a3-b53c-45ff-a1e5-ce55f0ef13c3","Round 01 v Essendon","8b0242f4-3a3b-4651-949f-17da0062afba","e061e402-12d2-4534-9d02-7191ac4017cf","Quarter 1","1","Round 1","Waverley","40","MCG","Dylan Moore","08","Midfielder","4237.20605","670.25998","19","441.1048","8.2523","130.9436648253423120","0","0","55","0","1591.93994","1941.539999961853","13.0000000000","3.0000000000","10.0000000000","1.0000000000","7.0000000000","1.0000000000","","17.0000000000","","","60.2778777224","1.0000000000","","","7882.0000000000"
"2025-03-14T00:00:00Z","166420562","Hawthorn v Essendon","032824a3-b53c-45ff-a1e5-ce55f0ef13c3","Round 01 v Essendon","8b0242f4-3a3b-4651-949f-17da0062afba","67b1377f-c9b3-4ddd-864d-16cc9949ff25","Quarter 4","1","Round 1","Waverley","40","MCG","Dylan Moore","08","Midfielder","4267.80469","460.7","9","430.55811","8.11954","127.2123489211168140","0","0","53","0","1553.55005","2012.920000076294","13.0000000000","3.0000000000","10.0000000000","1.0000000000","7.0000000000","1.0000000000","","17.0000000000","","","60.2778777224","1.0000000000","","","7882.0000000000"
"2025-03-14T00:00:00Z","166420562","Hawthorn v Essendon","032824a3-b53c-45ff-a1e5-ce55f0ef13c3","Round 01 v Essendon","8b0242f4-3a3b-4651-949f-17da0062afba","656405b0-4ef4-43dc-8e1c-1454011f7ee8","Quarter 3","1","Round 1","Waverley","40","MCG","Dylan Moore","08","Midfielder","3775.28613","331.19998999999996","7","368.42261","7.59818","120.1892998725666960","0","0","37","0","1480.78003","1884.670000076294","13.0000000000","3.0000000000","10.0000000000","1.0000000000","7.0000000000","1.0000000000","","17.0000000000","","","60.2778777224","1.0000000000","","","7882.0000000000"
"2025-03-14T00:00:00Z","166420562","Hawthorn v Essendon","032824a3-b53c-45ff-a1e5-ce55f0ef13c3","Round 01 v Essendon","8b0242f4-3a3b-4651-949f-17da0062afba","07d3e48e-06af-43db-bd23-3146d90290b2","Quarter 2","1","Round 1","Waverley","40","MCG","Dylan Moore","08","Midfielder","4013.93652","588.91999","15","410.34711","8.00403","120.1699446574062720","0","0","45","0","1515.32007","2004.130000114441","13.0000000000","3.0000000000","10.0000000000","1.0000000000","7.0000000000","1.0000000000","","17.0000000000","","","60.2778777224","1.0000000000","","","7882.0000000000"
"2025-03-14T00:00:00Z","166420562","Hawthorn v Essendon","032824a3-b53c-45ff-a1e5-ce55f0ef13c3","Round 01 v Essendon","2794f857-7792-4f4b-b5fc-204ce195a191","e061e402-12d2-4534-9d02-7191ac4017cf","Quarter 1","1","Round 1","Waverley","40","MCG","Josh Ward","25","Hybrid","3370.92529","276.97999","8","323.1076","7.2878","104.1727275276192480","0","0","41","0","1263.93005","1941.539999961853","22.0000000000","16.0000000000","6.0000000000","5.0000000000","3.0000000000","3.0000000000","","12.0000000000","4.0000000000","4.0000000000","535.6062888953","4.0000000000","","1.0000000000","7882.0000000000"
"2025-03-14T00:00:00Z","166420562","Hawthorn v Essendon","032824a3-b53c-45ff-a1e5-ce55f0ef13c3","Round 01 v Essendon","2794f857-7792-4f4b-b5fc-204ce195a191","07d3e48e-06af-43db-bd23-3146d90290b2","Quarter 2","1","Round 1","Waverley","40","MCG","Josh Ward","25","Hybrid","4140.01025","489.95998000000003","11","380.53931","7.26166","123.9443623845836760","0","0","52","0","1427.17004","2004.130000114441","22.0000000000","16.0000000000","6.0000000000","5.0000000000","3.0000000000","3.0000000000","","12.0000000000","4.0000000000","4.0000000000","535.6062888953","4.0000000000","","1.0000000000","7882.0000000000"
"2025-03-14T00:00:00Z","166420562","Hawthorn v Essendon","032824a3-b53c-45ff-a1e5-ce55f0ef13c3","Round 01 v Essendon","2794f857-7792-4f4b-b5fc-204ce195a191","656405b0-4ef4-43dc-8e1c-1454011f7ee8","Quarter 3","1","Round 1","Waverley","40","MCG","Josh Ward","25","Hybrid","3470.10449","302.92","8","332.20099","7.02288","110.4735945240129720","0","0","40","0","1358.3999","1884.670000076294","22.0000000000","16.0000000000","6.0000000000","5.0000000000","3.0000000000","3.0000000000","","12.0000000000","4.0000000000","4.0000000000","535.6062888953","4.0000000000","","1.0000000000","7882.0000000000"
"2025-03-14T00:00:00Z","166420562","Hawthorn v Essendon","032824a3-b53c-45ff-a1e5-ce55f0ef13c3","Round 01 v Essendon","2794f857-7792-4f4b-b5fc-204ce195a191","67b1377f-c9b3-4ddd-864d-16cc9949ff25","Quarter 4","1","Round 1","Waverley","40","MCG","Josh Ward","25","Hybrid","3511.66113","183.89000000000001","7","329.29761","7.03333","104.6736421676042880","0","0","43","0","1258.87","2012.920000076294","22.0000000000","16.0000000000","6.0000000000","5.0000000000","3.0000000000","3.0000000000","","12.0000000000","4.0000000000","4.0000000000","535.6062888953","4.0000000000","","1.0000000000","7882.0000000000"
"2025-03-14T00:00:00Z","166420562","Hawthorn v Essendon","032824a3-b53c-45ff-a1e5-ce55f0ef13c3","Round 01 v Essendon","a5e3bb3d-7e57-4dff-9d50-d405f3e1a584","e061e402-12d2-4534-9d02-7191ac4017cf","Quarter 1","1","Round 1","Waverley","40","MCG","Jai Newcombe","03","Hybrid","3829.54126","310.05","7","403.02823","7.71371","118.3454760677166180","68.63268","98","43","0","1618.12988","1941.539999961853","25.0000000000","20.0000000000","5.0000000000","3.0000000000","3.0000000000","7.0000000000","1.0000000000","20.0000000000","8.0000000000","1.0000000000","448.6140672571","5.0000000000","","2.0000000000","7882.0000000000"
"2025-03-14T00:00:00Z","166420562","Hawthorn v Essendon","032824a3-b53c-45ff-a1e5-ce55f0ef13c3","Round 01 v Essendon","a5e3bb3d-7e57-4dff-9d50-d405f3e1a584","67b1377f-c9b3-4ddd-864d-16cc9949ff25","Quarter 4","1","Round 1","Waverley","40","MCG","Jai Newcombe","03","Hybrid","3308.62207","120.42","3","345.27502","7.68866","98.6215667748722100","62.27427","115","42","0","1376.39001","2012.920000076294","25.0000000000","20.0000000000","5.0000000000","3.0000000000","3.0000000000","7.0000000000","1.0000000000","20.0000000000","8.0000000000","1.0000000000","448.6140672571","5.0000000000","","2.0000000000","7882.0000000000"
"2025-03-14T00:00:00Z","166420562","Hawthorn v Essendon","032824a3-b53c-45ff-a1e5-ce55f0ef13c3","Round 01 v Essendon","a5e3bb3d-7e57-4dff-9d50-d405f3e1a584","656405b0-4ef4-43dc-8e1c-1454011f7ee8","Quarter 3","1","Round 1","Waverley","40","MCG","Jai Newcombe","03","Hybrid","3724.8252","168.48999999999998","3","391.76001","7.39554","118.5828351865063080","77.33898","108","40","0","1536.35999","1884.670000076294","25.0000000000","20.0000000000","5.0000000000","3.0000000000","3.0000000000","7.0000000000","1.0000000000","20.0000000000","8.0000000000","1.0000000000","448.6140672571","5.0000000000","","2.0000000000","7882.0000000000"
"2025-03-14T00:00:00Z","166420562","Hawthorn v Essendon","032824a3-b53c-45ff-a1e5-ce55f0ef13c3","Round 01 v Essendon","a5e3bb3d-7e57-4dff-9d50-d405f3e1a584","07d3e48e-06af-43db-bd23-3146d90290b2","Quarter 2","1","Round 1","Waverley","40","MCG","Jai Newcombe","03","Hybrid","3538.18213","190.53","6","362.96411","7.89903","105.9267252063876300","86.01711","95","41","0","1399.81006","2004.130000114441","25.0000000000","20.0000000000","5.0000000000","3.0000000000","3.0000000000","7.0000000000","1.0000000000","20.0000000000","8.0000000000","1.0000000000","448.6140672571","5.0000000000","","2.0000000000","7882.0000000000"
"2025-03-14T00:00:00Z","166420562","Hawthorn v Essendon","032824a3-b53c-45ff-a1e5-ce55f0ef13c3","Round 01 v Essendon","3ba00f82-b1d8-43cd-9263-c8d042a5b2ce","67b1377f-c9b3-4ddd-864d-16cc9949ff25","Quarter 4","1","Round 1","Waverley","40","MCG","Cam Mackenzie","28","Hybrid","3261.06836","219.92999","8","334.37622","7.04952","97.2041122312779000","98.8135","102","58","0","1257.82996","2012.920000076294","21.0000000000","9.0000000000","12.0000000000","2.0000000000","3.0000000000","4.0000000000","2.0000000000","17.0000000000","2.0000000000","1.0000000000","173.2884823631","2.0000000000","","","7882.0000000000"
"2025-03-14T00:00:00Z","166420562","Hawthorn v Essendon","032824a3-b53c-45ff-a1e5-ce55f0ef13c3","Round 01 v Essendon","3ba00f82-b1d8-43cd-9263-c8d042a5b2ce","656405b0-4ef4-43dc-8e1c-1454011f7ee8","Quarter 3","1","Round 1","Waverley","40","MCG","Cam Mackenzie","28","Hybrid","3156.13086","222.91000000000003","5","315.99554","6.74262","100.4779890338012160","98.14958","99","46","0","1219.72998","1884.670000076294","21.0000000000","9.0000000000","12.0000000000","2.0000000000","3.0000000000","4.0000000000","2.0000000000","17.0000000000","2.0000000000","1.0000000000","173.2884823631","2.0000000000","","","7882.0000000000"
"2025-03-14T00:00:00Z","166420562","Hawthorn v Essendon","032824a3-b53c-45ff-a1e5-ce55f0ef13c3","Round 01 v Essendon","3ba00f82-b1d8-43cd-9263-c8d042a5b2ce","07d3e48e-06af-43db-bd23-3146d90290b2","Quarter 2","1","Round 1","Waverley","40","MCG","Cam Mackenzie","28","Hybrid","3432.71704","307.09","8","332.64362","7.20608","102.7692926048903940","98.82581","102","55","0","1133.55005","2004.130000114441","21.0000000000","9.0000000000","12.0000000000","2.0000000000","3.0000000000","4.0000000000","2.0000000000","17.0000000000","2.0000000000","1.0000000000","173.2884823631","2.0000000000","","","7882.0000000000"
"2025-03-14T00:00:00Z","166420562","Hawthorn v Essendon","032824a3-b53c-45ff-a1e5-ce55f0ef13c3","Round 01 v Essendon","3ba00f82-b1d8-43cd-9263-c8d042a5b2ce","e061e402-12d2-4534-9d02-7191ac4017cf","Quarter 1","1","Round 1","Waverley","40","MCG","Cam Mackenzie","28","Hybrid","2869.53296","312.67001","8","280.8421","7.58042","88.6780481490892800","80.2242","101","47","0","935.38","1941.539999961853","21.0000000000","9.0000000000","12.0000000000","2.0000000000","3.0000000000","4.0000000000","2.0000000000","17.0000000000","2.0000000000","1.0000000000","173.2884823631","2.0000000000","","","7882.0000000000"
"2025-03-14T00:00:00Z","166420562","Hawthorn v Essendon","032824a3-b53c-45ff-a1e5-ce55f0ef13c3","Round 01 v Essendon","d15ed9ce-f683-4f0e-b12f-c87e4029f11e","e061e402-12d2-4534-9d02-7191ac4017cf","Quarter 1","1","Round 1","Waverley","40","MCG","Nick Watson","05","Hybrid","3318.00684","257.49","5","351.99127","8.71669","102.5373726031456980","77.55182","88","31","0","1366.62988","1941.539999961853","18.0000000000","9.0000000000","9.0000000000","1.0000000000","2.0000000000","5.0000000000","","11.0000000000","2.0000000000","","162.6531305157","3.0000000000","","","7882.0000000000"
"2025-03-14T00:00:00Z","166420562","Hawthorn v Essendon","032824a3-b53c-45ff-a1e5-ce55f0ef13c3","Round 01 v Essendon","d15ed9ce-f683-4f0e-b12f-c87e4029f11e","07d3e48e-06af-43db-bd23-3146d90290b2","Quarter 2","1","Round 1","Waverley","40","MCG","Nick Watson","05","Hybrid","3110.13428","244.73998999999998","8","329.60458","8.60643","93.1117526255004420","90.90572","113","28","0","1122.22998","2004.130000114441","18.0000000000","9.0000000000","9.0000000000","1.0000000000","2.0000000000","5.0000000000","","11.0000000000","2.0000000000","","162.6531305157","3.0000000000","","","7882.0000000000"
"2025-03-14T00:00:00Z","166420562","Hawthorn v Essendon","032824a3-b53c-45ff-a1e5-ce55f0ef13c3","Round 01 v Essendon","d15ed9ce-f683-4f0e-b12f-c87e4029f11e","656405b0-4ef4-43dc-8e1c-1454011f7ee8","Quarter 3","1","Round 1","Waverley","40","MCG","Nick Watson","05","Hybrid","2642.87793","202.68","5","270.56714","7.93774","84.1381651926229860","100.91159","154","17","0","1106","1884.670000076294","18.0000000000","9.0000000000","9.0000000000","1.0000000000","2.0000000000","5.0000000000","","11.0000000000","2.0000000000","","162.6531305157","3.0000000000","","","7882.0000000000"
"2025-03-14T00:00:00Z","166420562","Hawthorn v Essendon","032824a3-b53c-45ff-a1e5-ce55f0ef13c3","Round 01 v Essendon","d15ed9ce-f683-4f0e-b12f-c87e4029f11e","67b1377f-c9b3-4ddd-864d-16cc9949ff25","Quarter 4","1","Round 1","Waverley","40","MCG","Nick Watson","05","Hybrid","2579.88672","235.65","7","244.78015","8.64877","76.8998287036409820","51.67635","97","25","0","937.46997","2012.920000076294","18.0000000000","9.0000000000","9.0000000000","1.0000000000","2.0000000000","5.0000000000","","11.0000000000","2.0000000000","","162.6531305157","3.0000000000","","","7882.0000000000"
"2025-03-14T00:00:00Z","166420562","Hawthorn v Essendon","032824a3-b53c-45ff-a1e5-ce55f0ef13c3","Round 01 v Essendon","eedc79b6-c40e-445e-8f0f-78f5c4d301aa","67b1377f-c9b3-4ddd-864d-16cc9949ff25","Quarter 4","1","Round 1","Waverley","40","MCG","Josh Weddle","23","Hybrid","2716.80176","164.6","5","231.57861","8.01634","80.9809160790402240","114.36727","165","36","0","971.07001","2012.920000076294","6.0000000000","3.0000000000","3.0000000000","2.0000000000","4.0000000000","","1.0000000000","10.0000000000","1.0000000000","1.0000000000","103.4403939886","1.0000000000","1.0000000000","","7882.0000000000"
"2025-03-14T00:00:00Z","166420562","Hawthorn v Essendon","032824a3-b53c-45ff-a1e5-ce55f0ef13c3","Round 01 v Essendon","eedc79b6-c40e-445e-8f0f-78f5c4d301aa","656405b0-4ef4-43dc-8e1c-1454011f7ee8","Quarter 3","1","Round 1","Waverley","40","MCG","Josh Weddle","23","Hybrid","4077.96484","460.19","12","341.03015","8.16502","129.8253224119315860","100.63006","160","49","0","1439.81995","1884.670000076294","6.0000000000","3.0000000000","3.0000000000","2.0000000000","4.0000000000","","1.0000000000","10.0000000000","1.0000000000","1.0000000000","103.4403939886","1.0000000000","1.0000000000","","7882.0000000000"
"2025-03-14T00:00:00Z","166420562","Hawthorn v Essendon","032824a3-b53c-45ff-a1e5-ce55f0ef13c3","Round 01 v Essendon","eedc79b6-c40e-445e-8f0f-78f5c4d301aa","07d3e48e-06af-43db-bd23-3146d90290b2","Quarter 2","1","Round 1","Waverley","40","MCG","Josh Weddle","23","Hybrid","2609.31006","139.17","4","207.55673","7.22953","78.1179881500003020","50.64109","82","28","0","907.97998","2004.130000114441","6.0000000000","3.0000000000","3.0000000000","2.0000000000","4.0000000000","","1.0000000000","10.0000000000","1.0000000000","1.0000000000","103.4403939886","1.0000000000","1.0000000000","","7882.0000000000"
"2025-03-14T00:00:00Z","166420562","Hawthorn v Essendon","032824a3-b53c-45ff-a1e5-ce55f0ef13c3","Round 01 v Essendon","eedc79b6-c40e-445e-8f0f-78f5c4d301aa","e061e402-12d2-4534-9d02-7191ac4017cf","Quarter 1","1","Round 1","Waverley","40","MCG","Josh Weddle","23","Hybrid","3878.09521","549.15999","13","316.01688","8.39856","119.8459535237861520","75.68394","105","43","0","1387.45996","1941.539999961853","6.0000000000","3.0000000000","3.0000000000","2.0000000000","4.0000000000","","1.0000000000","10.0000000000","1.0000000000","1.0000000000","103.4403939886","1.0000000000","1.0000000000","","7882.0000000000"
"2025-03-14T00:00:00Z","166420562","Hawthorn v Essendon","032824a3-b53c-45ff-a1e5-ce55f0ef13c3","Round 01 v Essendon","036695b3-12e6-43fb-a153-0dea34fd7c41","e061e402-12d2-4534-9d02-7191ac4017cf","Quarter 1","1","Round 1","Waverley","40","MCG","Karl Amon","10","Hybrid","4391.79199","671.90999","14","425.78076","8.11265","135.7208810558512020","0","0","43","0","1657.85999","1941.539999961853","14.0000000000","8.0000000000","6.0000000000","2.0000000000","1.0000000000","3.0000000000","","8.0000000000","3.0000000000","","139.4967639920","1.0000000000","1.0000000000","2.0000000000","7882.0000000000"
"2025-03-14T00:00:00Z","166420562","Hawthorn v Essendon","032824a3-b53c-45ff-a1e5-ce55f0ef13c3","Round 01 v Essendon","036695b3-12e6-43fb-a153-0dea34fd7c41","07d3e48e-06af-43db-bd23-3146d90290b2","Quarter 2","1","Round 1","Waverley","40","MCG","Karl Amon","10","Hybrid","3767.50537","369.17","11","362.88751","7.36612","112.7922451073991900","0","0","51","0","1289.42993","2004.130000114441","14.0000000000","8.0000000000","6.0000000000","2.0000000000","1.0000000000","3.0000000000","","8.0000000000","3.0000000000","","139.4967639920","1.0000000000","1.0000000000","2.0000000000","7882.0000000000"
"2025-03-14T00:00:00Z","166420562","Hawthorn v Essendon","032824a3-b53c-45ff-a1e5-ce55f0ef13c3","Round 01 v Essendon","036695b3-12e6-43fb-a153-0dea34fd7c41","656405b0-4ef4-43dc-8e1c-1454011f7ee8","Quarter 3","1","Round 1","Waverley","40","MCG","Karl Amon","10","Hybrid","3128.56738","452.81999","11","304.20081","7.5385","99.6004832635957920","0","0","42","0","1043.57007","1884.670000076294","14.0000000000","8.0000000000","6.0000000000","2.0000000000","1.0000000000","3.0000000000","","8.0000000000","3.0000000000","","139.4967639920","1.0000000000","1.0000000000","2.0000000000","7882.0000000000"
"2025-03-14T00:00:00Z","166420562","Hawthorn v Essendon","032824a3-b53c-45ff-a1e5-ce55f0ef13c3","Round 01 v Essendon","036695b3-12e6-43fb-a153-0dea34fd7c41","67b1377f-c9b3-4ddd-864d-16cc9949ff25","Quarter 4","1","Round 1","Waverley","40","MCG","Karl Amon","10","Hybrid","2944.39453","233.29000000000002","5","270.93213","7.5228","87.7648748054090880","0","0","40","0","990.35004","2012.920000076294","14.0000000000","8.0000000000","6.0000000000","2.0000000000","1.0000000000","3.0000000000","","8.0000000000","3.0000000000","","139.4967639920","1.0000000000","1.0000000000","2.0000000000","7882.0000000000"
"2025-03-20T00:00:00Z","166440464","Carlton v Hawthorn","d05a236c-58e6-4596-8c53-7e9286b1ebe3","Round 02 v Carlton","0325dfcd-afd9-4feb-9006-dd13f41ca9e6","7bed04a7-ec72-4b07-88f2-a62da4cd8a8d","Quarter 4","2","Round 2","Waverley","40","MCG","Jack Gunston","19","Forward","3736.41895","217.94","6","369.31769","7.09856","126.0423000691707120","0","0","44","0","1296.93005","1778.6499998569489","9.0000000000","6.0000000000","3.0000000000","5.0000000000","2.0000000000","","","10.0000000000","1.0000000000","","193.7805021446","1.0000000000","2.0000000000","","7829.0000000000"
"2025-03-20T00:00:00Z","166440464","Carlton v Hawthorn","d05a236c-58e6-4596-8c53-7e9286b1ebe3","Round 02 v Carlton","0325dfcd-afd9-4feb-9006-dd13f41ca9e6","d3ea0580-e164-4250-8226-8d0fe5720da6","Quarter 3","2","Round 2","Waverley","40","MCG","Jack Gunston","19","Forward","4220.77246","383.83998999999994","11","414.23837","7.20626","128.6389460795458980","0","0","33","0","1491.14001","1968.6600000858307","9.0000000000","6.0000000000","3.0000000000","5.0000000000","2.0000000000","","","10.0000000000","1.0000000000","","193.7805021446","1.0000000000","2.0000000000","","7829.0000000000"
"2025-03-20T00:00:00Z","166440464","Carlton v Hawthorn","d05a236c-58e6-4596-8c53-7e9286b1ebe3","Round 02 v Carlton","0325dfcd-afd9-4feb-9006-dd13f41ca9e6","a4caf57a-15ee-4e85-8a4d-d2cc9d6063d1","Quarter 2","2","Round 2","Waverley","40","MCG","Jack Gunston","19","Forward","2011.74219","199.81","3","195.9209","7.98246","55.66114444755273477120","0","0","11","0","747.06","2168.5599999427795","9.0000000000","6.0000000000","3.0000000000","5.0000000000","2.0000000000","","","10.0000000000","1.0000000000","","193.7805021446","1.0000000000","2.0000000000","","7829.0000000000"
"2025-03-20T00:00:00Z","166440464","Carlton v Hawthorn","d05a236c-58e6-4596-8c53-7e9286b1ebe3","Round 02 v Carlton","29708cec-1d8a-451d-a7da-18fca9557adc","7bed04a7-ec72-4b07-88f2-a62da4cd8a8d","Quarter 4","2","Round 2","Waverley","40","MCG","James Sicily","06","Back","2775.20898","89.57","4","234.47876","6.74317","93.6173720593664100","0","0","37","0","895.66998","1778.6499998569489","11.0000000000","6.0000000000","5.0000000000","1.0000000000","1.0000000000","1.0000000000","","13.0000000000","2.0000000000","","164.7679018136","1.0000000000","2.0000000000","","7829.0000000000"
"2025-03-20T00:00:00Z","166440464","Carlton v Hawthorn","d05a236c-58e6-4596-8c53-7e9286b1ebe3","Round 02 v Carlton","29708cec-1d8a-451d-a7da-18fca9557adc","d3ea0580-e164-4250-8226-8d0fe5720da6","Quarter 3","2","Round 2","Waverley","40","MCG","James Sicily","06","Back","3070.7876","133.27","5","256.58417","7.72517","93.5901862139562360","0","0","37","0","942.96997","1968.6600000858307","11.0000000000","6.0000000000","5.0000000000","1.0000000000","1.0000000000","1.0000000000","","13.0000000000","2.0000000000","","164.7679018136","1.0000000000","2.0000000000","","7829.0000000000"
"2025-03-20T00:00:00Z","166440464","Carlton v Hawthorn","d05a236c-58e6-4596-8c53-7e9286b1ebe3","Round 02 v Carlton","29708cec-1d8a-451d-a7da-18fca9557adc","a4caf57a-15ee-4e85-8a4d-d2cc9d6063d1","Quarter 2","2","Round 2","Waverley","40","MCG","James Sicily","06","Back","3260.08008","261.19001000000003","8","280.67017","7.3362","90.2003194770544980","0","0","39","0","1076.67993","2168.5599999427795","11.0000000000","6.0000000000","5.0000000000","1.0000000000","1.0000000000","1.0000000000","","13.0000000000","2.0000000000","","164.7679018136","1.0000000000","2.0000000000","","7829.0000000000"
"2025-03-20T00:00:00Z","166440464","Carlton v Hawthorn","d05a236c-58e6-4596-8c53-7e9286b1ebe3","Round 02 v Carlton","29708cec-1d8a-451d-a7da-18fca9557adc","31efedb1-0f68-4f1b-8fe6-a939bc05791d","Quarter 1","2","Round 2","Waverley","40","MCG","James Sicily","06","Back","3204.20508","173.67000000000002","4","273.32172","7.60012","101.2781730642619320","0","0","33","0","1121.82996","1898.2599999904633","11.0000000000","6.0000000000","5.0000000000","1.0000000000","1.0000000000","1.0000000000","","13.0000000000","2.0000000000","","164.7679018136","1.0000000000","2.0000000000","","7829.0000000000"
"2025-03-20T00:00:00Z","166440464","Carlton v Hawthorn","d05a236c-58e6-4596-8c53-7e9286b1ebe3","Round 02 v Carlton","2ca83ae0-85a1-479e-bef1-d06af29b9200","7bed04a7-ec72-4b07-88f2-a62da4cd8a8d","Quarter 4","2","Round 2","Waverley","40","MCG","Blake Hardwick","15","Back","2591.38867","108.39000000000001","4","248.61694","7.72819","87.4164789095690700","0","0","34","0","893.04004","1778.6499998569489","13.0000000000","10.0000000000","3.0000000000","","9.0000000000","1.0000000000","1.0000000000","16.0000000000","3.0000000000","","322.0291976351","5.0000000000","","","7829.0000000000"
"2025-03-20T00:00:00Z","166440464","Carlton v Hawthorn","d05a236c-58e6-4596-8c53-7e9286b1ebe3","Round 02 v Carlton","2ca83ae0-85a1-479e-bef1-d06af29b9200","d3ea0580-e164-4250-8226-8d0fe5720da6","Quarter 3","2","Round 2","Waverley","40","MCG","Blake Hardwick","15","Back","3642.2041","255.26","8","335.28918","7.61813","111.0055804407425940","0","0","44","0","1230.66003","1968.6600000858307","13.0000000000","10.0000000000","3.0000000000","","9.0000000000","1.0000000000","1.0000000000","16.0000000000","3.0000000000","","322.0291976351","5.0000000000","","","7829.0000000000"
"2025-03-20T00:00:00Z","166440464","Carlton v Hawthorn","d05a236c-58e6-4596-8c53-7e9286b1ebe3","Round 02 v Carlton","2ca83ae0-85a1-479e-bef1-d06af29b9200","a4caf57a-15ee-4e85-8a4d-d2cc9d6063d1","Quarter 2","2","Round 2","Waverley","40","MCG","Blake Hardwick","15","Back","3889.8894","255.21","8","352.33585","8.10647","107.6259656205769800","0","0","49","0","1391.60999","2168.5599999427795","13.0000000000","10.0000000000","3.0000000000","","9.0000000000","1.0000000000","1.0000000000","16.0000000000","3.0000000000","","322.0291976351","5.0000000000","","","7829.0000000000"
"2025-03-20T00:00:00Z","166440464","Carlton v Hawthorn","d05a236c-58e6-4596-8c53-7e9286b1ebe3","Round 02 v Carlton","2ca83ae0-85a1-479e-bef1-d06af29b9200","31efedb1-0f68-4f1b-8fe6-a939bc05791d","Quarter 1","2","Round 2","Waverley","40","MCG","Blake Hardwick","15","Back","3024.01611","176.41","6","274.20627","7.99455","95.5827792825595800","0","0","39","0","928.55005","1898.2599999904633","13.0000000000","10.0000000000","3.0000000000","","9.0000000000","1.0000000000","1.0000000000","16.0000000000","3.0000000000","","322.0291976351","5.0000000000","","","7829.0000000000"
"2025-03-20T00:00:00Z","166440464","Carlton v Hawthorn","d05a236c-58e6-4596-8c53-7e9286b1ebe3","Round 02 v Carlton","48b7449c-7b00-4728-8dcf-81959514acff","7bed04a7-ec72-4b07-88f2-a62da4cd8a8d","Quarter 4","2","Round 2","Waverley","40","MCG","Jarman Impey","04","Midfielder","3008.75684","273.25","5","307.74634","8.50051","101.4957470072915280","0","0","40","0","921.01001","1778.6499998569489","13.0000000000","9.0000000000","4.0000000000","3.0000000000","6.0000000000","","3.0000000000","10.0000000000","3.0000000000","1.0000000000","151.6991979989","1.0000000000","","","7829.0000000000"
"2025-03-20T00:00:00Z","166440464","Carlton v Hawthorn","d05a236c-58e6-4596-8c53-7e9286b1ebe3","Round 02 v Carlton","48b7449c-7b00-4728-8dcf-81959514acff","31efedb1-0f68-4f1b-8fe6-a939bc05791d","Quarter 1","2","Round 2","Waverley","40","MCG","Jarman Impey","04","Midfielder","2659.48218","309.07000000000005","8","289.01126","7.69112","84.0606296296617240","0","0","40","0","791.25","1898.2599999904633","13.0000000000","9.0000000000","4.0000000000","3.0000000000","6.0000000000","","3.0000000000","10.0000000000","3.0000000000","1.0000000000","151.6991979989","1.0000000000","","","7829.0000000000"
"2025-03-20T00:00:00Z","166440464","Carlton v Hawthorn","d05a236c-58e6-4596-8c53-7e9286b1ebe3","Round 02 v Carlton","48b7449c-7b00-4728-8dcf-81959514acff","a4caf57a-15ee-4e85-8a4d-d2cc9d6063d1","Quarter 2","2","Round 2","Waverley","40","MCG","Jarman Impey","04","Midfielder","3094.5188","521.1","13","313.28128","8.44407","85.6195484583775380","0","0","38","0","881.91003","2168.5599999427795","13.0000000000","9.0000000000","4.0000000000","3.0000000000","6.0000000000","","3.0000000000","10.0000000000","3.0000000000","1.0000000000","151.6991979989","1.0000000000","","","7829.0000000000"
"2025-03-20T00:00:00Z","166440464","Carlton v Hawthorn","d05a236c-58e6-4596-8c53-7e9286b1ebe3","Round 02 v Carlton","48b7449c-7b00-4728-8dcf-81959514acff","d3ea0580-e164-4250-8226-8d0fe5720da6","Quarter 3","2","Round 2","Waverley","40","MCG","Jarman Impey","04","Midfielder","3421.95752","511.91001","14","365.61304","8.04026","104.2929968562618540","0","0","41","0","1077.94995","1968.6600000858307","13.0000000000","9.0000000000","4.0000000000","3.0000000000","6.0000000000","","3.0000000000","10.0000000000","3.0000000000","1.0000000000","151.6991979989","1.0000000000","","","7829.0000000000"
"2025-03-20T00:00:00Z","166440464","Carlton v Hawthorn","d05a236c-58e6-4596-8c53-7e9286b1ebe3","Round 02 v Carlton","ee799c04-c79f-41c9-bd53-176bb21a7077","31efedb1-0f68-4f1b-8fe6-a939bc05791d","Quarter 1","2","Round 2","Waverley","40","MCG","Conor Nash","11","Back","3168.53735","172.4","4","290.94492","7.5202","100.1507912514382140","0","0","57","0","1100.07007","1898.2599999904633","13.0000000000","11.0000000000","2.0000000000","5.0000000000","1.0000000000","","1.0000000000","12.0000000000","1.0000000000","3.0000000000","334.4518647752","4.0000000000","","","7829.0000000000"
"2025-03-20T00:00:00Z","166440464","Carlton v Hawthorn","d05a236c-58e6-4596-8c53-7e9286b1ebe3","Round 02 v Carlton","ee799c04-c79f-41c9-bd53-176bb21a7077","a4caf57a-15ee-4e85-8a4d-d2cc9d6063d1","Quarter 2","2","Round 2","Waverley","40","MCG","Conor Nash","11","Back","4035.04932","511.53999999999996","14","338.35379","8.19646","111.6422691585145080","0","0","46","0","1353.66003","2168.5599999427795","13.0000000000","11.0000000000","2.0000000000","5.0000000000","1.0000000000","","1.0000000000","12.0000000000","1.0000000000","3.0000000000","334.4518647752","4.0000000000","","","7829.0000000000"
"2025-03-20T00:00:00Z","166440464","Carlton v Hawthorn","d05a236c-58e6-4596-8c53-7e9286b1ebe3","Round 02 v Carlton","ee799c04-c79f-41c9-bd53-176bb21a7077","d3ea0580-e164-4250-8226-8d0fe5720da6","Quarter 3","2","Round 2","Waverley","40","MCG","Conor Nash","11","Back","3715.03809","248.56","6","315.92743","7.31859","113.2253844697823820","0","0","51","0","1475.14001","1968.6600000858307","13.0000000000","11.0000000000","2.0000000000","5.0000000000","1.0000000000","","1.0000000000","12.0000000000","1.0000000000","3.0000000000","334.4518647752","4.0000000000","","","7829.0000000000"
"2025-03-20T00:00:00Z","166440464","Carlton v Hawthorn","d05a236c-58e6-4596-8c53-7e9286b1ebe3","Round 02 v Carlton","ee799c04-c79f-41c9-bd53-176bb21a7077","7bed04a7-ec72-4b07-88f2-a62da4cd8a8d","Quarter 4","2","Round 2","Waverley","40","MCG","Conor Nash","11","Back","2831.53613","91.5","3","241.62732","6.59061","95.5174811310060360","0","0","33","0","1176.46997","1778.6499998569489","13.0000000000","11.0000000000","2.0000000000","5.0000000000","1.0000000000","","1.0000000000","12.0000000000","1.0000000000","3.0000000000","334.4518647752","4.0000000000","","","7829.0000000000"
"2025-03-20T00:00:00Z","166440464","Carlton v Hawthorn","d05a236c-58e6-4596-8c53-7e9286b1ebe3","Round 02 v Carlton","036695b3-12e6-43fb-a153-0dea34fd7c41","7bed04a7-ec72-4b07-88f2-a62da4cd8a8d","Quarter 4","2","Round 2","Waverley","40","MCG","Karl Amon","10","Hybrid","3053.43652","157.52","4","286.17566","6.59741","103.0029467375451540","0","0","31","0","1063.05005","1778.6499998569489","22.0000000000","11.0000000000","11.0000000000","3.0000000000","6.0000000000","1.0000000000","3.0000000000","18.0000000000","2.0000000000","7.0000000000","360.7953322131","4.0000000000","","","7829.0000000000"
"2025-03-20T00:00:00Z","166440464","Carlton v Hawthorn","d05a236c-58e6-4596-8c53-7e9286b1ebe3","Round 02 v Carlton","036695b3-12e6-43fb-a153-0dea34fd7c41","d3ea0580-e164-4250-8226-8d0fe5720da6","Quarter 3","2","Round 2","Waverley","40","MCG","Karl Amon","10","Hybrid","3232.31152","318.97999000000004","9","314.29596","7.48005","98.5130450110961520","0","0","39","0","1059.59998","1968.6600000858307","22.0000000000","11.0000000000","11.0000000000","3.0000000000","6.0000000000","1.0000000000","3.0000000000","18.0000000000","2.0000000000","7.0000000000","360.7953322131","4.0000000000","","","7829.0000000000"
"2025-03-20T00:00:00Z","166440464","Carlton v Hawthorn","d05a236c-58e6-4596-8c53-7e9286b1ebe3","Round 02 v Carlton","036695b3-12e6-43fb-a153-0dea34fd7c41","a4caf57a-15ee-4e85-8a4d-d2cc9d6063d1","Quarter 2","2","Round 2","Waverley","40","MCG","Karl Amon","10","Hybrid","3922.96582","424.79","7","365.40555","7.39576","108.5411283092055480","0","0","46","0","1294.13","2168.5599999427795","22.0000000000","11.0000000000","11.0000000000","3.0000000000","6.0000000000","1.0000000000","3.0000000000","18.0000000000","2.0000000000","7.0000000000","360.7953322131","4.0000000000","","","7829.0000000000"
"2025-03-20T00:00:00Z","166440464","Carlton v Hawthorn","d05a236c-58e6-4596-8c53-7e9286b1ebe3","Round 02 v Carlton","036695b3-12e6-43fb-a153-0dea34fd7c41","31efedb1-0f68-4f1b-8fe6-a939bc05791d","Quarter 1","2","Round 2","Waverley","40","MCG","Karl Amon","10","Hybrid","3133.46411","412.38000999999997","10","306.7356","7.31473","99.0422000152479300","0","0","42","0","968.55005","1898.2599999904633","22.0000000000","11.0000000000","11.0000000000","3.0000000000","6.0000000000","1.0000000000","3.0000000000","18.0000000000","2.0000000000","7.0000000000","360.7953322131","4.0000000000","","","7829.0000000000"
"2025-03-20T00:00:00Z","166440464","Carlton v Hawthorn","d05a236c-58e6-4596-8c53-7e9286b1ebe3","Round 02 v Carlton","29708cec-1d8a-451d-a7da-18fca9557adc","31efedb1-0f68-4f1b-8fe6-a939bc05791d","Quarter 1","2","Round 2","Waverley","40","MCG","James Sicily","06","Back","3204.20508","173.67000000000002","4","273.32172","7.60012","101.2781730642619320","0","0","33","0","1121.82996","1898.2599999904633","19.0000000000","16.0000000000","3.0000000000","5.0000000000","2.0000000000","","1.0000000000","10.0000000000","1.0000000000","8.0000000000","436.0672099364","8.0000000000","1.0000000000","","7829.0000000000"
"2025-03-20T00:00:00Z","166440464","Carlton v Hawthorn","d05a236c-58e6-4596-8c53-7e9286b1ebe3","Round 02 v Carlton","29708cec-1d8a-451d-a7da-18fca9557adc","a4caf57a-15ee-4e85-8a4d-d2cc9d6063d1","Quarter 2","2","Round 2","Waverley","40","MCG","James Sicily","06","Back","3260.08008","261.19001000000003","8","280.67017","7.3362","90.2003194770544980","0","0","39","0","1076.67993","2168.5599999427795","19.0000000000","16.0000000000","3.0000000000","5.0000000000","2.0000000000","","1.0000000000","10.0000000000","1.0000000000","8.0000000000","436.0672099364","8.0000000000","1.0000000000","","7829.0000000000"
"2025-03-20T00:00:00Z","166440464","Carlton v Hawthorn","d05a236c-58e6-4596-8c53-7e9286b1ebe3","Round 02 v Carlton","29708cec-1d8a-451d-a7da-18fca9557adc","d3ea0580-e164-4250-8226-8d0fe5720da6","Quarter 3","2","Round 2","Waverley","40","MCG","James Sicily","06","Back","3070.7876","133.27","5","256.58417","7.72517","93.5901862139562360","0","0","37","0","942.96997","1968.6600000858307","19.0000000000","16.0000000000","3.0000000000","5.0000000000","2.0000000000","","1.0000000000","10.0000000000","1.0000000000","8.0000000000","436.0672099364","8.0000000000","1.0000000000","","7829.0000000000"
"2025-03-20T00:00:00Z","166440464","Carlton v Hawthorn","d05a236c-58e6-4596-8c53-7e9286b1ebe3","Round 02 v Carlton","29708cec-1d8a-451d-a7da-18fca9557adc","7bed04a7-ec72-4b07-88f2-a62da4cd8a8d","Quarter 4","2","Round 2","Waverley","40","MCG","James Sicily","06","Back","2775.20898","89.57","4","234.47876","6.74317","93.6173720593664100","0","0","37","0","895.66998","1778.6499998569489","19.0000000000","16.0000000000","3.0000000000","5.0000000000","2.0000000000","","1.0000000000","10.0000000000","1.0000000000","8.0000000000","436.0672099364","8.0000000000","1.0000000000","","7829.0000000000"
"2025-03-20T00:00:00Z","166440464","Carlton v Hawthorn","d05a236c-58e6-4596-8c53-7e9286b1ebe3","Round 02 v Carlton","6c56e5bd-2cd0-47f8-993f-dcc1d1ebce45","7bed04a7-ec72-4b07-88f2-a62da4cd8a8d","Quarter 4","2","Round 2","Waverley","40","MCG","Tom Barrass","37","Hybrid","2989.44824","101.47","3","238.63995","7.30783","100.8444013237151220","0","0","26","0","971.48999","1778.6499998569489","10.0000000000","5.0000000000","5.0000000000","3.0000000000","3.0000000000","","1.0000000000","6.0000000000","1.0000000000","1.0000000000","105.1783250641","3.0000000000","","","7829.0000000000"
"2025-03-20T00:00:00Z","166440464","Carlton v Hawthorn","d05a236c-58e6-4596-8c53-7e9286b1ebe3","Round 02 v Carlton","6c56e5bd-2cd0-47f8-993f-dcc1d1ebce45","d3ea0580-e164-4250-8226-8d0fe5720da6","Quarter 3","2","Round 2","Waverley","40","MCG","Tom Barrass","37","Hybrid","3027.25635","153.76999999999998","5","250.72217","6.96885","92.2634588969557800","0","0","23","0","923.48999","1968.6600000858307","10.0000000000","5.0000000000","5.0000000000","3.0000000000","3.0000000000","","1.0000000000","6.0000000000","1.0000000000","1.0000000000","105.1783250641","3.0000000000","","","7829.0000000000"
"2025-03-20T00:00:00Z","166440464","Carlton v Hawthorn","d05a236c-58e6-4596-8c53-7e9286b1ebe3","Round 02 v Carlton","6c56e5bd-2cd0-47f8-993f-dcc1d1ebce45","a4caf57a-15ee-4e85-8a4d-d2cc9d6063d1","Quarter 2","2","Round 2","Waverley","40","MCG","Tom Barrass","37","Hybrid","3391.97803","188.32","4","268.74353","8.93723","93.8496891049222200","0","0","34","0","976.79999","2168.5599999427795","10.0000000000","5.0000000000","5.0000000000","3.0000000000","3.0000000000","","1.0000000000","6.0000000000","1.0000000000","1.0000000000","105.1783250641","3.0000000000","","","7829.0000000000"
"2025-03-20T00:00:00Z","166440464","Carlton v Hawthorn","d05a236c-58e6-4596-8c53-7e9286b1ebe3","Round 02 v Carlton","6c56e5bd-2cd0-47f8-993f-dcc1d1ebce45","31efedb1-0f68-4f1b-8fe6-a939bc05791d","Quarter 1","2","Round 2","Waverley","40","MCG","Tom Barrass","37","Hybrid","2552.81616","135.14","3","214.1413","7.2067","80.6891414246570580","0","0","23","0","841.94","1898.2599999904633","10.0000000000","5.0000000000","5.0000000000","3.0000000000","3.0000000000","","1.0000000000","6.0000000000","1.0000000000","1.0000000000","105.1783250641","3.0000000000","","","7829.0000000000"
"2025-03-20T00:00:00Z","166440464","Carlton v Hawthorn","d05a236c-58e6-4596-8c53-7e9286b1ebe3","Round 02 v Carlton","7381a6b2-b11c-4f42-85df-1b3b97b11693","31efedb1-0f68-4f1b-8fe6-a939bc05791d","Quarter 1","2","Round 2","Waverley","40","MCG","Connor Macdonald","09","Hybrid","4071.32202","482.6","12","417.63214","7.91429","128.6859129946515420","0","0","62","0","1203.66003","1898.2599999904633","29.0000000000","12.0000000000","17.0000000000","3.0000000000","4.0000000000","11.0000000000","3.0000000000","17.0000000000","4.0000000000","2.0000000000","363.8352085004","4.0000000000","","1.0000000000","7829.0000000000"
"2025-03-20T00:00:00Z","166440464","Carlton v Hawthorn","d05a236c-58e6-4596-8c53-7e9286b1ebe3","Round 02 v Carlton","7381a6b2-b11c-4f42-85df-1b3b97b11693","a4caf57a-15ee-4e85-8a4d-d2cc9d6063d1","Quarter 2","2","Round 2","Waverley","40","MCG","Connor Macdonald","09","Hybrid","458.53809","66.8","1","47.04437","8.64666","12.68689148592888842100","0","0","4","0","123.67","2168.5599999427795","29.0000000000","12.0000000000","17.0000000000","3.0000000000","4.0000000000","11.0000000000","3.0000000000","17.0000000000","4.0000000000","2.0000000000","363.8352085004","4.0000000000","","1.0000000000","7829.0000000000"
"2025-03-20T00:00:00Z","166440464","Carlton v Hawthorn","d05a236c-58e6-4596-8c53-7e9286b1ebe3","Round 02 v Carlton","2ca83ae0-85a1-479e-bef1-d06af29b9200","31efedb1-0f68-4f1b-8fe6-a939bc05791d","Quarter 1","2","Round 2","Waverley","40","MCG","Blake Hardwick","15","Back","3024.01611","176.41","6","274.20627","7.99455","95.5827792825595800","0","0","39","0","928.55005","1898.2599999904633","13.0000000000","10.0000000000","3.0000000000","5.0000000000","3.0000000000","","1.0000000000","7.0000000000","","6.0000000000","285.2224224405","2.0000000000","2.0000000000","","7829.0000000000"
"2025-03-20T00:00:00Z","166440464","Carlton v Hawthorn","d05a236c-58e6-4596-8c53-7e9286b1ebe3","Round 02 v Carlton","2ca83ae0-85a1-479e-bef1-d06af29b9200","a4caf57a-15ee-4e85-8a4d-d2cc9d6063d1","Quarter 2","2","Round 2","Waverley","40","MCG","Blake Hardwick","15","Back","3889.8894","255.21","8","352.33585","8.10647","107.6259656205769800","0","0","49","0","1391.60999","2168.5599999427795","13.0000000000","10.0000000000","3.0000000000","5.0000000000","3.0000000000","","1.0000000000","7.0000000000","","6.0000000000","285.2224224405","2.0000000000","2.0000000000","","7829.0000000000"
"2025-03-20T00:00:00Z","166440464","Carlton v Hawthorn","d05a236c-58e6-4596-8c53-7e9286b1ebe3","Round 02 v Carlton","2ca83ae0-85a1-479e-bef1-d06af29b9200","d3ea0580-e164-4250-8226-8d0fe5720da6","Quarter 3","2","Round 2","Waverley","40","MCG","Blake Hardwick","15","Back","3642.2041","255.26","8","335.28918","7.61813","111.0055804407425940","0","0","44","0","1230.66003","1968.6600000858307","13.0000000000","10.0000000000","3.0000000000","5.0000000000","3.0000000000","","1.0000000000","7.0000000000","","6.0000000000","285.2224224405","2.0000000000","2.0000000000","","7829.0000000000"
"2025-03-20T00:00:00Z","166440464","Carlton v Hawthorn","d05a236c-58e6-4596-8c53-7e9286b1ebe3","Round 02 v Carlton","2ca83ae0-85a1-479e-bef1-d06af29b9200","7bed04a7-ec72-4b07-88f2-a62da4cd8a8d","Quarter 4","2","Round 2","Waverley","40","MCG","Blake Hardwick","15","Back","2591.38867","108.39000000000001","4","248.61694","7.72819","87.4164789095690700","0","0","34","0","893.04004","1778.6499998569489","13.0000000000","10.0000000000","3.0000000000","5.0000000000","3.0000000000","","1.0000000000","7.0000000000","","6.0000000000","285.2224224405","2.0000000000","2.0000000000","","7829.0000000000"
"2025-03-20T00:00:00Z","166440464","Carlton v Hawthorn","d05a236c-58e6-4596-8c53-7e9286b1ebe3","Round 02 v Carlton","eedc79b6-c40e-445e-8f0f-78f5c4d301aa","7bed04a7-ec72-4b07-88f2-a62da4cd8a8d","Quarter 4","2","Round 2","Waverley","40","MCG","Josh Weddle","23","Hybrid","3915.59766","382.63","12","342.92981","7.78703","132.0866160396340680","72.73966","102","52","0","1279.76001","1778.6499998569489","11.0000000000","10.0000000000","1.0000000000","7.0000000000","2.0000000000","","1.0000000000","5.0000000000","1.0000000000","2.0000000000","175.9002384613","","","","7829.0000000000"
"2025-03-20T00:00:00Z","166440464","Carlton v Hawthorn","d05a236c-58e6-4596-8c53-7e9286b1ebe3","Round 02 v Carlton","eedc79b6-c40e-445e-8f0f-78f5c4d301aa","d3ea0580-e164-4250-8226-8d0fe5720da6","Quarter 3","2","Round 2","Waverley","40","MCG","Josh Weddle","23","Hybrid","2990.8584","282.41","5","254.58606","7.5026","91.1541373280181300","78.74737","84","36","0","992.78998","1968.6600000858307","11.0000000000","10.0000000000","1.0000000000","7.0000000000","2.0000000000","","1.0000000000","5.0000000000","1.0000000000","2.0000000000","175.9002384613","","","","7829.0000000000"
"2025-03-20T00:00:00Z","166440464","Carlton v Hawthorn","d05a236c-58e6-4596-8c53-7e9286b1ebe3","Round 02 v Carlton","eedc79b6-c40e-445e-8f0f-78f5c4d301aa","a4caf57a-15ee-4e85-8a4d-d2cc9d6063d1","Quarter 2","2","Round 2","Waverley","40","MCG","Josh Weddle","23","Hybrid","3535.11963","346.03000000000003","9","307.1636","8.94972","97.8101495027099760","73.33852","77","45","0","1206.81995","2168.5599999427795","11.0000000000","10.0000000000","1.0000000000","7.0000000000","2.0000000000","","1.0000000000","5.0000000000","1.0000000000","2.0000000000","175.9002384613","","","","7829.0000000000"
"2025-03-20T00:00:00Z","166440464","Carlton v Hawthorn","d05a236c-58e6-4596-8c53-7e9286b1ebe3","Round 02 v Carlton","eedc79b6-c40e-445e-8f0f-78f5c4d301aa","31efedb1-0f68-4f1b-8fe6-a939bc05791d","Quarter 1","2","Round 2","Waverley","40","MCG","Josh Weddle","23","Hybrid","3717.22095","435.46","12","325.65482","8.17234","117.4935240700012140","53.23171","76","50","0","1122.77002","1898.2599999904633","11.0000000000","10.0000000000","1.0000000000","7.0000000000","2.0000000000","","1.0000000000","5.0000000000","1.0000000000","2.0000000000","175.9002384613","","","","7829.0000000000"
"2025-03-20T00:00:00Z","166440464","Carlton v Hawthorn","d05a236c-58e6-4596-8c53-7e9286b1ebe3","Round 02 v Carlton","236a3ba1-a655-45e2-bcd2-6ad50b7c42fd","31efedb1-0f68-4f1b-8fe6-a939bc05791d","Quarter 1","2","Round 2","Waverley","40","MCG","Mabior Chol","18","Hybrid","2642.1001","234.07999999999998","8","219.65576","8.51828","83.5112186954349900","0","0","33","0","751.82001","1898.2599999904633","11.0000000000","10.0000000000","1.0000000000","4.0000000000","","","","9.0000000000","1.0000000000","","241.4384742396","5.0000000000","3.0000000000","1.0000000000","7829.0000000000"
"2025-03-20T00:00:00Z","166440464","Carlton v Hawthorn","d05a236c-58e6-4596-8c53-7e9286b1ebe3","Round 02 v Carlton","236a3ba1-a655-45e2-bcd2-6ad50b7c42fd","a4caf57a-15ee-4e85-8a4d-d2cc9d6063d1","Quarter 2","2","Round 2","Waverley","40","MCG","Mabior Chol","18","Hybrid","3217.26318","241.34","6","231.92273","8.2825","89.0156559214840800","0","0","30","0","954.22998","2168.5599999427795","11.0000000000","10.0000000000","1.0000000000","4.0000000000","","","","9.0000000000","1.0000000000","","241.4384742396","5.0000000000","3.0000000000","1.0000000000","7829.0000000000"
"2025-03-20T00:00:00Z","166440464","Carlton v Hawthorn","d05a236c-58e6-4596-8c53-7e9286b1ebe3","Round 02 v Carlton","236a3ba1-a655-45e2-bcd2-6ad50b7c42fd","d3ea0580-e164-4250-8226-8d0fe5720da6","Quarter 3","2","Round 2","Waverley","40","MCG","Mabior Chol","18","Hybrid","2509.10596","188.21","7","191.8775","7.54591","76.4714869979764920","0","0","29","0","760.56","1968.6600000858307","11.0000000000","10.0000000000","1.0000000000","4.0000000000","","","","9.0000000000","1.0000000000","","241.4384742396","5.0000000000","3.0000000000","1.0000000000","7829.0000000000"
"2025-03-20T00:00:00Z","166440464","Carlton v Hawthorn","d05a236c-58e6-4596-8c53-7e9286b1ebe3","Round 02 v Carlton","236a3ba1-a655-45e2-bcd2-6ad50b7c42fd","7bed04a7-ec72-4b07-88f2-a62da4cd8a8d","Quarter 4","2","Round 2","Waverley","40","MCG","Mabior Chol","18","Hybrid","2634.93457","74.32","2","211.94373","7.88471","88.8854323294156560","0","0","27","0","760.91998","1778.6499998569489","11.0000000000","10.0000000000","1.0000000000","4.0000000000","","","","9.0000000000","1.0000000000","","241.4384742396","5.0000000000","3.0000000000","1.0000000000","7829.0000000000"
"2025-03-20T00:00:00Z","166440464","Carlton v Hawthorn","d05a236c-58e6-4596-8c53-7e9286b1ebe3","Round 02 v Carlton","020880cf-4cc3-45b8-ade5-ced73183435f","31efedb1-0f68-4f1b-8fe6-a939bc05791d","Quarter 1","2","Round 2","Waverley","40","MCG","Jack Ginnivan","33","Hybrid","3089.61011","337.41999999999996","10","310.56653","7.54117","97.6560674517354420","64.81053","84","39","0","913.38","1898.2599999904633","8.0000000000","6.0000000000","2.0000000000","4.0000000000","1.0000000000","","1.0000000000","4.0000000000","","5.0000000000","172.6977272120","","","","7829.0000000000"
"2025-03-20T00:00:00Z","166440464","Carlton v Hawthorn","d05a236c-58e6-4596-8c53-7e9286b1ebe3","Round 02 v Carlton","020880cf-4cc3-45b8-ade5-ced73183435f","a4caf57a-15ee-4e85-8a4d-d2cc9d6063d1","Quarter 2","2","Round 2","Waverley","40","MCG","Jack Ginnivan","33","Hybrid","3135.10693","285.97","9","294.03088","7.77598","86.7425461158388320","94.69198","104","32","0","1027.10999","2168.5599999427795","8.0000000000","6.0000000000","2.0000000000","4.0000000000","1.0000000000","","1.0000000000","4.0000000000","","5.0000000000","172.6977272120","","","","7829.0000000000"
"2025-03-20T00:00:00Z","166440464","Carlton v Hawthorn","d05a236c-58e6-4596-8c53-7e9286b1ebe3","Round 02 v Carlton","020880cf-4cc3-45b8-ade5-ced73183435f","d3ea0580-e164-4250-8226-8d0fe5720da6","Quarter 3","2","Round 2","Waverley","40","MCG","Jack Ginnivan","33","Hybrid","2918.39648","221.99","7","313.47266","7.36616","88.9456730935589340","120.44039","131","44","0","1038.48999","1968.6600000858307","8.0000000000","6.0000000000","2.0000000000","4.0000000000","1.0000000000","","1.0000000000","4.0000000000","","5.0000000000","172.6977272120","","","","7829.0000000000"
"2025-03-20T00:00:00Z","166440464","Carlton v Hawthorn","d05a236c-58e6-4596-8c53-7e9286b1ebe3","Round 02 v Carlton","020880cf-4cc3-45b8-ade5-ced73183435f","7bed04a7-ec72-4b07-88f2-a62da4cd8a8d","Quarter 4","2","Round 2","Waverley","40","MCG","Jack Ginnivan","33","Hybrid","3148.08203","300.06","7","321.17786","7.76759","106.1956662722803260","75.24311","116","48","0","1049.02002","1778.6499998569489","8.0000000000","6.0000000000","2.0000000000","4.0000000000","1.0000000000","","1.0000000000","4.0000000000","","5.0000000000","172.6977272120","","","","7829.0000000000"
"2025-03-20T00:00:00Z","166440464","Carlton v Hawthorn","d05a236c-58e6-4596-8c53-7e9286b1ebe3","Round 02 v Carlton","d906015c-707c-4176-b45b-c0b21e435310","31efedb1-0f68-4f1b-8fe6-a939bc05791d","Quarter 1","2","Round 2","Waverley","40","MCG","Josh Battle","24","Hybrid","3892.59229","345.19001000000003","12","381.71677","7.09403","123.0366427155254640","0","0","54","0","1207.72998","1898.2599999904633","21.0000000000","10.0000000000","11.0000000000","5.0000000000","2.0000000000","","","6.0000000000","4.0000000000","5.0000000000","396.2285332194","1.0000000000","","","7829.0000000000"
"2025-03-20T00:00:00Z","166440464","Carlton v Hawthorn","d05a236c-58e6-4596-8c53-7e9286b1ebe3","Round 02 v Carlton","d906015c-707c-4176-b45b-c0b21e435310","a4caf57a-15ee-4e85-8a4d-d2cc9d6063d1","Quarter 2","2","Round 2","Waverley","40","MCG","Josh Battle","24","Hybrid","3844.21143","409.22","16","357.51672","7.83962","106.3621416082958700","0","0","56","0","1026.07996","2168.5599999427795","21.0000000000","10.0000000000","11.0000000000","5.0000000000","2.0000000000","","","6.0000000000","4.0000000000","5.0000000000","396.2285332194","1.0000000000","","","7829.0000000000"
"2025-03-20T00:00:00Z","166440464","Carlton v Hawthorn","d05a236c-58e6-4596-8c53-7e9286b1ebe3","Round 02 v Carlton","d906015c-707c-4176-b45b-c0b21e435310","d3ea0580-e164-4250-8226-8d0fe5720da6","Quarter 3","2","Round 2","Waverley","40","MCG","Josh Battle","24","Hybrid","3913.34375","297.34999","9","357.74561","7.52923","119.2692618277219200","0","0","58","0","1187.68005","1968.6600000858307","21.0000000000","10.0000000000","11.0000000000","5.0000000000","2.0000000000","","","6.0000000000","4.0000000000","5.0000000000","396.2285332194","1.0000000000","","","7829.0000000000"
"2025-03-20T00:00:00Z","166440464","Carlton v Hawthorn","d05a236c-58e6-4596-8c53-7e9286b1ebe3","Round 02 v Carlton","d906015c-707c-4176-b45b-c0b21e435310","7bed04a7-ec72-4b07-88f2-a62da4cd8a8d","Quarter 4","2","Round 2","Waverley","40","MCG","Josh Battle","24","Hybrid","3596.38965","226.85000000000002","8","336.41724","8.22833","121.3186287450340200","0","0","42","0","1118.83997","1778.6499998569489","21.0000000000","10.0000000000","11.0000000000","5.0000000000","2.0000000000","","","6.0000000000","4.0000000000","5.0000000000","396.2285332194","1.0000000000","","","7829.0000000000"
"2025-03-20T00:00:00Z","166440464","Carlton v Hawthorn","d05a236c-58e6-4596-8c53-7e9286b1ebe3","Round 02 v Carlton","7381a6b2-b11c-4f42-85df-1b3b97b11693","a4caf57a-15ee-4e85-8a4d-d2cc9d6063d1","Quarter 2","2","Round 2","Waverley","40","MCG","Connor Macdonald","09","Hybrid","458.53809","66.8","1","47.04437","8.64666","12.68689148592888842100","0","0","4","0","123.67","2168.5599999427795","20.0000000000","12.0000000000","8.0000000000","3.0000000000","3.0000000000","1.0000000000","1.0000000000","13.0000000000","2.0000000000","2.0000000000","343.2852775502","1.0000000000","","","7829.0000000000"
"2025-03-20T00:00:00Z","166440464","Carlton v Hawthorn","d05a236c-58e6-4596-8c53-7e9286b1ebe3","Round 02 v Carlton","7381a6b2-b11c-4f42-85df-1b3b97b11693","31efedb1-0f68-4f1b-8fe6-a939bc05791d","Quarter 1","2","Round 2","Waverley","40","MCG","Connor Macdonald","09","Hybrid","4071.32202","482.6","12","417.63214","7.91429","128.6859129946515420","0","0","62","0","1203.66003","1898.2599999904633","20.0000000000","12.0000000000","8.0000000000","3.0000000000","3.0000000000","1.0000000000","1.0000000000","13.0000000000","2.0000000000","2.0000000000","343.2852775502","1.0000000000","","","7829.0000000000"
"2025-03-20T00:00:00Z","166440464","Carlton v Hawthorn","d05a236c-58e6-4596-8c53-7e9286b1ebe3","Round 02 v Carlton","28405012-6960-46d6-9664-4d4f08217ee7","31efedb1-0f68-4f1b-8fe6-a939bc05791d","Quarter 1","2","Round 2","Waverley","40","MCG","Harry Morrison","01","Back","3468.22021","483.38998","12","316.71094","7.66929","109.6231351875114300","0","0","50","0","910.49005","1898.2599999904633","12.0000000000","5.0000000000","7.0000000000","1.0000000000","7.0000000000","2.0000000000","1.0000000000","17.0000000000","1.0000000000","3.0000000000","181.9031556392","2.0000000000","","","7829.0000000000"
"2025-03-20T00:00:00Z","166440464","Carlton v Hawthorn","d05a236c-58e6-4596-8c53-7e9286b1ebe3","Round 02 v Carlton","28405012-6960-46d6-9664-4d4f08217ee7","a4caf57a-15ee-4e85-8a4d-d2cc9d6063d1","Quarter 2","2","Round 2","Waverley","40","MCG","Harry Morrison","01","Back","3112.48486","415.05001","9","278.35931","8.18421","86.1166357421181060","0","0","40","0","862.94","2168.5599999427795","12.0000000000","5.0000000000","7.0000000000","1.0000000000","7.0000000000","2.0000000000","1.0000000000","17.0000000000","1.0000000000","3.0000000000","181.9031556392","2.0000000000","","","7829.0000000000"
"2025-03-20T00:00:00Z","166440464","Carlton v Hawthorn","d05a236c-58e6-4596-8c53-7e9286b1ebe3","Round 02 v Carlton","28405012-6960-46d6-9664-4d4f08217ee7","d3ea0580-e164-4250-8226-8d0fe5720da6","Quarter 3","2","Round 2","Waverley","40","MCG","Harry Morrison","01","Back","3855.2041","578.35999","18","347.43127","8.35292","117.4973057764749240","0","0","44","0","1238.02002","1968.6600000858307","12.0000000000","5.0000000000","7.0000000000","1.0000000000","7.0000000000","2.0000000000","1.0000000000","17.0000000000","1.0000000000","3.0000000000","181.9031556392","2.0000000000","","","7829.0000000000"
"2025-03-20T00:00:00Z","166440464","Carlton v Hawthorn","d05a236c-58e6-4596-8c53-7e9286b1ebe3","Round 02 v Carlton","28405012-6960-46d6-9664-4d4f08217ee7","7bed04a7-ec72-4b07-88f2-a62da4cd8a8d","Quarter 4","2","Round 2","Waverley","40","MCG","Harry Morrison","01","Back","3227.3916","408.02","10","296.93213","7.77977","108.8710516490451300","0","0","50","0","985.09998","1778.6499998569489","12.0000000000","5.0000000000","7.0000000000","1.0000000000","7.0000000000","2.0000000000","1.0000000000","17.0000000000","1.0000000000","3.0000000000","181.9031556392","2.0000000000","","","7829.0000000000"
"2025-03-20T00:00:00Z","166440464","Carlton v Hawthorn","d05a236c-58e6-4596-8c53-7e9286b1ebe3","Round 02 v Carlton","78eb8442-e99a-445f-8154-59b764e0c73a","31efedb1-0f68-4f1b-8fe6-a939bc05791d","Quarter 1","2","Round 2","Waverley","40","MCG","Lloyd Meek","17","Hybrid","3071.30103","100.91","2","315.89337","6.59994","97.0773560001927000","0","0","36","0","1106.46997","1898.2599999904633","13.0000000000","2.0000000000","11.0000000000","","1.0000000000","3.0000000000","2.0000000000","7.0000000000","","","52.8821674272","1.0000000000","","","7829.0000000000"
"2025-03-20T00:00:00Z","166440464","Carlton v Hawthorn","d05a236c-58e6-4596-8c53-7e9286b1ebe3","Round 02 v Carlton","78eb8442-e99a-445f-8154-59b764e0c73a","a4caf57a-15ee-4e85-8a4d-d2cc9d6063d1","Quarter 2","2","Round 2","Waverley","40","MCG","Lloyd Meek","17","Hybrid","3485.59375","92.22999999999999","0","327.94943","6.03629","96.4398610163049840","0","0","42","0","1245.18994","2168.5599999427795","13.0000000000","2.0000000000","11.0000000000","","1.0000000000","3.0000000000","2.0000000000","7.0000000000","","","52.8821674272","1.0000000000","","","7829.0000000000"
"2025-03-20T00:00:00Z","166440464","Carlton v Hawthorn","d05a236c-58e6-4596-8c53-7e9286b1ebe3","Round 02 v Carlton","78eb8442-e99a-445f-8154-59b764e0c73a","d3ea0580-e164-4250-8226-8d0fe5720da6","Quarter 3","2","Round 2","Waverley","40","MCG","Lloyd Meek","17","Hybrid","2846.11035","90.92999999999999","1","279.16559","6.64721","86.7425665135446600","0","0","31","0","982.78998","1968.6600000858307","13.0000000000","2.0000000000","11.0000000000","","1.0000000000","3.0000000000","2.0000000000","7.0000000000","","","52.8821674272","1.0000000000","","","7829.0000000000"
"2025-03-20T00:00:00Z","166440464","Carlton v Hawthorn","d05a236c-58e6-4596-8c53-7e9286b1ebe3","Round 02 v Carlton","78eb8442-e99a-445f-8154-59b764e0c73a","7bed04a7-ec72-4b07-88f2-a62da4cd8a8d","Quarter 4","2","Round 2","Waverley","40","MCG","Lloyd Meek","17","Hybrid","2773.44727","36.83","0","254.94934","6.55833","93.5579435039966100","0","0","30","0","935.48999","1778.6499998569489","13.0000000000","2.0000000000","11.0000000000","","1.0000000000","3.0000000000","2.0000000000","7.0000000000","","","52.8821674272","1.0000000000","","","7829.0000000000"
"2025-03-20T00:00:00Z","166440464","Carlton v Hawthorn","d05a236c-58e6-4596-8c53-7e9286b1ebe3","Round 02 v Carlton","28405012-6960-46d6-9664-4d4f08217ee7","7bed04a7-ec72-4b07-88f2-a62da4cd8a8d","Quarter 4","2","Round 2","Waverley","40","MCG","Harry Morrison","01","Back","3227.3916","408.02","10","296.93213","7.77977","108.8710516490451300","0","0","50","0","985.09998","1778.6499998569489","10.0000000000","6.0000000000","4.0000000000","3.0000000000","6.0000000000","","1.0000000000","18.0000000000","3.0000000000","","191.2716611678","3.0000000000","1.0000000000","3.0000000000","7829.0000000000"
"2025-03-20T00:00:00Z","166440464","Carlton v Hawthorn","d05a236c-58e6-4596-8c53-7e9286b1ebe3","Round 02 v Carlton","28405012-6960-46d6-9664-4d4f08217ee7","a4caf57a-15ee-4e85-8a4d-d2cc9d6063d1","Quarter 2","2","Round 2","Waverley","40","MCG","Harry Morrison","01","Back","3112.48486","415.05001","9","278.35931","8.18421","86.1166357421181060","0","0","40","0","862.94","2168.5599999427795","10.0000000000","6.0000000000","4.0000000000","3.0000000000","6.0000000000","","1.0000000000","18.0000000000","3.0000000000","","191.2716611678","3.0000000000","1.0000000000","3.0000000000","7829.0000000000"
"2025-03-20T00:00:00Z","166440464","Carlton v Hawthorn","d05a236c-58e6-4596-8c53-7e9286b1ebe3","Round 02 v Carlton","28405012-6960-46d6-9664-4d4f08217ee7","d3ea0580-e164-4250-8226-8d0fe5720da6","Quarter 3","2","Round 2","Waverley","40","MCG","Harry Morrison","01","Back","3855.2041","578.35999","18","347.43127","8.35292","117.4973057764749240","0","0","44","0","1238.02002","1968.6600000858307","10.0000000000","6.0000000000","4.0000000000","3.0000000000","6.0000000000","","1.0000000000","18.0000000000","3.0000000000","","191.2716611678","3.0000000000","1.0000000000","3.0000000000","7829.0000000000"
"2025-03-20T00:00:00Z","166440464","Carlton v Hawthorn","d05a236c-58e6-4596-8c53-7e9286b1ebe3","Round 02 v Carlton","28405012-6960-46d6-9664-4d4f08217ee7","31efedb1-0f68-4f1b-8fe6-a939bc05791d","Quarter 1","2","Round 2","Waverley","40","MCG","Harry Morrison","01","Back","3468.22021","483.38998","12","316.71094","7.66929","109.6231351875114300","0","0","50","0","910.49005","1898.2599999904633","10.0000000000","6.0000000000","4.0000000000","3.0000000000","6.0000000000","","1.0000000000","18.0000000000","3.0000000000","","191.2716611678","3.0000000000","1.0000000000","3.0000000000","7829.0000000000"
"2025-03-20T00:00:00Z","166440464","Carlton v Hawthorn","d05a236c-58e6-4596-8c53-7e9286b1ebe3","Round 02 v Carlton","8b0242f4-3a3b-4651-949f-17da0062afba","7bed04a7-ec72-4b07-88f2-a62da4cd8a8d","Quarter 4","2","Round 2","Waverley","40","MCG","Dylan Moore","08","Midfielder","2852.2998","409.24","11","306.58496","8.12183","96.2179113449886600","0","0","41","0","1093.20996","1778.6499998569489","8.0000000000","3.0000000000","5.0000000000","1.0000000000","5.0000000000","","","14.0000000000","2.0000000000","","117.0230040522","2.0000000000","","","7829.0000000000"
"2025-03-20T00:00:00Z","166440464","Carlton v Hawthorn","d05a236c-58e6-4596-8c53-7e9286b1ebe3","Round 02 v Carlton","8b0242f4-3a3b-4651-949f-17da0062afba","d3ea0580-e164-4250-8226-8d0fe5720da6","Quarter 3","2","Round 2","Waverley","40","MCG","Dylan Moore","08","Midfielder","3267.49121","187.59999","6","348.40607","6.86362","99.5852369588717880","0","0","42","0","1357.59009","1968.6600000858307","8.0000000000","3.0000000000","5.0000000000","1.0000000000","5.0000000000","","","14.0000000000","2.0000000000","","117.0230040522","2.0000000000","","","7829.0000000000"
"2025-03-20T00:00:00Z","166440464","Carlton v Hawthorn","d05a236c-58e6-4596-8c53-7e9286b1ebe3","Round 02 v Carlton","8b0242f4-3a3b-4651-949f-17da0062afba","a4caf57a-15ee-4e85-8a4d-d2cc9d6063d1","Quarter 2","2","Round 2","Waverley","40","MCG","Dylan Moore","08","Midfielder","4470.43066","471.57001","10","451.13037","7.54256","123.6884566749721080","0","0","50","0","1607.20996","2168.5599999427795","8.0000000000","3.0000000000","5.0000000000","1.0000000000","5.0000000000","","","14.0000000000","2.0000000000","","117.0230040522","2.0000000000","","","7829.0000000000"
"2025-03-20T00:00:00Z","166440464","Carlton v Hawthorn","d05a236c-58e6-4596-8c53-7e9286b1ebe3","Round 02 v Carlton","8b0242f4-3a3b-4651-949f-17da0062afba","31efedb1-0f68-4f1b-8fe6-a939bc05791d","Quarter 1","2","Round 2","Waverley","40","MCG","Dylan Moore","08","Midfielder","2718.93115","246.94","7","282.78284","7.96325","85.9396863447681480","0","0","45","0","797.71002","1898.2599999904633","8.0000000000","3.0000000000","5.0000000000","1.0000000000","5.0000000000","","","14.0000000000","2.0000000000","","117.0230040522","2.0000000000","","","7829.0000000000"
"2025-03-20T00:00:00Z","166440464","Carlton v Hawthorn","d05a236c-58e6-4596-8c53-7e9286b1ebe3","Round 02 v Carlton","d15ed9ce-f683-4f0e-b12f-c87e4029f11e","31efedb1-0f68-4f1b-8fe6-a939bc05791d","Quarter 1","2","Round 2","Waverley","40","MCG","Nick Watson","05","Hybrid","2324.87231","188.86","6","225.90695","8.04373","73.4843164796712780","80.61595","95","27","0","808.79004","1898.2599999904633","28.0000000000","17.0000000000","11.0000000000","2.0000000000","5.0000000000","4.0000000000","1.0000000000","18.0000000000","2.0000000000","5.0000000000","493.1013327016","6.0000000000","1.0000000000","","7829.0000000000"
"2025-03-20T00:00:00Z","166440464","Carlton v Hawthorn","d05a236c-58e6-4596-8c53-7e9286b1ebe3","Round 02 v Carlton","d15ed9ce-f683-4f0e-b12f-c87e4029f11e","a4caf57a-15ee-4e85-8a4d-d2cc9d6063d1","Quarter 2","2","Round 2","Waverley","40","MCG","Nick Watson","05","Hybrid","3651.71826","488.62999","14","339.52209","7.98957","101.0362155558441300","92.89819","94","41","0","1139.10999","2168.5599999427795","28.0000000000","17.0000000000","11.0000000000","2.0000000000","5.0000000000","4.0000000000","1.0000000000","18.0000000000","2.0000000000","5.0000000000","493.1013327016","6.0000000000","1.0000000000","","7829.0000000000"
"2025-03-20T00:00:00Z","166440464","Carlton v Hawthorn","d05a236c-58e6-4596-8c53-7e9286b1ebe3","Round 02 v Carlton","d15ed9ce-f683-4f0e-b12f-c87e4029f11e","d3ea0580-e164-4250-8226-8d0fe5720da6","Quarter 3","2","Round 2","Waverley","40","MCG","Nick Watson","05","Hybrid","3162.43018","178.99","8","309.02405","7.99727","96.3832306196739720","91","91","41","0","1049.17993","1968.6600000858307","28.0000000000","17.0000000000","11.0000000000","2.0000000000","5.0000000000","4.0000000000","1.0000000000","18.0000000000","2.0000000000","5.0000000000","493.1013327016","6.0000000000","1.0000000000","","7829.0000000000"
"2025-03-20T00:00:00Z","166440464","Carlton v Hawthorn","d05a236c-58e6-4596-8c53-7e9286b1ebe3","Round 02 v Carlton","d15ed9ce-f683-4f0e-b12f-c87e4029f11e","7bed04a7-ec72-4b07-88f2-a62da4cd8a8d","Quarter 4","2","Round 2","Waverley","40","MCG","Nick Watson","05","Hybrid","2596.31445","160.07","5","244.90344","7.9745","87.5826424605902220","95.47299","102","37","0","790.58997","1778.6499998569489","28.0000000000","17.0000000000","11.0000000000","2.0000000000","5.0000000000","4.0000000000","1.0000000000","18.0000000000","2.0000000000","5.0000000000","493.1013327016","6.0000000000","1.0000000000","","7829.0000000000"
"2025-03-20T00:00:00Z","166440464","Carlton v Hawthorn","d05a236c-58e6-4596-8c53-7e9286b1ebe3","Round 02 v Carlton","09911943-d336-480e-bc5a-6f526913bbfb","31efedb1-0f68-4f1b-8fe6-a939bc05791d","Quarter 1","2","Round 2","Waverley","40","MCG","Will Day","12","Hybrid","2835.57104","176.89000000000001","5","308.73706","7.33912","89.6264275709622180","0","0","39","0","1095.53003","1898.2599999904633","19.0000000000","10.0000000000","9.0000000000","3.0000000000","3.0000000000","7.0000000000","","9.0000000000","5.0000000000","","264.0761735384","1.0000000000","","1.0000000000","7829.0000000000"
"2025-03-20T00:00:00Z","166440464","Carlton v Hawthorn","d05a236c-58e6-4596-8c53-7e9286b1ebe3","Round 02 v Carlton","09911943-d336-480e-bc5a-6f526913bbfb","a4caf57a-15ee-4e85-8a4d-d2cc9d6063d1","Quarter 2","2","Round 2","Waverley","40","MCG","Will Day","12","Hybrid","3002.45068","230.35001","7","305.58032","7.65095","83.0721957449890380","0","0","32","0","1051.73999","2168.5599999427795","19.0000000000","10.0000000000","9.0000000000","3.0000000000","3.0000000000","7.0000000000","","9.0000000000","5.0000000000","","264.0761735384","1.0000000000","","1.0000000000","7829.0000000000"
"2025-03-20T00:00:00Z","166440464","Carlton v Hawthorn","d05a236c-58e6-4596-8c53-7e9286b1ebe3","Round 02 v Carlton","09911943-d336-480e-bc5a-6f526913bbfb","d3ea0580-e164-4250-8226-8d0fe5720da6","Quarter 3","2","Round 2","Waverley","40","MCG","Will Day","12","Hybrid","3245.34766","244.72999","6","346.29169","7.18973","98.9103550595381880","0","0","48","0","1143.60999","1968.6600000858307","19.0000000000","10.0000000000","9.0000000000","3.0000000000","3.0000000000","7.0000000000","","9.0000000000","5.0000000000","","264.0761735384","1.0000000000","","1.0000000000","7829.0000000000"
"2025-03-20T00:00:00Z","166440464","Carlton v Hawthorn","d05a236c-58e6-4596-8c53-7e9286b1ebe3","Round 02 v Carlton","09911943-d336-480e-bc5a-6f526913bbfb","7bed04a7-ec72-4b07-88f2-a62da4cd8a8d","Quarter 4","2","Round 2","Waverley","40","MCG","Will Day","12","Hybrid","2886.59766","232.48999999999998","7","301.8877","8.1977","97.3748964742527120","0","0","39","0","1016.14001","1778.6499998569489","19.0000000000","10.0000000000","9.0000000000","3.0000000000","3.0000000000","7.0000000000","","9.0000000000","5.0000000000","","264.0761735384","1.0000000000","","1.0000000000","7829.0000000000"
"2025-03-20T00:00:00Z","166440464","Carlton v Hawthorn","d05a236c-58e6-4596-8c53-7e9286b1ebe3","Round 02 v Carlton","dc9a9fa6-3f4c-464e-ae3c-ce8c25ab08d1","7bed04a7-ec72-4b07-88f2-a62da4cd8a8d","Quarter 4","2","Round 2","Waverley","40","MCG","Massimo D'Ambrosio","16","Hybrid","3106.21094","314.10001","6","291.63599","7.4117","104.7832099710394680","0","0","37","0","1002.67004","1778.6499998569489","25.0000000000","14.0000000000","11.0000000000","4.0000000000","4.0000000000","2.0000000000","2.0000000000","11.0000000000","3.0000000000","4.0000000000","400.9295186444","2.0000000000","","","7829.0000000000"
"2025-03-20T00:00:00Z","166440464","Carlton v Hawthorn","d05a236c-58e6-4596-8c53-7e9286b1ebe3","Round 02 v Carlton","dc9a9fa6-3f4c-464e-ae3c-ce8c25ab08d1","d3ea0580-e164-4250-8226-8d0fe5720da6","Quarter 3","2","Round 2","Waverley","40","MCG","Massimo D'Ambrosio","16","Hybrid","3510.27832","620.1300099999999","18","339.97302","7.46801","106.9848014338775700","0","0","60","0","906.80005","1968.6600000858307","25.0000000000","14.0000000000","11.0000000000","4.0000000000","4.0000000000","2.0000000000","2.0000000000","11.0000000000","3.0000000000","4.0000000000","400.9295186444","2.0000000000","","","7829.0000000000"
"2025-03-20T00:00:00Z","166440464","Carlton v Hawthorn","d05a236c-58e6-4596-8c53-7e9286b1ebe3","Round 02 v Carlton","dc9a9fa6-3f4c-464e-ae3c-ce8c25ab08d1","a4caf57a-15ee-4e85-8a4d-d2cc9d6063d1","Quarter 2","2","Round 2","Waverley","40","MCG","Massimo D'Ambrosio","16","Hybrid","3768.32227","440.93001","10","354.0473","7.49817","104.2624304635177020","0","0","47","0","1240.88","2168.5599999427795","25.0000000000","14.0000000000","11.0000000000","4.0000000000","4.0000000000","2.0000000000","2.0000000000","11.0000000000","3.0000000000","4.0000000000","400.9295186444","2.0000000000","","","7829.0000000000"
"2025-03-20T00:00:00Z","166440464","Carlton v Hawthorn","d05a236c-58e6-4596-8c53-7e9286b1ebe3","Round 02 v Carlton","dc9a9fa6-3f4c-464e-ae3c-ce8c25ab08d1","31efedb1-0f68-4f1b-8fe6-a939bc05791d","Quarter 1","2","Round 2","Waverley","40","MCG","Massimo D'Ambrosio","16","Hybrid","3188.19946","428.5","13","317.91669","7.57973","100.7722691311838400","0","0","42","0","1013.09003","1898.2599999904633","25.0000000000","14.0000000000","11.0000000000","4.0000000000","4.0000000000","2.0000000000","2.0000000000","11.0000000000","3.0000000000","4.0000000000","400.9295186444","2.0000000000","","","7829.0000000000"
"2025-03-20T00:00:00Z","166440464","Carlton v Hawthorn","d05a236c-58e6-4596-8c53-7e9286b1ebe3","Round 02 v Carlton","236a3ba1-a655-45e2-bcd2-6ad50b7c42fd","31efedb1-0f68-4f1b-8fe6-a939bc05791d","Quarter 1","2","Round 2","Waverley","40","MCG","Mabior Chol","18","Hybrid","2642.1001","234.07999999999998","8","219.65576","8.51828","83.5112186954349900","0","0","33","0","751.82001","1898.2599999904633","22.0000000000","10.0000000000","12.0000000000","","12.0000000000","5.0000000000","","27.0000000000","4.0000000000","3.0000000000","321.9657393199","8.0000000000","","","7829.0000000000"
"2025-03-20T00:00:00Z","166440464","Carlton v Hawthorn","d05a236c-58e6-4596-8c53-7e9286b1ebe3","Round 02 v Carlton","236a3ba1-a655-45e2-bcd2-6ad50b7c42fd","7bed04a7-ec72-4b07-88f2-a62da4cd8a8d","Quarter 4","2","Round 2","Waverley","40","MCG","Mabior Chol","18","Hybrid","2634.93457","74.32","2","211.94373","7.88471","88.8854323294156560","0","0","27","0","760.91998","1778.6499998569489","22.0000000000","10.0000000000","12.0000000000","","12.0000000000","5.0000000000","","27.0000000000","4.0000000000","3.0000000000","321.9657393199","8.0000000000","","","7829.0000000000"
"2025-03-20T00:00:00Z","166440464","Carlton v Hawthorn","d05a236c-58e6-4596-8c53-7e9286b1ebe3","Round 02 v Carlton","236a3ba1-a655-45e2-bcd2-6ad50b7c42fd","d3ea0580-e164-4250-8226-8d0fe5720da6","Quarter 3","2","Round 2","Waverley","40","MCG","Mabior Chol","18","Hybrid","2509.10596","188.21","7","191.8775","7.54591","76.4714869979764920","0","0","29","0","760.56","1968.6600000858307","22.0000000000","10.0000000000","12.0000000000","","12.0000000000","5.0000000000","","27.0000000000","4.0000000000","3.0000000000","321.9657393199","8.0000000000","","","7829.0000000000"
"2025-03-20T00:00:00Z","166440464","Carlton v Hawthorn","d05a236c-58e6-4596-8c53-7e9286b1ebe3","Round 02 v Carlton","236a3ba1-a655-45e2-bcd2-6ad50b7c42fd","a4caf57a-15ee-4e85-8a4d-d2cc9d6063d1","Quarter 2","2","Round 2","Waverley","40","MCG","Mabior Chol","18","Hybrid","3217.26318","241.34","6","231.92273","8.2825","89.0156559214840800","0","0","30","0","954.22998","2168.5599999427795","22.0000000000","10.0000000000","12.0000000000","","12.0000000000","5.0000000000","","27.0000000000","4.0000000000","3.0000000000","321.9657393199","8.0000000000","","","7829.0000000000"
"2025-03-20T00:00:00Z","166440464","Carlton v Hawthorn","d05a236c-58e6-4596-8c53-7e9286b1ebe3","Round 02 v Carlton","ee799c04-c79f-41c9-bd53-176bb21a7077","7bed04a7-ec72-4b07-88f2-a62da4cd8a8d","Quarter 4","2","Round 2","Waverley","40","MCG","Conor Nash","11","Back","2831.53613","91.5","3","241.62732","6.59061","95.5174811310060360","0","0","33","0","1176.46997","1778.6499998569489","16.0000000000","9.0000000000","7.0000000000","2.0000000000","7.0000000000","5.0000000000","1.0000000000","22.0000000000","3.0000000000","","285.0483427917","4.0000000000","","1.0000000000","7829.0000000000"
"2025-03-20T00:00:00Z","166440464","Carlton v Hawthorn","d05a236c-58e6-4596-8c53-7e9286b1ebe3","Round 02 v Carlton","ee799c04-c79f-41c9-bd53-176bb21a7077","d3ea0580-e164-4250-8226-8d0fe5720da6","Quarter 3","2","Round 2","Waverley","40","MCG","Conor Nash","11","Back","3715.03809","248.56","6","315.92743","7.31859","113.2253844697823820","0","0","51","0","1475.14001","1968.6600000858307","16.0000000000","9.0000000000","7.0000000000","2.0000000000","7.0000000000","5.0000000000","1.0000000000","22.0000000000","3.0000000000","","285.0483427917","4.0000000000","","1.0000000000","7829.0000000000"
"2025-03-20T00:00:00Z","166440464","Carlton v Hawthorn","d05a236c-58e6-4596-8c53-7e9286b1ebe3","Round 02 v Carlton","ee799c04-c79f-41c9-bd53-176bb21a7077","a4caf57a-15ee-4e85-8a4d-d2cc9d6063d1","Quarter 2","2","Round 2","Waverley","40","MCG","Conor Nash","11","Back","4035.04932","511.53999999999996","14","338.35379","8.19646","111.6422691585145080","0","0","46","0","1353.66003","2168.5599999427795","16.0000000000","9.0000000000","7.0000000000","2.0000000000","7.0000000000","5.0000000000","1.0000000000","22.0000000000","3.0000000000","","285.0483427917","4.0000000000","","1.0000000000","7829.0000000000"
"2025-03-20T00:00:00Z","166440464","Carlton v Hawthorn","d05a236c-58e6-4596-8c53-7e9286b1ebe3","Round 02 v Carlton","ee799c04-c79f-41c9-bd53-176bb21a7077","31efedb1-0f68-4f1b-8fe6-a939bc05791d","Quarter 1","2","Round 2","Waverley","40","MCG","Conor Nash","11","Back","3168.53735","172.4","4","290.94492","7.5202","100.1507912514382140","0","0","57","0","1100.07007","1898.2599999904633","16.0000000000","9.0000000000","7.0000000000","2.0000000000","7.0000000000","5.0000000000","1.0000000000","22.0000000000","3.0000000000","","285.0483427917","4.0000000000","","1.0000000000","7829.0000000000"
"2025-03-20T00:00:00Z","166440464","Carlton v Hawthorn","d05a236c-58e6-4596-8c53-7e9286b1ebe3","Round 02 v Carlton","09911943-d336-480e-bc5a-6f526913bbfb","31efedb1-0f68-4f1b-8fe6-a939bc05791d","Quarter 1","2","Round 2","Waverley","40","MCG","Will Day","12","Hybrid","2835.57104","176.89000000000001","5","308.73706","7.33912","89.6264275709622180","0","0","39","0","1095.53003","1898.2599999904633","26.0000000000","13.0000000000","13.0000000000","1.0000000000","5.0000000000","5.0000000000","2.0000000000","15.0000000000","7.0000000000","","443.7034260495","6.0000000000","","","7829.0000000000"
"2025-03-20T00:00:00Z","166440464","Carlton v Hawthorn","d05a236c-58e6-4596-8c53-7e9286b1ebe3","Round 02 v Carlton","09911943-d336-480e-bc5a-6f526913bbfb","7bed04a7-ec72-4b07-88f2-a62da4cd8a8d","Quarter 4","2","Round 2","Waverley","40","MCG","Will Day","12","Hybrid","2886.59766","232.48999999999998","7","301.8877","8.1977","97.3748964742527120","0","0","39","0","1016.14001","1778.6499998569489","26.0000000000","13.0000000000","13.0000000000","1.0000000000","5.0000000000","5.0000000000","2.0000000000","15.0000000000","7.0000000000","","443.7034260495","6.0000000000","","","7829.0000000000"
"2025-03-20T00:00:00Z","166440464","Carlton v Hawthorn","d05a236c-58e6-4596-8c53-7e9286b1ebe3","Round 02 v Carlton","09911943-d336-480e-bc5a-6f526913bbfb","d3ea0580-e164-4250-8226-8d0fe5720da6","Quarter 3","2","Round 2","Waverley","40","MCG","Will Day","12","Hybrid","3245.34766","244.72999","6","346.29169","7.18973","98.9103550595381880","0","0","48","0","1143.60999","1968.6600000858307","26.0000000000","13.0000000000","13.0000000000","1.0000000000","5.0000000000","5.0000000000","2.0000000000","15.0000000000","7.0000000000","","443.7034260495","6.0000000000","","","7829.0000000000"
"2025-03-20T00:00:00Z","166440464","Carlton v Hawthorn","d05a236c-58e6-4596-8c53-7e9286b1ebe3","Round 02 v Carlton","09911943-d336-480e-bc5a-6f526913bbfb","a4caf57a-15ee-4e85-8a4d-d2cc9d6063d1","Quarter 2","2","Round 2","Waverley","40","MCG","Will Day","12","Hybrid","3002.45068","230.35001","7","305.58032","7.65095","83.0721957449890380","0","0","32","0","1051.73999","2168.5599999427795","26.0000000000","13.0000000000","13.0000000000","1.0000000000","5.0000000000","5.0000000000","2.0000000000","15.0000000000","7.0000000000","","443.7034260495","6.0000000000","","","7829.0000000000"
"2025-03-20T00:00:00Z","166440464","Carlton v Hawthorn","d05a236c-58e6-4596-8c53-7e9286b1ebe3","Round 02 v Carlton","78eb8442-e99a-445f-8154-59b764e0c73a","31efedb1-0f68-4f1b-8fe6-a939bc05791d","Quarter 1","2","Round 2","Waverley","40","MCG","Lloyd Meek","17","Hybrid","3071.30103","100.91","2","315.89337","6.59994","97.0773560001927000","0","0","36","0","1106.46997","1898.2599999904633","6.0000000000","3.0000000000","3.0000000000","","3.0000000000","","2.0000000000","11.0000000000","","","48.3117204993","6.0000000000","1.0000000000","","7829.0000000000"
"2025-03-20T00:00:00Z","166440464","Carlton v Hawthorn","d05a236c-58e6-4596-8c53-7e9286b1ebe3","Round 02 v Carlton","78eb8442-e99a-445f-8154-59b764e0c73a","7bed04a7-ec72-4b07-88f2-a62da4cd8a8d","Quarter 4","2","Round 2","Waverley","40","MCG","Lloyd Meek","17","Hybrid","2773.44727","36.83","0","254.94934","6.55833","93.5579435039966100","0","0","30","0","935.48999","1778.6499998569489","6.0000000000","3.0000000000","3.0000000000","","3.0000000000","","2.0000000000","11.0000000000","","","48.3117204993","6.0000000000","1.0000000000","","7829.0000000000"
"2025-03-20T00:00:00Z","166440464","Carlton v Hawthorn","d05a236c-58e6-4596-8c53-7e9286b1ebe3","Round 02 v Carlton","78eb8442-e99a-445f-8154-59b764e0c73a","d3ea0580-e164-4250-8226-8d0fe5720da6","Quarter 3","2","Round 2","Waverley","40","MCG","Lloyd Meek","17","Hybrid","2846.11035","90.92999999999999","1","279.16559","6.64721","86.7425665135446600","0","0","31","0","982.78998","1968.6600000858307","6.0000000000","3.0000000000","3.0000000000","","3.0000000000","","2.0000000000","11.0000000000","","","48.3117204993","6.0000000000","1.0000000000","","7829.0000000000"
"2025-03-20T00:00:00Z","166440464","Carlton v Hawthorn","d05a236c-58e6-4596-8c53-7e9286b1ebe3","Round 02 v Carlton","78eb8442-e99a-445f-8154-59b764e0c73a","a4caf57a-15ee-4e85-8a4d-d2cc9d6063d1","Quarter 2","2","Round 2","Waverley","40","MCG","Lloyd Meek","17","Hybrid","3485.59375","92.22999999999999","0","327.94943","6.03629","96.4398610163049840","0","0","42","0","1245.18994","2168.5599999427795","6.0000000000","3.0000000000","3.0000000000","","3.0000000000","","2.0000000000","11.0000000000","","","48.3117204993","6.0000000000","1.0000000000","","7829.0000000000"
"2025-03-20T00:00:00Z","166440464","Carlton v Hawthorn","d05a236c-58e6-4596-8c53-7e9286b1ebe3","Round 02 v Carlton","909a916f-b95d-44e4-8b9c-51b5ef5f1d35","7bed04a7-ec72-4b07-88f2-a62da4cd8a8d","Quarter 4","2","Round 2","Waverley","40","MCG","Finn Maginness","20","Hybrid","2807.68945","353.23999","6","279.94275","7.61696","94.7130503547908820","0","0","33","0","1033.53003","1778.6499998569489","13.0000000000","8.0000000000","5.0000000000","4.0000000000","","","","5.0000000000","3.0000000000","","272.0876891711","4.0000000000","","1.0000000000","7829.0000000000"
"2025-03-20T00:00:00Z","166440464","Carlton v Hawthorn","d05a236c-58e6-4596-8c53-7e9286b1ebe3","Round 02 v Carlton","909a916f-b95d-44e4-8b9c-51b5ef5f1d35","31efedb1-0f68-4f1b-8fe6-a939bc05791d","Quarter 1","2","Round 2","Waverley","40","MCG","Finn Maginness","20","Hybrid","3736.78906","441.2","8","367.92395","8.68587","118.1120308077536280","0","0","45","0","1319.66003","1898.2599999904633","13.0000000000","8.0000000000","5.0000000000","4.0000000000","","","","5.0000000000","3.0000000000","","272.0876891711","4.0000000000","","1.0000000000","7829.0000000000"
"2025-03-20T00:00:00Z","166440464","Carlton v Hawthorn","d05a236c-58e6-4596-8c53-7e9286b1ebe3","Round 02 v Carlton","909a916f-b95d-44e4-8b9c-51b5ef5f1d35","a4caf57a-15ee-4e85-8a4d-d2cc9d6063d1","Quarter 2","2","Round 2","Waverley","40","MCG","Finn Maginness","20","Hybrid","4464.1499","515.93998","11","437.83127","8.26572","123.5146797907678680","0","0","48","0","1759.77002","2168.5599999427795","13.0000000000","8.0000000000","5.0000000000","4.0000000000","","","","5.0000000000","3.0000000000","","272.0876891711","4.0000000000","","1.0000000000","7829.0000000000"
"2025-03-20T00:00:00Z","166440464","Carlton v Hawthorn","d05a236c-58e6-4596-8c53-7e9286b1ebe3","Round 02 v Carlton","909a916f-b95d-44e4-8b9c-51b5ef5f1d35","d3ea0580-e164-4250-8226-8d0fe5720da6","Quarter 3","2","Round 2","Waverley","40","MCG","Finn Maginness","20","Hybrid","2988.86719","261.17001","5","303.37518","6.79942","91.0934500585075080","0","0","40","0","986.97998","1968.6600000858307","13.0000000000","8.0000000000","5.0000000000","4.0000000000","","","","5.0000000000","3.0000000000","","272.0876891711","4.0000000000","","1.0000000000","7829.0000000000"
"2025-03-20T00:00:00Z","166440464","Carlton v Hawthorn","d05a236c-58e6-4596-8c53-7e9286b1ebe3","Round 02 v Carlton","020880cf-4cc3-45b8-ade5-ced73183435f","7bed04a7-ec72-4b07-88f2-a62da4cd8a8d","Quarter 4","2","Round 2","Waverley","40","MCG","Jack Ginnivan","33","Hybrid","3148.08203","300.06","7","321.17786","7.76759","106.1956662722803260","75.24311","116","48","0","1049.02002","1778.6499998569489","10.0000000000","4.0000000000","6.0000000000","1.0000000000","4.0000000000","3.0000000000","1.0000000000","12.0000000000","2.0000000000","1.0000000000","133.0647077185","1.0000000000","","","7829.0000000000"
"2025-03-20T00:00:00Z","166440464","Carlton v Hawthorn","d05a236c-58e6-4596-8c53-7e9286b1ebe3","Round 02 v Carlton","020880cf-4cc3-45b8-ade5-ced73183435f","d3ea0580-e164-4250-8226-8d0fe5720da6","Quarter 3","2","Round 2","Waverley","40","MCG","Jack Ginnivan","33","Hybrid","2918.39648","221.99","7","313.47266","7.36616","88.9456730935589340","120.44039","131","44","0","1038.48999","1968.6600000858307","10.0000000000","4.0000000000","6.0000000000","1.0000000000","4.0000000000","3.0000000000","1.0000000000","12.0000000000","2.0000000000","1.0000000000","133.0647077185","1.0000000000","","","7829.0000000000"
"2025-03-20T00:00:00Z","166440464","Carlton v Hawthorn","d05a236c-58e6-4596-8c53-7e9286b1ebe3","Round 02 v Carlton","020880cf-4cc3-45b8-ade5-ced73183435f","a4caf57a-15ee-4e85-8a4d-d2cc9d6063d1","Quarter 2","2","Round 2","Waverley","40","MCG","Jack Ginnivan","33","Hybrid","3135.10693","285.97","9","294.03088","7.77598","86.7425461158388320","94.69198","104","32","0","1027.10999","2168.5599999427795","10.0000000000","4.0000000000","6.0000000000","1.0000000000","4.0000000000","3.0000000000","1.0000000000","12.0000000000","2.0000000000","1.0000000000","133.0647077185","1.0000000000","","","7829.0000000000"
"2025-03-20T00:00:00Z","166440464","Carlton v Hawthorn","d05a236c-58e6-4596-8c53-7e9286b1ebe3","Round 02 v Carlton","020880cf-4cc3-45b8-ade5-ced73183435f","31efedb1-0f68-4f1b-8fe6-a939bc05791d","Quarter 1","2","Round 2","Waverley","40","MCG","Jack Ginnivan","33","Hybrid","3089.61011","337.41999999999996","10","310.56653","7.54117","97.6560674517354420","64.81053","84","39","0","913.38","1898.2599999904633","10.0000000000","4.0000000000","6.0000000000","1.0000000000","4.0000000000","3.0000000000","1.0000000000","12.0000000000","2.0000000000","1.0000000000","133.0647077185","1.0000000000","","","7829.0000000000"
"2025-03-20T00:00:00Z","166440464","Carlton v Hawthorn","d05a236c-58e6-4596-8c53-7e9286b1ebe3","Round 02 v Carlton","2794f857-7792-4f4b-b5fc-204ce195a191","31efedb1-0f68-4f1b-8fe6-a939bc05791d","Quarter 1","2","Round 2","Waverley","40","MCG","Josh Ward","25","Hybrid","3686.60913","322.06998999999996","8","358.09827","7.76888","116.5259489222294460","0","0","53","0","1319.96997","1898.2599999904633","24.0000000000","10.0000000000","14.0000000000","3.0000000000","7.0000000000","4.0000000000","","16.0000000000","2.0000000000","3.0000000000","344.1804285461","3.0000000000","1.0000000000","","7829.0000000000"
"2025-03-20T00:00:00Z","166440464","Carlton v Hawthorn","d05a236c-58e6-4596-8c53-7e9286b1ebe3","Round 02 v Carlton","2794f857-7792-4f4b-b5fc-204ce195a191","a4caf57a-15ee-4e85-8a4d-d2cc9d6063d1","Quarter 2","2","Round 2","Waverley","40","MCG","Josh Ward","25","Hybrid","3639.10938","479.45001","11","339.93918","7.86932","100.6873514247986580","0","0","51","0","1207.93005","2168.5599999427795","24.0000000000","10.0000000000","14.0000000000","3.0000000000","7.0000000000","4.0000000000","","16.0000000000","2.0000000000","3.0000000000","344.1804285461","3.0000000000","1.0000000000","","7829.0000000000"
"2025-03-20T00:00:00Z","166440464","Carlton v Hawthorn","d05a236c-58e6-4596-8c53-7e9286b1ebe3","Round 02 v Carlton","2794f857-7792-4f4b-b5fc-204ce195a191","d3ea0580-e164-4250-8226-8d0fe5720da6","Quarter 3","2","Round 2","Waverley","40","MCG","Josh Ward","25","Hybrid","3391.66895","306.72001","7","333.93909","8.69251","103.3698744278482260","0","0","47","0","1303.44995","1968.6600000858307","24.0000000000","10.0000000000","14.0000000000","3.0000000000","7.0000000000","4.0000000000","","16.0000000000","2.0000000000","3.0000000000","344.1804285461","3.0000000000","1.0000000000","","7829.0000000000"
"2025-03-20T00:00:00Z","166440464","Carlton v Hawthorn","d05a236c-58e6-4596-8c53-7e9286b1ebe3","Round 02 v Carlton","2794f857-7792-4f4b-b5fc-204ce195a191","7bed04a7-ec72-4b07-88f2-a62da4cd8a8d","Quarter 4","2","Round 2","Waverley","40","MCG","Josh Ward","25","Hybrid","2811.91211","198.54000000000002","5","283.50452","7.54447","94.8554952427791780","0","0","35","0","968.54999","1778.6499998569489","24.0000000000","10.0000000000","14.0000000000","3.0000000000","7.0000000000","4.0000000000","","16.0000000000","2.0000000000","3.0000000000","344.1804285461","3.0000000000","1.0000000000","","7829.0000000000"
"2025-03-20T00:00:00Z","166440464","Carlton v Hawthorn","d05a236c-58e6-4596-8c53-7e9286b1ebe3","Round 02 v Carlton","a5e3bb3d-7e57-4dff-9d50-d405f3e1a584","7bed04a7-ec72-4b07-88f2-a62da4cd8a8d","Quarter 4","2","Round 2","Waverley","40","MCG","Jai Newcombe","03","Hybrid","3261.29688","124.16000000000001","2","369.06323","6.75167","110.0147937006930720","107.19255","128","49","0","1239.84998","1778.6499998569489","19.0000000000","12.0000000000","7.0000000000","3.0000000000","6.0000000000","2.0000000000","1.0000000000","13.0000000000","2.0000000000","1.0000000000","211.9924820120","5.0000000000","1.0000000000","3.0000000000","7829.0000000000"
"2025-03-20T00:00:00Z","166440464","Carlton v Hawthorn","d05a236c-58e6-4596-8c53-7e9286b1ebe3","Round 02 v Carlton","a5e3bb3d-7e57-4dff-9d50-d405f3e1a584","d3ea0580-e164-4250-8226-8d0fe5720da6","Quarter 3","2","Round 2","Waverley","40","MCG","Jai Newcombe","03","Hybrid","3287.47754","165.71","6","361.5614","7.28641","100.1943720050187660","101.55336","164","44","0","1513.33008","1968.6600000858307","19.0000000000","12.0000000000","7.0000000000","3.0000000000","6.0000000000","2.0000000000","1.0000000000","13.0000000000","2.0000000000","1.0000000000","211.9924820120","5.0000000000","1.0000000000","3.0000000000","7829.0000000000"
"2025-03-20T00:00:00Z","166440464","Carlton v Hawthorn","d05a236c-58e6-4596-8c53-7e9286b1ebe3","Round 02 v Carlton","a5e3bb3d-7e57-4dff-9d50-d405f3e1a584","a4caf57a-15ee-4e85-8a4d-d2cc9d6063d1","Quarter 2","2","Round 2","Waverley","40","MCG","Jai Newcombe","03","Hybrid","3614.021","316.84001","9","380.20837","8.00201","99.9932028653676480","92.35413","168","47","0","1371.41992","2168.5599999427795","19.0000000000","12.0000000000","7.0000000000","3.0000000000","6.0000000000","2.0000000000","1.0000000000","13.0000000000","2.0000000000","1.0000000000","211.9924820120","5.0000000000","1.0000000000","3.0000000000","7829.0000000000"
"2025-03-20T00:00:00Z","166440464","Carlton v Hawthorn","d05a236c-58e6-4596-8c53-7e9286b1ebe3","Round 02 v Carlton","a5e3bb3d-7e57-4dff-9d50-d405f3e1a584","31efedb1-0f68-4f1b-8fe6-a939bc05791d","Quarter 1","2","Round 2","Waverley","40","MCG","Jai Newcombe","03","Hybrid","3495.93799","141.9","2","386.92917","7.06393","110.4992358270488760","0","0","54","0","1212.67993","1898.2599999904633","19.0000000000","12.0000000000","7.0000000000","3.0000000000","6.0000000000","2.0000000000","1.0000000000","13.0000000000","2.0000000000","1.0000000000","211.9924820120","5.0000000000","1.0000000000","3.0000000000","7829.0000000000"
"2025-03-20T00:00:00Z","166440464","Carlton v Hawthorn","d05a236c-58e6-4596-8c53-7e9286b1ebe3","Round 02 v Carlton","a5e3bb3d-7e57-4dff-9d50-d405f3e1a584","a4caf57a-15ee-4e85-8a4d-d2cc9d6063d1","Quarter 2","2","Round 2","Waverley","40","MCG","Jai Newcombe","03","Hybrid","3614.021","316.84001","9","380.20837","8.00201","99.9932028653676480","92.35413","168","47","0","1371.41992","2168.5599999427795","32.0000000000","16.0000000000","16.0000000000","5.0000000000","11.0000000000","9.0000000000","5.0000000000","30.0000000000","5.0000000000","2.0000000000","384.7637965230","6.0000000000","","1.0000000000","7829.0000000000"
"2025-03-20T00:00:00Z","166440464","Carlton v Hawthorn","d05a236c-58e6-4596-8c53-7e9286b1ebe3","Round 02 v Carlton","a5e3bb3d-7e57-4dff-9d50-d405f3e1a584","31efedb1-0f68-4f1b-8fe6-a939bc05791d","Quarter 1","2","Round 2","Waverley","40","MCG","Jai Newcombe","03","Hybrid","3495.93799","141.9","2","386.92917","7.06393","110.4992358270488760","0","0","54","0","1212.67993","1898.2599999904633","32.0000000000","16.0000000000","16.0000000000","5.0000000000","11.0000000000","9.0000000000","5.0000000000","30.0000000000","5.0000000000","2.0000000000","384.7637965230","6.0000000000","","1.0000000000","7829.0000000000"
"2025-03-20T00:00:00Z","166440464","Carlton v Hawthorn","d05a236c-58e6-4596-8c53-7e9286b1ebe3","Round 02 v Carlton","a5e3bb3d-7e57-4dff-9d50-d405f3e1a584","d3ea0580-e164-4250-8226-8d0fe5720da6","Quarter 3","2","Round 2","Waverley","40","MCG","Jai Newcombe","03","Hybrid","3287.47754","165.71","6","361.5614","7.28641","100.1943720050187660","101.55336","164","44","0","1513.33008","1968.6600000858307","32.0000000000","16.0000000000","16.0000000000","5.0000000000","11.0000000000","9.0000000000","5.0000000000","30.0000000000","5.0000000000","2.0000000000","384.7637965230","6.0000000000","","1.0000000000","7829.0000000000"
"2025-03-20T00:00:00Z","166440464","Carlton v Hawthorn","d05a236c-58e6-4596-8c53-7e9286b1ebe3","Round 02 v Carlton","a5e3bb3d-7e57-4dff-9d50-d405f3e1a584","7bed04a7-ec72-4b07-88f2-a62da4cd8a8d","Quarter 4","2","Round 2","Waverley","40","MCG","Jai Newcombe","03","Hybrid","3261.29688","124.16000000000001","2","369.06323","6.75167","110.0147937006930720","107.19255","128","49","0","1239.84998","1778.6499998569489","32.0000000000","16.0000000000","16.0000000000","5.0000000000","11.0000000000","9.0000000000","5.0000000000","30.0000000000","5.0000000000","2.0000000000","384.7637965230","6.0000000000","","1.0000000000","7829.0000000000"
"2025-03-20T00:00:00Z","166440464","Carlton v Hawthorn","d05a236c-58e6-4596-8c53-7e9286b1ebe3","Round 02 v Carlton","3ba00f82-b1d8-43cd-9263-c8d042a5b2ce","d3ea0580-e164-4250-8226-8d0fe5720da6","Quarter 3","2","Round 2","Waverley","40","MCG","Cam Mackenzie","28","Hybrid","2699.69482","250.70000000000002","7","265.64069","7.10969","82.2801749377433580","66.38255","96","35","0","879.56","1968.6600000858307","19.0000000000","13.0000000000","6.0000000000","6.0000000000","3.0000000000","1.0000000000","1.0000000000","18.0000000000","5.0000000000","1.0000000000","260.5800673210","3.0000000000","","","7829.0000000000"
"2025-03-20T00:00:00Z","166440464","Carlton v Hawthorn","d05a236c-58e6-4596-8c53-7e9286b1ebe3","Round 02 v Carlton","3ba00f82-b1d8-43cd-9263-c8d042a5b2ce","7bed04a7-ec72-4b07-88f2-a62da4cd8a8d","Quarter 4","2","Round 2","Waverley","40","MCG","Cam Mackenzie","28","Hybrid","2207.73145","166.07","3","216.16187","6.78373","74.4743974422475740","69.09597","94","27","0","815.88","1778.6499998569489","19.0000000000","13.0000000000","6.0000000000","6.0000000000","3.0000000000","1.0000000000","1.0000000000","18.0000000000","5.0000000000","1.0000000000","260.5800673210","3.0000000000","","","7829.0000000000"
"2025-03-20T00:00:00Z","166440464","Carlton v Hawthorn","d05a236c-58e6-4596-8c53-7e9286b1ebe3","Round 02 v Carlton","3ba00f82-b1d8-43cd-9263-c8d042a5b2ce","a4caf57a-15ee-4e85-8a4d-d2cc9d6063d1","Quarter 2","2","Round 2","Waverley","40","MCG","Cam Mackenzie","28","Hybrid","3959.31909","305.40999000000005","7","383.81464","7.62158","109.5469553096378820","92.79441","101","60","0","1288.92004","2168.5599999427795","19.0000000000","13.0000000000","6.0000000000","6.0000000000","3.0000000000","1.0000000000","1.0000000000","18.0000000000","5.0000000000","1.0000000000","260.5800673210","3.0000000000","","","7829.0000000000"
"2025-03-20T00:00:00Z","166440464","Carlton v Hawthorn","d05a236c-58e6-4596-8c53-7e9286b1ebe3","Round 02 v Carlton","3ba00f82-b1d8-43cd-9263-c8d042a5b2ce","31efedb1-0f68-4f1b-8fe6-a939bc05791d","Quarter 1","2","Round 2","Waverley","40","MCG","Cam Mackenzie","28","Hybrid","2408.08008","296.20999","10","244.5976","7.60136","76.1143388159292600","84.65901","86","36","0","862.54999","1898.2599999904633","19.0000000000","13.0000000000","6.0000000000","6.0000000000","3.0000000000","1.0000000000","1.0000000000","18.0000000000","5.0000000000","1.0000000000","260.5800673210","3.0000000000","","","7829.0000000000"
"2025-03-20T00:00:00Z","166440464","Carlton v Hawthorn","d05a236c-58e6-4596-8c53-7e9286b1ebe3","Round 02 v Carlton","48b7449c-7b00-4728-8dcf-81959514acff","31efedb1-0f68-4f1b-8fe6-a939bc05791d","Quarter 1","2","Round 2","Waverley","40","MCG","Jarman Impey","04","Midfielder","2659.48218","309.07000000000005","8","289.01126","7.69112","84.0606296296617240","0","0","40","0","791.25","1898.2599999904633","11.0000000000","7.0000000000","4.0000000000","3.0000000000","4.0000000000","","","16.0000000000","3.0000000000","3.0000000000","280.0673801114","2.0000000000","","","7829.0000000000"
"2025-03-20T00:00:00Z","166440464","Carlton v Hawthorn","d05a236c-58e6-4596-8c53-7e9286b1ebe3","Round 02 v Carlton","48b7449c-7b00-4728-8dcf-81959514acff","a4caf57a-15ee-4e85-8a4d-d2cc9d6063d1","Quarter 2","2","Round 2","Waverley","40","MCG","Jarman Impey","04","Midfielder","3094.5188","521.1","13","313.28128","8.44407","85.6195484583775380","0","0","38","0","881.91003","2168.5599999427795","11.0000000000","7.0000000000","4.0000000000","3.0000000000","4.0000000000","","","16.0000000000","3.0000000000","3.0000000000","280.0673801114","2.0000000000","","","7829.0000000000"
"2025-03-20T00:00:00Z","166440464","Carlton v Hawthorn","d05a236c-58e6-4596-8c53-7e9286b1ebe3","Round 02 v Carlton","48b7449c-7b00-4728-8dcf-81959514acff","d3ea0580-e164-4250-8226-8d0fe5720da6","Quarter 3","2","Round 2","Waverley","40","MCG","Jarman Impey","04","Midfielder","3421.95752","511.91001","14","365.61304","8.04026","104.2929968562618540","0","0","41","0","1077.94995","1968.6600000858307","11.0000000000","7.0000000000","4.0000000000","3.0000000000","4.0000000000","","","16.0000000000","3.0000000000","3.0000000000","280.0673801114","2.0000000000","","","7829.0000000000"
"2025-03-20T00:00:00Z","166440464","Carlton v Hawthorn","d05a236c-58e6-4596-8c53-7e9286b1ebe3","Round 02 v Carlton","48b7449c-7b00-4728-8dcf-81959514acff","7bed04a7-ec72-4b07-88f2-a62da4cd8a8d","Quarter 4","2","Round 2","Waverley","40","MCG","Jarman Impey","04","Midfielder","3008.75684","273.25","5","307.74634","8.50051","101.4957470072915280","0","0","40","0","921.01001","1778.6499998569489","11.0000000000","7.0000000000","4.0000000000","3.0000000000","4.0000000000","","","16.0000000000","3.0000000000","3.0000000000","280.0673801114","2.0000000000","","","7829.0000000000"
"2025-03-20T00:00:00Z","166440464","Carlton v Hawthorn","d05a236c-58e6-4596-8c53-7e9286b1ebe3","Round 02 v Carlton","eedc79b6-c40e-445e-8f0f-78f5c4d301aa","31efedb1-0f68-4f1b-8fe6-a939bc05791d","Quarter 1","2","Round 2","Waverley","40","MCG","Josh Weddle","23","Hybrid","3717.22095","435.46","12","325.65482","8.17234","117.4935240700012140","53.23171","76","50","0","1122.77002","1898.2599999904633","10.0000000000","5.0000000000","5.0000000000","3.0000000000","4.0000000000","","1.0000000000","15.0000000000","1.0000000000","1.0000000000","148.6444901425","2.0000000000","","1.0000000000","7829.0000000000"
"2025-03-20T00:00:00Z","166440464","Carlton v Hawthorn","d05a236c-58e6-4596-8c53-7e9286b1ebe3","Round 02 v Carlton","eedc79b6-c40e-445e-8f0f-78f5c4d301aa","a4caf57a-15ee-4e85-8a4d-d2cc9d6063d1","Quarter 2","2","Round 2","Waverley","40","MCG","Josh Weddle","23","Hybrid","3535.11963","346.03000000000003","9","307.1636","8.94972","97.8101495027099760","73.33852","77","45","0","1206.81995","2168.5599999427795","10.0000000000","5.0000000000","5.0000000000","3.0000000000","4.0000000000","","1.0000000000","15.0000000000","1.0000000000","1.0000000000","148.6444901425","2.0000000000","","1.0000000000","7829.0000000000"
"2025-03-20T00:00:00Z","166440464","Carlton v Hawthorn","d05a236c-58e6-4596-8c53-7e9286b1ebe3","Round 02 v Carlton","eedc79b6-c40e-445e-8f0f-78f5c4d301aa","7bed04a7-ec72-4b07-88f2-a62da4cd8a8d","Quarter 4","2","Round 2","Waverley","40","MCG","Josh Weddle","23","Hybrid","3915.59766","382.63","12","342.92981","7.78703","132.0866160396340680","72.73966","102","52","0","1279.76001","1778.6499998569489","10.0000000000","5.0000000000","5.0000000000","3.0000000000","4.0000000000","","1.0000000000","15.0000000000","1.0000000000","1.0000000000","148.6444901425","2.0000000000","","1.0000000000","7829.0000000000"
"2025-03-20T00:00:00Z","166440464","Carlton v Hawthorn","d05a236c-58e6-4596-8c53-7e9286b1ebe3","Round 02 v Carlton","eedc79b6-c40e-445e-8f0f-78f5c4d301aa","d3ea0580-e164-4250-8226-8d0fe5720da6","Quarter 3","2","Round 2","Waverley","40","MCG","Josh Weddle","23","Hybrid","2990.8584","282.41","5","254.58606","7.5026","91.1541373280181300","78.74737","84","36","0","992.78998","1968.6600000858307","10.0000000000","5.0000000000","5.0000000000","3.0000000000","4.0000000000","","1.0000000000","15.0000000000","1.0000000000","1.0000000000","148.6444901425","2.0000000000","","1.0000000000","7829.0000000000"
"2025-07-19T00:00:00Z","166690899","Hawthorn v Port Adelaide","e866e05c-99e3-4cc1-a975-4c163eaf7553","Round 19 v Port Adelaide","036695b3-12e6-43fb-a153-0dea34fd7c41","7a877ec2-a258-4863-b093-183a1931e54a","Quarter 4","19","Round 19","Waverley","200","UTAS Stadium","Karl Amon","10","Hybrid","3246.97363","526.74","12","324.69373","7.32483","101.2890873870480480","104.95819","174","38","0","1138.77002","1923.3900001049042","15.0000000000","10.0000000000","5.0000000000","2.0000000000","4.0000000000","2.0000000000","","18.0000000000","2.0000000000","1.0000000000","238.1348748978","5.0000000000","","1.0000000000","7648.0000000000"
"2025-07-19T00:00:00Z","166690899","Hawthorn v Port Adelaide","e866e05c-99e3-4cc1-a975-4c163eaf7553","Round 19 v Port Adelaide","036695b3-12e6-43fb-a153-0dea34fd7c41","3e830db8-dfe4-4227-9646-13fbd419c2cd","Quarter 3","19","Round 19","Waverley","200","UTAS Stadium","Karl Amon","10","Hybrid","3525.26074","518.76998","9","350.81018","7.61958","111.9296215295375340","116.11029","133","38","0","1109.23999","1889.7200000286102","15.0000000000","10.0000000000","5.0000000000","2.0000000000","4.0000000000","2.0000000000","","18.0000000000","2.0000000000","1.0000000000","238.1348748978","5.0000000000","","1.0000000000","7648.0000000000"
"2025-07-19T00:00:00Z","166690899","Hawthorn v Port Adelaide","e866e05c-99e3-4cc1-a975-4c163eaf7553","Round 19 v Port Adelaide","036695b3-12e6-43fb-a153-0dea34fd7c41","b833765a-6d97-4d78-bf61-6f90988d9713","Quarter 2","19","Round 19","Waverley","200","UTAS Stadium","Karl Amon","10","Hybrid","3147.05322","329.8","10","325.68539","7.69816","101.3701505979468420","119.41052","177","53","0","1093.80005","1862.7099997997284","15.0000000000","10.0000000000","5.0000000000","2.0000000000","4.0000000000","2.0000000000","","18.0000000000","2.0000000000","1.0000000000","238.1348748978","5.0000000000","","1.0000000000","7648.0000000000"
"2025-07-19T00:00:00Z","166690899","Hawthorn v Port Adelaide","e866e05c-99e3-4cc1-a975-4c163eaf7553","Round 19 v Port Adelaide","036695b3-12e6-43fb-a153-0dea34fd7c41","dffad6df-0a4d-4999-abb3-b07de04e2fd8","Quarter 1","19","Round 19","Waverley","200","UTAS Stadium","Karl Amon","10","Hybrid","3676.02612","448.03","10","363.6806","7.87174","112.2987929118386340","114.46381","177","42","0","1235.30994","1964.0599999427795","15.0000000000","10.0000000000","5.0000000000","2.0000000000","4.0000000000","2.0000000000","","18.0000000000","2.0000000000","1.0000000000","238.1348748978","5.0000000000","","1.0000000000","7648.0000000000"
"2025-07-19T00:00:00Z","166690899","Hawthorn v Port Adelaide","e866e05c-99e3-4cc1-a975-4c163eaf7553","Round 19 v Port Adelaide","0325dfcd-afd9-4feb-9006-dd13f41ca9e6","dffad6df-0a4d-4999-abb3-b07de04e2fd8","Quarter 1","19","Round 19","Waverley","200","UTAS Stadium","Jack Gunston","19","Forward","3212.38379","181.57999","5","326.15323","7.29306","98.1349996464544560","103.59372","152","33","0","1248.17004","1964.0599999427795","13.0000000000","9.0000000000","4.0000000000","3.0000000000","1.0000000000","1.0000000000","1.0000000000","9.0000000000","","","113.5086031747","1.0000000000","3.0000000000","2.0000000000","7648.0000000000"
"2025-07-19T00:00:00Z","166690899","Hawthorn v Port Adelaide","e866e05c-99e3-4cc1-a975-4c163eaf7553","Round 19 v Port Adelaide","0325dfcd-afd9-4feb-9006-dd13f41ca9e6","7a877ec2-a258-4863-b093-183a1931e54a","Quarter 4","19","Round 19","Waverley","200","UTAS Stadium","Jack Gunston","19","Forward","2591.73926","210.97","4","260.46838","6.95626","80.8491026736743940","69.5161","112","32","0","881.81","1923.3900001049042","13.0000000000","9.0000000000","4.0000000000","3.0000000000","1.0000000000","1.0000000000","1.0000000000","9.0000000000","","","113.5086031747","1.0000000000","3.0000000000","2.0000000000","7648.0000000000"
"2025-07-19T00:00:00Z","166690899","Hawthorn v Port Adelaide","e866e05c-99e3-4cc1-a975-4c163eaf7553","Round 19 v Port Adelaide","0325dfcd-afd9-4feb-9006-dd13f41ca9e6","3e830db8-dfe4-4227-9646-13fbd419c2cd","Quarter 3","19","Round 19","Waverley","200","UTAS Stadium","Jack Gunston","19","Forward","2755.45313","286.53","6","273.15753","7.7178","87.4876636737172500","100.54153","124","34","0","1023.26001","1889.7200000286102","13.0000000000","9.0000000000","4.0000000000","3.0000000000","1.0000000000","1.0000000000","1.0000000000","9.0000000000","","","113.5086031747","1.0000000000","3.0000000000","2.0000000000","7648.0000000000"
"2025-07-19T00:00:00Z","166690899","Hawthorn v Port Adelaide","e866e05c-99e3-4cc1-a975-4c163eaf7553","Round 19 v Port Adelaide","0325dfcd-afd9-4feb-9006-dd13f41ca9e6","b833765a-6d97-4d78-bf61-6f90988d9713","Quarter 2","19","Round 19","Waverley","200","UTAS Stadium","Jack Gunston","19","Forward","2928.49023","204.62","8","290.89261","7.21561","94.3299890046714840","64.33235","126","37","0","1082.58997","1862.7099997997284","13.0000000000","9.0000000000","4.0000000000","3.0000000000","1.0000000000","1.0000000000","1.0000000000","9.0000000000","","","113.5086031747","1.0000000000","3.0000000000","2.0000000000","7648.0000000000"
"2025-07-19T00:00:00Z","166690899","Hawthorn v Port Adelaide","e866e05c-99e3-4cc1-a975-4c163eaf7553","Round 19 v Port Adelaide","dc9a9fa6-3f4c-464e-ae3c-ce8c25ab08d1","3e830db8-dfe4-4227-9646-13fbd419c2cd","Quarter 3","19","Round 19","Waverley","200","UTAS Stadium","Massimo D'Ambrosio","16","Hybrid","2522.25293","442.46999","12","267.34253","8.37071","80.0833857913917420","161","161","36","0","798.31","1889.7200000286102","26.0000000000","9.0000000000","17.0000000000","3.0000000000","3.0000000000","10.0000000000","2.0000000000","21.0000000000","2.0000000000","3.0000000000","337.5860373173","5.0000000000","","","7648.0000000000"
"2025-07-19T00:00:00Z","166690899","Hawthorn v Port Adelaide","e866e05c-99e3-4cc1-a975-4c163eaf7553","Round 19 v Port Adelaide","dc9a9fa6-3f4c-464e-ae3c-ce8c25ab08d1","b833765a-6d97-4d78-bf61-6f90988d9713","Quarter 2","19","Round 19","Waverley","200","UTAS Stadium","Massimo D'Ambrosio","16","Hybrid","3178.69189","361.02000000000004","11","337.51303","8.41935","102.3892680130056000","157.19392","173","63","0","1104.09009","1862.7099997997284","26.0000000000","9.0000000000","17.0000000000","3.0000000000","3.0000000000","10.0000000000","2.0000000000","21.0000000000","2.0000000000","3.0000000000","337.5860373173","5.0000000000","","","7648.0000000000"
"2025-07-19T00:00:00Z","166690899","Hawthorn v Port Adelaide","e866e05c-99e3-4cc1-a975-4c163eaf7553","Round 19 v Port Adelaide","dc9a9fa6-3f4c-464e-ae3c-ce8c25ab08d1","dffad6df-0a4d-4999-abb3-b07de04e2fd8","Quarter 1","19","Round 19","Waverley","200","UTAS Stadium","Massimo D'Ambrosio","16","Hybrid","2729.59619","454.53999000000005","13","271.36276","7.53518","83.3863381998367680","135.733","166","43","0","831.44","1964.0599999427795","26.0000000000","9.0000000000","17.0000000000","3.0000000000","3.0000000000","10.0000000000","2.0000000000","21.0000000000","2.0000000000","3.0000000000","337.5860373173","5.0000000000","","","7648.0000000000"
"2025-07-19T00:00:00Z","166690899","Hawthorn v Port Adelaide","e866e05c-99e3-4cc1-a975-4c163eaf7553","Round 19 v Port Adelaide","dc9a9fa6-3f4c-464e-ae3c-ce8c25ab08d1","7a877ec2-a258-4863-b093-183a1931e54a","Quarter 4","19","Round 19","Waverley","200","UTAS Stadium","Massimo D'Ambrosio","16","Hybrid","3395.12402","381.65001","9","363.95959","7.94489","105.9106271681195880","160","160","54","0","1167.93994","1923.3900001049042","26.0000000000","9.0000000000","17.0000000000","3.0000000000","3.0000000000","10.0000000000","2.0000000000","21.0000000000","2.0000000000","3.0000000000","337.5860373173","5.0000000000","","","7648.0000000000"
"2025-07-19T00:00:00Z","166690899","Hawthorn v Port Adelaide","e866e05c-99e3-4cc1-a975-4c163eaf7553","Round 19 v Port Adelaide","48b7449c-7b00-4728-8dcf-81959514acff","b833765a-6d97-4d78-bf61-6f90988d9713","Quarter 2","19","Round 19","Waverley","200","UTAS Stadium","Jarman Impey","04","Midfielder","3420.52954","436.50000000000006","11","355.62335","8.7577","110.1791327807687460","135.08111","184","35","0","1171.58997","1862.7099997997284","26.0000000000","18.0000000000","8.0000000000","5.0000000000","5.0000000000","","1.0000000000","13.0000000000","2.0000000000","4.0000000000","459.3590473238","5.0000000000","3.0000000000","2.0000000000","7648.0000000000"
"2025-07-19T00:00:00Z","166690899","Hawthorn v Port Adelaide","e866e05c-99e3-4cc1-a975-4c163eaf7553","Round 19 v Port Adelaide","48b7449c-7b00-4728-8dcf-81959514acff","dffad6df-0a4d-4999-abb3-b07de04e2fd8","Quarter 1","19","Round 19","Waverley","200","UTAS Stadium","Jarman Impey","04","Midfielder","2529.0083","320","10","267.4848","8.01712","77.2585857888357660","108.78819","178","35","0","887.14001","1964.0599999427795","26.0000000000","18.0000000000","8.0000000000","5.0000000000","5.0000000000","","1.0000000000","13.0000000000","2.0000000000","4.0000000000","459.3590473238","5.0000000000","3.0000000000","2.0000000000","7648.0000000000"
"2025-07-19T00:00:00Z","166690899","Hawthorn v Port Adelaide","e866e05c-99e3-4cc1-a975-4c163eaf7553","Round 19 v Port Adelaide","48b7449c-7b00-4728-8dcf-81959514acff","3e830db8-dfe4-4227-9646-13fbd419c2cd","Quarter 3","19","Round 19","Waverley","200","UTAS Stadium","Jarman Impey","04","Midfielder","3247.8418","410.75000000000006","10","348.47638","8.11659","103.1213661267540600","104.81295","143","33","0","1116.02002","1889.7200000286102","26.0000000000","18.0000000000","8.0000000000","5.0000000000","5.0000000000","","1.0000000000","13.0000000000","2.0000000000","4.0000000000","459.3590473238","5.0000000000","3.0000000000","2.0000000000","7648.0000000000"
"2025-07-19T00:00:00Z","166690899","Hawthorn v Port Adelaide","e866e05c-99e3-4cc1-a975-4c163eaf7553","Round 19 v Port Adelaide","48b7449c-7b00-4728-8dcf-81959514acff","7a877ec2-a258-4863-b093-183a1931e54a","Quarter 4","19","Round 19","Waverley","200","UTAS Stadium","Jarman Impey","04","Midfielder","3629.09277","507.28999","13","387.10547","7.68394","113.2092639496534080","126.56286","176","56","0","1012.81","1923.3900001049042","26.0000000000","18.0000000000","8.0000000000","5.0000000000","5.0000000000","","1.0000000000","13.0000000000","2.0000000000","4.0000000000","459.3590473238","5.0000000000","3.0000000000","2.0000000000","7648.0000000000"
"2025-07-19T00:00:00Z","166690899","Hawthorn v Port Adelaide","e866e05c-99e3-4cc1-a975-4c163eaf7553","Round 19 v Port Adelaide","036695b3-12e6-43fb-a153-0dea34fd7c41","7a877ec2-a258-4863-b093-183a1931e54a","Quarter 4","19","Round 19","Waverley","200","UTAS Stadium","Karl Amon","10","Hybrid","3246.97363","526.74","12","324.69373","7.32483","101.2890873870480480","104.95819","174","38","0","1138.77002","1923.3900001049042","22.0000000000","16.0000000000","6.0000000000","3.0000000000","4.0000000000","2.0000000000","1.0000000000","10.0000000000","4.0000000000","1.0000000000","543.5795864699","5.0000000000","","","7648.0000000000"
"2025-07-19T00:00:00Z","166690899","Hawthorn v Port Adelaide","e866e05c-99e3-4cc1-a975-4c163eaf7553","Round 19 v Port Adelaide","036695b3-12e6-43fb-a153-0dea34fd7c41","3e830db8-dfe4-4227-9646-13fbd419c2cd","Quarter 3","19","Round 19","Waverley","200","UTAS Stadium","Karl Amon","10","Hybrid","3525.26074","518.76998","9","350.81018","7.61958","111.9296215295375340","116.11029","133","38","0","1109.23999","1889.7200000286102","22.0000000000","16.0000000000","6.0000000000","3.0000000000","4.0000000000","2.0000000000","1.0000000000","10.0000000000","4.0000000000","1.0000000000","543.5795864699","5.0000000000","","","7648.0000000000"
"2025-07-19T00:00:00Z","166690899","Hawthorn v Port Adelaide","e866e05c-99e3-4cc1-a975-4c163eaf7553","Round 19 v Port Adelaide","036695b3-12e6-43fb-a153-0dea34fd7c41","b833765a-6d97-4d78-bf61-6f90988d9713","Quarter 2","19","Round 19","Waverley","200","UTAS Stadium","Karl Amon","10","Hybrid","3147.05322","329.8","10","325.68539","7.69816","101.3701505979468420","119.41052","177","53","0","1093.80005","1862.7099997997284","22.0000000000","16.0000000000","6.0000000000","3.0000000000","4.0000000000","2.0000000000","1.0000000000","10.0000000000","4.0000000000","1.0000000000","543.5795864699","5.0000000000","","","7648.0000000000"
"2025-07-19T00:00:00Z","166690899","Hawthorn v Port Adelaide","e866e05c-99e3-4cc1-a975-4c163eaf7553","Round 19 v Port Adelaide","036695b3-12e6-43fb-a153-0dea34fd7c41","dffad6df-0a4d-4999-abb3-b07de04e2fd8","Quarter 1","19","Round 19","Waverley","200","UTAS Stadium","Karl Amon","10","Hybrid","3676.02612","448.03","10","363.6806","7.87174","112.2987929118386340","114.46381","177","42","0","1235.30994","1964.0599999427795","22.0000000000","16.0000000000","6.0000000000","3.0000000000","4.0000000000","2.0000000000","1.0000000000","10.0000000000","4.0000000000","1.0000000000","543.5795864699","5.0000000000","","","7648.0000000000"
"2025-07-19T00:00:00Z","166690899","Hawthorn v Port Adelaide","e866e05c-99e3-4cc1-a975-4c163eaf7553","Round 19 v Port Adelaide","29708cec-1d8a-451d-a7da-18fca9557adc","dffad6df-0a4d-4999-abb3-b07de04e2fd8","Quarter 1","19","Round 19","Waverley","200","UTAS Stadium","James Sicily","06","Back","2992.29224","206.43","5","313.46521","7.55377","91.4114306106893940","29.85544","74","31","0","996.21997","1964.0599999427795","21.0000000000","13.0000000000","8.0000000000","6.0000000000","3.0000000000","","3.0000000000","7.0000000000","","3.0000000000","389.2655914368","3.0000000000","","","7648.0000000000"
"2025-07-19T00:00:00Z","166690899","Hawthorn v Port Adelaide","e866e05c-99e3-4cc1-a975-4c163eaf7553","Round 19 v Port Adelaide","29708cec-1d8a-451d-a7da-18fca9557adc","b833765a-6d97-4d78-bf61-6f90988d9713","Quarter 2","19","Round 19","Waverley","200","UTAS Stadium","James Sicily","06","Back","3650.51807","281.87","7","336.90308","8.11734","117.5873239653780780","0","0","39","0","1370","1862.7099997997284","21.0000000000","13.0000000000","8.0000000000","6.0000000000","3.0000000000","","3.0000000000","7.0000000000","","3.0000000000","389.2655914368","3.0000000000","","","7648.0000000000"
"2025-07-19T00:00:00Z","166690899","Hawthorn v Port Adelaide","e866e05c-99e3-4cc1-a975-4c163eaf7553","Round 19 v Port Adelaide","29708cec-1d8a-451d-a7da-18fca9557adc","3e830db8-dfe4-4227-9646-13fbd419c2cd","Quarter 3","19","Round 19","Waverley","200","UTAS Stadium","James Sicily","06","Back","3026.41309","402.57002000000006","10","288.07043","7.59607","96.0908417105448540","0","0","29","0","867.57001","1889.7200000286102","21.0000000000","13.0000000000","8.0000000000","6.0000000000","3.0000000000","","3.0000000000","7.0000000000","","3.0000000000","389.2655914368","3.0000000000","","","7648.0000000000"
"2025-07-19T00:00:00Z","166690899","Hawthorn v Port Adelaide","e866e05c-99e3-4cc1-a975-4c163eaf7553","Round 19 v Port Adelaide","29708cec-1d8a-451d-a7da-18fca9557adc","7a877ec2-a258-4863-b093-183a1931e54a","Quarter 4","19","Round 19","Waverley","200","UTAS Stadium","James Sicily","06","Back","3202.7334","398.94","6","289.53076","8.06316","99.9090168866008080","112.29871","167","27","0","1175.38","1923.3900001049042","21.0000000000","13.0000000000","8.0000000000","6.0000000000","3.0000000000","","3.0000000000","7.0000000000","","3.0000000000","389.2655914368","3.0000000000","","","7648.0000000000"
"2025-07-19T00:00:00Z","166690899","Hawthorn v Port Adelaide","e866e05c-99e3-4cc1-a975-4c163eaf7553","Round 19 v Port Adelaide","6c56e5bd-2cd0-47f8-993f-dcc1d1ebce45","7a877ec2-a258-4863-b093-183a1931e54a","Quarter 4","19","Round 19","Waverley","200","UTAS Stadium","Tom Barrass","37","Hybrid","3054.0918","121.24999999999999","3","264.30518","7.50526","95.2721538481564080","79.63472","112","27","0","1244.73999","1923.3900001049042","5.0000000000","3.0000000000","2.0000000000","4.0000000000","2.0000000000","","","7.0000000000","","3.0000000000","66.0096753594","1.0000000000","","","7648.0000000000"
"2025-07-19T00:00:00Z","166690899","Hawthorn v Port Adelaide","e866e05c-99e3-4cc1-a975-4c163eaf7553","Round 19 v Port Adelaide","6c56e5bd-2cd0-47f8-993f-dcc1d1ebce45","3e830db8-dfe4-4227-9646-13fbd419c2cd","Quarter 3","19","Round 19","Waverley","200","UTAS Stadium","Tom Barrass","37","Hybrid","3060.63623","159.82","3","258.56","7.34139","97.1774515786570140","75.6096","119","30","0","950.15002","1889.7200000286102","5.0000000000","3.0000000000","2.0000000000","4.0000000000","2.0000000000","","","7.0000000000","","3.0000000000","66.0096753594","1.0000000000","","","7648.0000000000"
"2025-07-19T00:00:00Z","166690899","Hawthorn v Port Adelaide","e866e05c-99e3-4cc1-a975-4c163eaf7553","Round 19 v Port Adelaide","6c56e5bd-2cd0-47f8-993f-dcc1d1ebce45","b833765a-6d97-4d78-bf61-6f90988d9713","Quarter 2","19","Round 19","Waverley","200","UTAS Stadium","Tom Barrass","37","Hybrid","2788.44873","130.39000000000001","5","247.53998","7.26818","89.8190935883676000","82.41419","117","32","0","987.33002","1862.7099997997284","5.0000000000","3.0000000000","2.0000000000","4.0000000000","2.0000000000","","","7.0000000000","","3.0000000000","66.0096753594","1.0000000000","","","7648.0000000000"
"2025-07-19T00:00:00Z","166690899","Hawthorn v Port Adelaide","e866e05c-99e3-4cc1-a975-4c163eaf7553","Round 19 v Port Adelaide","6c56e5bd-2cd0-47f8-993f-dcc1d1ebce45","dffad6df-0a4d-4999-abb3-b07de04e2fd8","Quarter 1","19","Round 19","Waverley","200","UTAS Stadium","Tom Barrass","37","Hybrid","3363.61523","67.71","4","298.95654","6.60899","102.7549635988104720","96.15125","152","41","0","1251.40002","1964.0599999427795","5.0000000000","3.0000000000","2.0000000000","4.0000000000","2.0000000000","","","7.0000000000","","3.0000000000","66.0096753594","1.0000000000","","","7648.0000000000"
"2025-07-19T00:00:00Z","166690899","Hawthorn v Port Adelaide","e866e05c-99e3-4cc1-a975-4c163eaf7553","Round 19 v Port Adelaide","020880cf-4cc3-45b8-ade5-ced73183435f","7a877ec2-a258-4863-b093-183a1931e54a","Quarter 4","19","Round 19","Waverley","200","UTAS Stadium","Jack Ginnivan","33","Hybrid","3634.7793","345.91001000000006","10","356.6272","7.68254","113.3866548064122540","151.40182","172","61","0","1249.69995","1923.3900001049042","12.0000000000","11.0000000000","1.0000000000","","1.0000000000","","","17.0000000000","2.0000000000","","251.1053693164","3.0000000000","","","7648.0000000000"
"2025-07-19T00:00:00Z","166690899","Hawthorn v Port Adelaide","e866e05c-99e3-4cc1-a975-4c163eaf7553","Round 19 v Port Adelaide","020880cf-4cc3-45b8-ade5-ced73183435f","3e830db8-dfe4-4227-9646-13fbd419c2cd","Quarter 3","19","Round 19","Waverley","200","UTAS Stadium","Jack Ginnivan","33","Hybrid","3178.19043","491.07","13","301.2879","7.53729","100.9098838966158720","117.6928","144","47","0","936.54999","1889.7200000286102","12.0000000000","11.0000000000","1.0000000000","","1.0000000000","","","17.0000000000","2.0000000000","","251.1053693164","3.0000000000","","","7648.0000000000"
"2025-07-19T00:00:00Z","166690899","Hawthorn v Port Adelaide","e866e05c-99e3-4cc1-a975-4c163eaf7553","Round 19 v Port Adelaide","020880cf-4cc3-45b8-ade5-ced73183435f","b833765a-6d97-4d78-bf61-6f90988d9713","Quarter 2","19","Round 19","Waverley","200","UTAS Stadium","Jack Ginnivan","33","Hybrid","3270.69189","589.23","17","304.9863","7.67346","105.3526922715286620","156.03987","167","56","0","920.90002","1862.7099997997284","12.0000000000","11.0000000000","1.0000000000","","1.0000000000","","","17.0000000000","2.0000000000","","251.1053693164","3.0000000000","","","7648.0000000000"
"2025-07-19T00:00:00Z","166690899","Hawthorn v Port Adelaide","e866e05c-99e3-4cc1-a975-4c163eaf7553","Round 19 v Port Adelaide","020880cf-4cc3-45b8-ade5-ced73183435f","dffad6df-0a4d-4999-abb3-b07de04e2fd8","Quarter 1","19","Round 19","Waverley","200","UTAS Stadium","Jack Ginnivan","33","Hybrid","2531.74805","184.38","5","236.99641","7.36226","77.3422823154208980","149.54858","172","41","0","916","1964.0599999427795","12.0000000000","11.0000000000","1.0000000000","","1.0000000000","","","17.0000000000","2.0000000000","","251.1053693164","3.0000000000","","","7648.0000000000"
"2025-07-19T00:00:00Z","166690899","Hawthorn v Port Adelaide","e866e05c-99e3-4cc1-a975-4c163eaf7553","Round 19 v Port Adelaide","d906015c-707c-4176-b45b-c0b21e435310","dffad6df-0a4d-4999-abb3-b07de04e2fd8","Quarter 1","19","Round 19","Waverley","200","UTAS Stadium","Josh Battle","24","Hybrid","4282.99121","384.28999000000005","12","440.06561","8.19994","130.8409481418524820","102.89468","130","72","0","1323.34998","1964.0599999427795","22.0000000000","13.0000000000","9.0000000000","1.0000000000","7.0000000000","10.0000000000","2.0000000000","20.0000000000","2.0000000000","6.0000000000","450.5264206956","5.0000000000","1.0000000000","","7648.0000000000"
"2025-07-19T00:00:00Z","166690899","Hawthorn v Port Adelaide","e866e05c-99e3-4cc1-a975-4c163eaf7553","Round 19 v Port Adelaide","d906015c-707c-4176-b45b-c0b21e435310","7a877ec2-a258-4863-b093-183a1931e54a","Quarter 4","19","Round 19","Waverley","200","UTAS Stadium","Josh Battle","24","Hybrid","4081.62402","168.82999999999998","6","396.15271","7.23731","127.3259407538996100","140.87916","181","55","0","1551.18994","1923.3900001049042","22.0000000000","13.0000000000","9.0000000000","1.0000000000","7.0000000000","10.0000000000","2.0000000000","20.0000000000","2.0000000000","6.0000000000","450.5264206956","5.0000000000","1.0000000000","","7648.0000000000"
"2025-07-19T00:00:00Z","166690899","Hawthorn v Port Adelaide","e866e05c-99e3-4cc1-a975-4c163eaf7553","Round 19 v Port Adelaide","d906015c-707c-4176-b45b-c0b21e435310","b833765a-6d97-4d78-bf61-6f90988d9713","Quarter 2","19","Round 19","Waverley","200","UTAS Stadium","Josh Battle","24","Hybrid","3275.23975","324.51998999999995","10","332.05426","7.53321","105.4991839959674280","112.92264","143","37","0","1125.12","1862.7099997997284","22.0000000000","13.0000000000","9.0000000000","1.0000000000","7.0000000000","10.0000000000","2.0000000000","20.0000000000","2.0000000000","6.0000000000","450.5264206956","5.0000000000","1.0000000000","","7648.0000000000"
"2025-07-19T00:00:00Z","166690899","Hawthorn v Port Adelaide","e866e05c-99e3-4cc1-a975-4c163eaf7553","Round 19 v Port Adelaide","d906015c-707c-4176-b45b-c0b21e435310","3e830db8-dfe4-4227-9646-13fbd419c2cd","Quarter 3","19","Round 19","Waverley","200","UTAS Stadium","Josh Battle","24","Hybrid","3793.18066","267.86999000000003","6","354.24121","7.79733","120.4362760602387120","115.02768","191","57","0","1158.93994","1889.7200000286102","22.0000000000","13.0000000000","9.0000000000","1.0000000000","7.0000000000","10.0000000000","2.0000000000","20.0000000000","2.0000000000","6.0000000000","450.5264206956","5.0000000000","1.0000000000","","7648.0000000000"
"2025-07-19T00:00:00Z","166690899","Hawthorn v Port Adelaide","e866e05c-99e3-4cc1-a975-4c163eaf7553","Round 19 v Port Adelaide","2ca83ae0-85a1-479e-bef1-d06af29b9200","3e830db8-dfe4-4227-9646-13fbd419c2cd","Quarter 3","19","Round 19","Waverley","200","UTAS Stadium","Blake Hardwick","15","Back","3560.71484","425.22","13","330.21191","7.75236","113.0553152830924500","102.45017","130","47","0","974.35999","1889.7200000286102","27.0000000000","22.0000000000","5.0000000000","8.0000000000","4.0000000000","1.0000000000","1.0000000000","12.0000000000","3.0000000000","10.0000000000","840.0533373087","7.0000000000","","","7648.0000000000"
"2025-07-19T00:00:00Z","166690899","Hawthorn v Port Adelaide","e866e05c-99e3-4cc1-a975-4c163eaf7553","Round 19 v Port Adelaide","2ca83ae0-85a1-479e-bef1-d06af29b9200","b833765a-6d97-4d78-bf61-6f90988d9713","Quarter 2","19","Round 19","Waverley","200","UTAS Stadium","Blake Hardwick","15","Back","3286.30273","229.36","4","301.74579","8.26818","105.8555351188321620","91","91","51","0","1074.67004","1862.7099997997284","27.0000000000","22.0000000000","5.0000000000","8.0000000000","4.0000000000","1.0000000000","1.0000000000","12.0000000000","3.0000000000","10.0000000000","840.0533373087","7.0000000000","","","7648.0000000000"
"2025-07-19T00:00:00Z","166690899","Hawthorn v Port Adelaide","e866e05c-99e3-4cc1-a975-4c163eaf7553","Round 19 v Port Adelaide","2ca83ae0-85a1-479e-bef1-d06af29b9200","dffad6df-0a4d-4999-abb3-b07de04e2fd8","Quarter 1","19","Round 19","Waverley","200","UTAS Stadium","Blake Hardwick","15","Back","3993.15039","234.17","6","379.93515","7.85455","121.9866111050477760","90.83767","91","60","0","1302.76001","1964.0599999427795","27.0000000000","22.0000000000","5.0000000000","8.0000000000","4.0000000000","1.0000000000","1.0000000000","12.0000000000","3.0000000000","10.0000000000","840.0533373087","7.0000000000","","","7648.0000000000"
"2025-07-19T00:00:00Z","166690899","Hawthorn v Port Adelaide","e866e05c-99e3-4cc1-a975-4c163eaf7553","Round 19 v Port Adelaide","2ca83ae0-85a1-479e-bef1-d06af29b9200","7a877ec2-a258-4863-b093-183a1931e54a","Quarter 4","19","Round 19","Waverley","200","UTAS Stadium","Blake Hardwick","15","Back","3751.32031","206.38","7","340.7627","7.42357","117.0221424608238000","82.44485","172","48","0","1382.10999","1923.3900001049042","27.0000000000","22.0000000000","5.0000000000","8.0000000000","4.0000000000","1.0000000000","1.0000000000","12.0000000000","3.0000000000","10.0000000000","840.0533373087","7.0000000000","","","7648.0000000000"
"2025-07-19T00:00:00Z","166690899","Hawthorn v Port Adelaide","e866e05c-99e3-4cc1-a975-4c163eaf7553","Round 19 v Port Adelaide","131ea882-7562-4a3d-a0e0-ddd0ca763ee2","dffad6df-0a4d-4999-abb3-b07de04e2fd8","Quarter 1","19","Round 19","Waverley","200","UTAS Stadium","Jack Scrimshaw","14","Hybrid","2933.46509","333.21","9","261.52005","8.01468","89.6143220701647480","138.02876","157","43","0","855.92999","1964.0599999427795","18.0000000000","9.0000000000","9.0000000000","2.0000000000","5.0000000000","","1.0000000000","6.0000000000","1.0000000000","3.0000000000","281.3927774015","2.0000000000","","","7648.0000000000"
"2025-07-19T00:00:00Z","166690899","Hawthorn v Port Adelaide","e866e05c-99e3-4cc1-a975-4c163eaf7553","Round 19 v Port Adelaide","131ea882-7562-4a3d-a0e0-ddd0ca763ee2","b833765a-6d97-4d78-bf61-6f90988d9713","Quarter 2","19","Round 19","Waverley","200","UTAS Stadium","Jack Scrimshaw","14","Hybrid","3425.35718","296.19001","11","301.96405","7.45145","110.3346365360667480","151.22227","174","55","0","1166.14001","1862.7099997997284","18.0000000000","9.0000000000","9.0000000000","2.0000000000","5.0000000000","","1.0000000000","6.0000000000","1.0000000000","3.0000000000","281.3927774015","2.0000000000","","","7648.0000000000"
"2025-07-19T00:00:00Z","166690899","Hawthorn v Port Adelaide","e866e05c-99e3-4cc1-a975-4c163eaf7553","Round 19 v Port Adelaide","131ea882-7562-4a3d-a0e0-ddd0ca763ee2","3e830db8-dfe4-4227-9646-13fbd419c2cd","Quarter 3","19","Round 19","Waverley","200","UTAS Stadium","Jack Scrimshaw","14","Hybrid","2366.34326","199.87","5","206.04596","8.11709","75.1331390882513940","152.38053","156","34","0","846.02002","1889.7200000286102","18.0000000000","9.0000000000","9.0000000000","2.0000000000","5.0000000000","","1.0000000000","6.0000000000","1.0000000000","3.0000000000","281.3927774015","2.0000000000","","","7648.0000000000"
"2025-07-19T00:00:00Z","166690899","Hawthorn v Port Adelaide","e866e05c-99e3-4cc1-a975-4c163eaf7553","Round 19 v Port Adelaide","131ea882-7562-4a3d-a0e0-ddd0ca763ee2","7a877ec2-a258-4863-b093-183a1931e54a","Quarter 4","19","Round 19","Waverley","200","UTAS Stadium","Jack Scrimshaw","14","Hybrid","2873.09961","147.23000000000002","5","259.11646","7.65011","89.6261166953128800","144.1654","156","35","0","1178.06006","1923.3900001049042","18.0000000000","9.0000000000","9.0000000000","2.0000000000","5.0000000000","","1.0000000000","6.0000000000","1.0000000000","3.0000000000","281.3927774015","2.0000000000","","","7648.0000000000"
"2025-07-19T00:00:00Z","166690899","Hawthorn v Port Adelaide","e866e05c-99e3-4cc1-a975-4c163eaf7553","Round 19 v Port Adelaide","d906015c-707c-4176-b45b-c0b21e435310","7a877ec2-a258-4863-b093-183a1931e54a","Quarter 4","19","Round 19","Waverley","200","UTAS Stadium","Josh Battle","24","Hybrid","4081.62402","168.82999999999998","6","396.15271","7.23731","127.3259407538996100","140.87916","181","55","0","1551.18994","1923.3900001049042","17.0000000000","11.0000000000","6.0000000000","2.0000000000","3.0000000000","2.0000000000","1.0000000000","13.0000000000","2.0000000000","1.0000000000","219.1042642641","3.0000000000","","","7648.0000000000"
"2025-07-19T00:00:00Z","166690899","Hawthorn v Port Adelaide","e866e05c-99e3-4cc1-a975-4c163eaf7553","Round 19 v Port Adelaide","d906015c-707c-4176-b45b-c0b21e435310","3e830db8-dfe4-4227-9646-13fbd419c2cd","Quarter 3","19","Round 19","Waverley","200","UTAS Stadium","Josh Battle","24","Hybrid","3793.18066","267.86999000000003","6","354.24121","7.79733","120.4362760602387120","115.02768","191","57","0","1158.93994","1889.7200000286102","17.0000000000","11.0000000000","6.0000000000","2.0000000000","3.0000000000","2.0000000000","1.0000000000","13.0000000000","2.0000000000","1.0000000000","219.1042642641","3.0000000000","","","7648.0000000000"
"2025-07-19T00:00:00Z","166690899","Hawthorn v Port Adelaide","e866e05c-99e3-4cc1-a975-4c163eaf7553","Round 19 v Port Adelaide","d906015c-707c-4176-b45b-c0b21e435310","b833765a-6d97-4d78-bf61-6f90988d9713","Quarter 2","19","Round 19","Waverley","200","UTAS Stadium","Josh Battle","24","Hybrid","3275.23975","324.51998999999995","10","332.05426","7.53321","105.4991839959674280","112.92264","143","37","0","1125.12","1862.7099997997284","17.0000000000","11.0000000000","6.0000000000","2.0000000000","3.0000000000","2.0000000000","1.0000000000","13.0000000000","2.0000000000","1.0000000000","219.1042642641","3.0000000000","","","7648.0000000000"
"2025-07-19T00:00:00Z","166690899","Hawthorn v Port Adelaide","e866e05c-99e3-4cc1-a975-4c163eaf7553","Round 19 v Port Adelaide","d906015c-707c-4176-b45b-c0b21e435310","dffad6df-0a4d-4999-abb3-b07de04e2fd8","Quarter 1","19","Round 19","Waverley","200","UTAS Stadium","Josh Battle","24","Hybrid","4282.99121","384.28999000000005","12","440.06561","8.19994","130.8409481418524820","102.89468","130","72","0","1323.34998","1964.0599999427795","17.0000000000","11.0000000000","6.0000000000","2.0000000000","3.0000000000","2.0000000000","1.0000000000","13.0000000000","2.0000000000","1.0000000000","219.1042642641","3.0000000000","","","7648.0000000000"
"2025-07-19T00:00:00Z","166690899","Hawthorn v Port Adelaide","e866e05c-99e3-4cc1-a975-4c163eaf7553","Round 19 v Port Adelaide","35159eb5-300f-48c1-b664-b6b12ef66fda","3e830db8-dfe4-4227-9646-13fbd419c2cd","Quarter 3","19","Round 19","Waverley","200","UTAS Stadium","Mitch Lewis","02","Back","2375.1084","149.10999999999999","3","193.64734","7.1681","75.4114387305222300","143","143","31","0","780.34998","1889.7200000286102","7.0000000000","4.0000000000","3.0000000000","","2.0000000000","1.0000000000","","9.0000000000","2.0000000000","","108.3322360581","3.0000000000","","1.0000000000","7648.0000000000"
"2025-07-19T00:00:00Z","166690899","Hawthorn v Port Adelaide","e866e05c-99e3-4cc1-a975-4c163eaf7553","Round 19 v Port Adelaide","35159eb5-300f-48c1-b664-b6b12ef66fda","b833765a-6d97-4d78-bf61-6f90988d9713","Quarter 2","19","Round 19","Waverley","200","UTAS Stadium","Mitch Lewis","02","Back","3251.15674","314.97","7","267.0867","7.6517","104.7234429519211980","143","143","60","0","869.06","1862.7099997997284","7.0000000000","4.0000000000","3.0000000000","","2.0000000000","1.0000000000","","9.0000000000","2.0000000000","","108.3322360581","3.0000000000","","1.0000000000","7648.0000000000"
"2025-07-19T00:00:00Z","166690899","Hawthorn v Port Adelaide","e866e05c-99e3-4cc1-a975-4c163eaf7553","Round 19 v Port Adelaide","35159eb5-300f-48c1-b664-b6b12ef66fda","dffad6df-0a4d-4999-abb3-b07de04e2fd8","Quarter 1","19","Round 19","Waverley","200","UTAS Stadium","Mitch Lewis","02","Back","3240.22827","351.04999","8","273.48773","7.91552","98.9856196886368080","139.19357","155","53","0","993.38","1964.0599999427795","7.0000000000","4.0000000000","3.0000000000","","2.0000000000","1.0000000000","","9.0000000000","2.0000000000","","108.3322360581","3.0000000000","","1.0000000000","7648.0000000000"
"2025-07-19T00:00:00Z","166690899","Hawthorn v Port Adelaide","e866e05c-99e3-4cc1-a975-4c163eaf7553","Round 19 v Port Adelaide","28405012-6960-46d6-9664-4d4f08217ee7","dffad6df-0a4d-4999-abb3-b07de04e2fd8","Quarter 1","19","Round 19","Waverley","200","UTAS Stadium","Harry Morrison","01","Back","4232.30127","582.88001","14","405.97284","7.82414","129.2924229440028180","107.26076","170","55","0","1291.38","1964.0599999427795","21.0000000000","16.0000000000","5.0000000000","1.0000000000","2.0000000000","2.0000000000","2.0000000000","11.0000000000","3.0000000000","3.0000000000","399.1764761654","9.0000000000","","","7648.0000000000"
"2025-07-19T00:00:00Z","166690899","Hawthorn v Port Adelaide","e866e05c-99e3-4cc1-a975-4c163eaf7553","Round 19 v Port Adelaide","28405012-6960-46d6-9664-4d4f08217ee7","7a877ec2-a258-4863-b093-183a1931e54a","Quarter 4","19","Round 19","Waverley","200","UTAS Stadium","Harry Morrison","01","Back","3535.19336","329.84","8","344.22937","7.20628","110.2800792290857080","121.40555","147","43","0","1247.02002","1923.3900001049042","21.0000000000","16.0000000000","5.0000000000","1.0000000000","2.0000000000","2.0000000000","2.0000000000","11.0000000000","3.0000000000","3.0000000000","399.1764761654","9.0000000000","","","7648.0000000000"
"2025-07-19T00:00:00Z","166690899","Hawthorn v Port Adelaide","e866e05c-99e3-4cc1-a975-4c163eaf7553","Round 19 v Port Adelaide","28405012-6960-46d6-9664-4d4f08217ee7","3e830db8-dfe4-4227-9646-13fbd419c2cd","Quarter 3","19","Round 19","Waverley","200","UTAS Stadium","Harry Morrison","01","Back","3909.32031","546.3599899999999","14","371.4859","8.25824","124.1237953752136800","97.69613","132","41","0","1304.47998","1889.7200000286102","21.0000000000","16.0000000000","5.0000000000","1.0000000000","2.0000000000","2.0000000000","2.0000000000","11.0000000000","3.0000000000","3.0000000000","399.1764761654","9.0000000000","","","7648.0000000000"
"2025-07-19T00:00:00Z","166690899","Hawthorn v Port Adelaide","e866e05c-99e3-4cc1-a975-4c163eaf7553","Round 19 v Port Adelaide","28405012-6960-46d6-9664-4d4f08217ee7","b833765a-6d97-4d78-bf61-6f90988d9713","Quarter 2","19","Round 19","Waverley","200","UTAS Stadium","Harry Morrison","01","Back","3277.37061","281.88999","8","312.70276","7.42929","105.5678214113534760","108.52401","151","38","0","1173.40002","1862.7099997997284","21.0000000000","16.0000000000","5.0000000000","1.0000000000","2.0000000000","2.0000000000","2.0000000000","11.0000000000","3.0000000000","3.0000000000","399.1764761654","9.0000000000","","","7648.0000000000"
"2025-07-19T00:00:00Z","166690899","Hawthorn v Port Adelaide","e866e05c-99e3-4cc1-a975-4c163eaf7553","Round 19 v Port Adelaide","78eb8442-e99a-445f-8154-59b764e0c73a","7a877ec2-a258-4863-b093-183a1931e54a","Quarter 4","19","Round 19","Waverley","200","UTAS Stadium","Lloyd Meek","17","Hybrid","3107.21387","6.55","0","322.8667","5.71131","96.9292926498690900","78.4762","159","35","0","1142.41003","1923.3900001049042","12.0000000000","4.0000000000","8.0000000000","1.0000000000","4.0000000000","5.0000000000","1.0000000000","17.0000000000","3.0000000000","1.0000000000","177.3615411637","1.0000000000","","","7648.0000000000"
"2025-07-19T00:00:00Z","166690899","Hawthorn v Port Adelaide","e866e05c-99e3-4cc1-a975-4c163eaf7553","Round 19 v Port Adelaide","78eb8442-e99a-445f-8154-59b764e0c73a","b833765a-6d97-4d78-bf61-6f90988d9713","Quarter 2","19","Round 19","Waverley","200","UTAS Stadium","Lloyd Meek","17","Hybrid","3173.71045","60.3","1","353.6398","6.15396","102.2288101854145440","115.31415","136","39","0","1254.90002","1862.7099997997284","12.0000000000","4.0000000000","8.0000000000","1.0000000000","4.0000000000","5.0000000000","1.0000000000","17.0000000000","3.0000000000","1.0000000000","177.3615411637","1.0000000000","","","7648.0000000000"
"2025-07-19T00:00:00Z","166690899","Hawthorn v Port Adelaide","e866e05c-99e3-4cc1-a975-4c163eaf7553","Round 19 v Port Adelaide","78eb8442-e99a-445f-8154-59b764e0c73a","dffad6df-0a4d-4999-abb3-b07de04e2fd8","Quarter 1","19","Round 19","Waverley","200","UTAS Stadium","Lloyd Meek","17","Hybrid","3083.99292","171.82","4","328.57971","6.77864","94.2127914653273820","89.99597","111","35","0","1161.30005","1964.0599999427795","12.0000000000","4.0000000000","8.0000000000","1.0000000000","4.0000000000","5.0000000000","1.0000000000","17.0000000000","3.0000000000","1.0000000000","177.3615411637","1.0000000000","","","7648.0000000000"
"2025-07-19T00:00:00Z","166690899","Hawthorn v Port Adelaide","e866e05c-99e3-4cc1-a975-4c163eaf7553","Round 19 v Port Adelaide","78eb8442-e99a-445f-8154-59b764e0c73a","3e830db8-dfe4-4227-9646-13fbd419c2cd","Quarter 3","19","Round 19","Waverley","200","UTAS Stadium","Lloyd Meek","17","Hybrid","3340.56982","88.68","2","353.89215","6.31448","106.0655489686119840","114.3066","169","39","0","1199.71997","1889.7200000286102","12.0000000000","4.0000000000","8.0000000000","1.0000000000","4.0000000000","5.0000000000","1.0000000000","17.0000000000","3.0000000000","1.0000000000","177.3615411637","1.0000000000","","","7648.0000000000"
"2025-07-19T00:00:00Z","166690899","Hawthorn v Port Adelaide","e866e05c-99e3-4cc1-a975-4c163eaf7553","Round 19 v Port Adelaide","d15ed9ce-f683-4f0e-b12f-c87e4029f11e","dffad6df-0a4d-4999-abb3-b07de04e2fd8","Quarter 1","19","Round 19","Waverley","200","UTAS Stadium","Nick Watson","05","Hybrid","3385.59521","407.44001","11","332.8093","8.05724","103.4264292363360120","109.93503","182","43","0","1167.27002","1964.0599999427795","26.0000000000","19.0000000000","7.0000000000","2.0000000000","7.0000000000","9.0000000000","1.0000000000","26.0000000000","6.0000000000","4.0000000000","481.5126138256","8.0000000000","","","7648.0000000000"
"2025-07-19T00:00:00Z","166690899","Hawthorn v Port Adelaide","e866e05c-99e3-4cc1-a975-4c163eaf7553","Round 19 v Port Adelaide","d15ed9ce-f683-4f0e-b12f-c87e4029f11e","b833765a-6d97-4d78-bf61-6f90988d9713","Quarter 2","19","Round 19","Waverley","200","UTAS Stadium","Nick Watson","05","Hybrid","2661.70801","340.78001","10","264.27975","8.86619","85.7366313689037000","122.59634","173","33","0","745.95001","1862.7099997997284","26.0000000000","19.0000000000","7.0000000000","2.0000000000","7.0000000000","9.0000000000","1.0000000000","26.0000000000","6.0000000000","4.0000000000","481.5126138256","8.0000000000","","","7648.0000000000"
"2025-07-19T00:00:00Z","166690899","Hawthorn v Port Adelaide","e866e05c-99e3-4cc1-a975-4c163eaf7553","Round 19 v Port Adelaide","d15ed9ce-f683-4f0e-b12f-c87e4029f11e","3e830db8-dfe4-4227-9646-13fbd419c2cd","Quarter 3","19","Round 19","Waverley","200","UTAS Stadium","Nick Watson","05","Hybrid","2729.98633","360.76","10","264.1734","8.78695","86.6790740414030100","109.30872","128","26","0","971.17999","1889.7200000286102","26.0000000000","19.0000000000","7.0000000000","2.0000000000","7.0000000000","9.0000000000","1.0000000000","26.0000000000","6.0000000000","4.0000000000","481.5126138256","8.0000000000","","","7648.0000000000"
"2025-07-19T00:00:00Z","166690899","Hawthorn v Port Adelaide","e866e05c-99e3-4cc1-a975-4c163eaf7553","Round 19 v Port Adelaide","d15ed9ce-f683-4f0e-b12f-c87e4029f11e","7a877ec2-a258-4863-b093-183a1931e54a","Quarter 4","19","Round 19","Waverley","200","UTAS Stadium","Nick Watson","05","Hybrid","2498.23438","357.39000999999996","10","237.1438","8.09642","77.9322252854723100","84.60707","174","32","0","891.04999","1923.3900001049042","26.0000000000","19.0000000000","7.0000000000","2.0000000000","7.0000000000","9.0000000000","1.0000000000","26.0000000000","6.0000000000","4.0000000000","481.5126138256","8.0000000000","","","7648.0000000000"
"2025-07-19T00:00:00Z","166690899","Hawthorn v Port Adelaide","e866e05c-99e3-4cc1-a975-4c163eaf7553","Round 19 v Port Adelaide","29708cec-1d8a-451d-a7da-18fca9557adc","7a877ec2-a258-4863-b093-183a1931e54a","Quarter 4","19","Round 19","Waverley","200","UTAS Stadium","James Sicily","06","Back","3202.7334","398.94","6","289.53076","8.06316","99.9090168866008080","112.29871","167","27","0","1175.38","1923.3900001049042","25.0000000000","22.0000000000","3.0000000000","2.0000000000","5.0000000000","3.0000000000","1.0000000000","20.0000000000","5.0000000000","7.0000000000","808.5525754542","3.0000000000","","","7648.0000000000"
"2025-07-19T00:00:00Z","166690899","Hawthorn v Port Adelaide","e866e05c-99e3-4cc1-a975-4c163eaf7553","Round 19 v Port Adelaide","29708cec-1d8a-451d-a7da-18fca9557adc","3e830db8-dfe4-4227-9646-13fbd419c2cd","Quarter 3","19","Round 19","Waverley","200","UTAS Stadium","James Sicily","06","Back","3026.41309","402.57002000000006","10","288.07043","7.59607","96.0908417105448540","0","0","29","0","867.57001","1889.7200000286102","25.0000000000","22.0000000000","3.0000000000","2.0000000000","5.0000000000","3.0000000000","1.0000000000","20.0000000000","5.0000000000","7.0000000000","808.5525754542","3.0000000000","","","7648.0000000000"
"2025-07-19T00:00:00Z","166690899","Hawthorn v Port Adelaide","e866e05c-99e3-4cc1-a975-4c163eaf7553","Round 19 v Port Adelaide","29708cec-1d8a-451d-a7da-18fca9557adc","b833765a-6d97-4d78-bf61-6f90988d9713","Quarter 2","19","Round 19","Waverley","200","UTAS Stadium","James Sicily","06","Back","3650.51807","281.87","7","336.90308","8.11734","117.5873239653780780","0","0","39","0","1370","1862.7099997997284","25.0000000000","22.0000000000","3.0000000000","2.0000000000","5.0000000000","3.0000000000","1.0000000000","20.0000000000","5.0000000000","7.0000000000","808.5525754542","3.0000000000","","","7648.0000000000"
"2025-07-19T00:00:00Z","166690899","Hawthorn v Port Adelaide","e866e05c-99e3-4cc1-a975-4c163eaf7553","Round 19 v Port Adelaide","29708cec-1d8a-451d-a7da-18fca9557adc","dffad6df-0a4d-4999-abb3-b07de04e2fd8","Quarter 1","19","Round 19","Waverley","200","UTAS Stadium","James Sicily","06","Back","2992.29224","206.43","5","313.46521","7.55377","91.4114306106893940","29.85544","74","31","0","996.21997","1964.0599999427795","25.0000000000","22.0000000000","3.0000000000","2.0000000000","5.0000000000","3.0000000000","1.0000000000","20.0000000000","5.0000000000","7.0000000000","808.5525754542","3.0000000000","","","7648.0000000000"
"2025-07-19T00:00:00Z","166690899","Hawthorn v Port Adelaide","e866e05c-99e3-4cc1-a975-4c163eaf7553","Round 19 v Port Adelaide","2794f857-7792-4f4b-b5fc-204ce195a191","7a877ec2-a258-4863-b093-183a1931e54a","Quarter 4","19","Round 19","Waverley","200","UTAS Stadium","Josh Ward","25","Hybrid","3576.38086","183.41998999999998","3","350.65759","6.89765","111.5649200569288440","89.77","159","50","0","1449.27002","1923.3900001049042","14.0000000000","6.0000000000","8.0000000000","2.0000000000","1.0000000000","","","12.0000000000","","4.0000000000","122.6851493858","7.0000000000","","","7648.0000000000"
"2025-07-19T00:00:00Z","166690899","Hawthorn v Port Adelaide","e866e05c-99e3-4cc1-a975-4c163eaf7553","Round 19 v Port Adelaide","2794f857-7792-4f4b-b5fc-204ce195a191","3e830db8-dfe4-4227-9646-13fbd419c2cd","Quarter 3","19","Round 19","Waverley","200","UTAS Stadium","Josh Ward","25","Hybrid","3666.4248","402.45001","8","344.99811","7.40904","116.4116842689231420","0","0","47","0","1343.04004","1889.7200000286102","14.0000000000","6.0000000000","8.0000000000","2.0000000000","1.0000000000","","","12.0000000000","","4.0000000000","122.6851493858","7.0000000000","","","7648.0000000000"
"2025-07-19T00:00:00Z","166690899","Hawthorn v Port Adelaide","e866e05c-99e3-4cc1-a975-4c163eaf7553","Round 19 v Port Adelaide","2794f857-7792-4f4b-b5fc-204ce195a191","b833765a-6d97-4d78-bf61-6f90988d9713","Quarter 2","19","Round 19","Waverley","200","UTAS Stadium","Josh Ward","25","Hybrid","3757.32227","455.25001","10","352.64624","8.40465","121.0276082826840420","15.49528","16","56","0","1339.08008","1862.7099997997284","14.0000000000","6.0000000000","8.0000000000","2.0000000000","1.0000000000","","","12.0000000000","","4.0000000000","122.6851493858","7.0000000000","","","7648.0000000000"
"2025-07-19T00:00:00Z","166690899","Hawthorn v Port Adelaide","e866e05c-99e3-4cc1-a975-4c163eaf7553","Round 19 v Port Adelaide","2794f857-7792-4f4b-b5fc-204ce195a191","dffad6df-0a4d-4999-abb3-b07de04e2fd8","Quarter 1","19","Round 19","Waverley","200","UTAS Stadium","Josh Ward","25","Hybrid","3740.1084","427.24998999999997","9","349.87006","7.23861","114.2564402342788980","98.01883","119","62","0","1305.93005","1964.0599999427795","14.0000000000","6.0000000000","8.0000000000","2.0000000000","1.0000000000","","","12.0000000000","","4.0000000000","122.6851493858","7.0000000000","","","7648.0000000000"
"2025-07-19T00:00:00Z","166690899","Hawthorn v Port Adelaide","e866e05c-99e3-4cc1-a975-4c163eaf7553","Round 19 v Port Adelaide","dc9a9fa6-3f4c-464e-ae3c-ce8c25ab08d1","7a877ec2-a258-4863-b093-183a1931e54a","Quarter 4","19","Round 19","Waverley","200","UTAS Stadium","Massimo D'Ambrosio","16","Hybrid","3395.12402","381.65001","9","363.95959","7.94489","105.9106271681195880","160","160","54","0","1167.93994","1923.3900001049042","17.0000000000","11.0000000000","6.0000000000","2.0000000000","4.0000000000","2.0000000000","","14.0000000000","4.0000000000","","199.6181781975","4.0000000000","","","7648.0000000000"
"2025-07-19T00:00:00Z","166690899","Hawthorn v Port Adelaide","e866e05c-99e3-4cc1-a975-4c163eaf7553","Round 19 v Port Adelaide","dc9a9fa6-3f4c-464e-ae3c-ce8c25ab08d1","3e830db8-dfe4-4227-9646-13fbd419c2cd","Quarter 3","19","Round 19","Waverley","200","UTAS Stadium","Massimo D'Ambrosio","16","Hybrid","2522.25293","442.46999","12","267.34253","8.37071","80.0833857913917420","161","161","36","0","798.31","1889.7200000286102","17.0000000000","11.0000000000","6.0000000000","2.0000000000","4.0000000000","2.0000000000","","14.0000000000","4.0000000000","","199.6181781975","4.0000000000","","","7648.0000000000"
"2025-07-19T00:00:00Z","166690899","Hawthorn v Port Adelaide","e866e05c-99e3-4cc1-a975-4c163eaf7553","Round 19 v Port Adelaide","dc9a9fa6-3f4c-464e-ae3c-ce8c25ab08d1","b833765a-6d97-4d78-bf61-6f90988d9713","Quarter 2","19","Round 19","Waverley","200","UTAS Stadium","Massimo D'Ambrosio","16","Hybrid","3178.69189","361.02000000000004","11","337.51303","8.41935","102.3892680130056000","157.19392","173","63","0","1104.09009","1862.7099997997284","17.0000000000","11.0000000000","6.0000000000","2.0000000000","4.0000000000","2.0000000000","","14.0000000000","4.0000000000","","199.6181781975","4.0000000000","","","7648.0000000000"
"2025-07-19T00:00:00Z","166690899","Hawthorn v Port Adelaide","e866e05c-99e3-4cc1-a975-4c163eaf7553","Round 19 v Port Adelaide","dc9a9fa6-3f4c-464e-ae3c-ce8c25ab08d1","dffad6df-0a4d-4999-abb3-b07de04e2fd8","Quarter 1","19","Round 19","Waverley","200","UTAS Stadium","Massimo D'Ambrosio","16","Hybrid","2729.59619","454.53999000000005","13","271.36276","7.53518","83.3863381998367680","135.733","166","43","0","831.44","1964.0599999427795","17.0000000000","11.0000000000","6.0000000000","2.0000000000","4.0000000000","2.0000000000","","14.0000000000","4.0000000000","","199.6181781975","4.0000000000","","","7648.0000000000"
"2025-07-19T00:00:00Z","166690899","Hawthorn v Port Adelaide","e866e05c-99e3-4cc1-a975-4c163eaf7553","Round 19 v Port Adelaide","7381a6b2-b11c-4f42-85df-1b3b97b11693","dffad6df-0a4d-4999-abb3-b07de04e2fd8","Quarter 1","19","Round 19","Waverley","200","UTAS Stadium","Connor Macdonald","09","Hybrid","3402.36206","394.63000999999997","11","362.11646","7.24926","103.9386391484717460","111.01423","140","54","0","1140.29004","1964.0599999427795","18.0000000000","11.0000000000","7.0000000000","3.0000000000","5.0000000000","6.0000000000","2.0000000000","18.0000000000","4.0000000000","1.0000000000","367.5147707939","4.0000000000","","1.0000000000","7648.0000000000"
"2025-07-19T00:00:00Z","166690899","Hawthorn v Port Adelaide","e866e05c-99e3-4cc1-a975-4c163eaf7553","Round 19 v Port Adelaide","7381a6b2-b11c-4f42-85df-1b3b97b11693","b833765a-6d97-4d78-bf61-6f90988d9713","Quarter 2","19","Round 19","Waverley","200","UTAS Stadium","Connor Macdonald","09","Hybrid","3339.10156","459.59000000000003","12","337.97275","7.56911","107.5562452671325440","92.31939","94","46","0","1009.26001","1862.7099997997284","18.0000000000","11.0000000000","7.0000000000","3.0000000000","5.0000000000","6.0000000000","2.0000000000","18.0000000000","4.0000000000","1.0000000000","367.5147707939","4.0000000000","","1.0000000000","7648.0000000000"
"2025-07-19T00:00:00Z","166690899","Hawthorn v Port Adelaide","e866e05c-99e3-4cc1-a975-4c163eaf7553","Round 19 v Port Adelaide","7381a6b2-b11c-4f42-85df-1b3b97b11693","3e830db8-dfe4-4227-9646-13fbd419c2cd","Quarter 3","19","Round 19","Waverley","200","UTAS Stadium","Connor Macdonald","09","Hybrid","3339.69922","477.97","9","325.22656","7.73399","106.0379067782349960","94.95023","95","40","0","1028.12","1889.7200000286102","18.0000000000","11.0000000000","7.0000000000","3.0000000000","5.0000000000","6.0000000000","2.0000000000","18.0000000000","4.0000000000","1.0000000000","367.5147707939","4.0000000000","","1.0000000000","7648.0000000000"
"2025-07-19T00:00:00Z","166690899","Hawthorn v Port Adelaide","e866e05c-99e3-4cc1-a975-4c163eaf7553","Round 19 v Port Adelaide","7381a6b2-b11c-4f42-85df-1b3b97b11693","7a877ec2-a258-4863-b093-183a1931e54a","Quarter 4","19","Round 19","Waverley","200","UTAS Stadium","Connor Macdonald","09","Hybrid","3734.6709","548.3","15","367.6947","7.42584","116.5027654234338180","44.20649","152","46","0","1229.62","1923.3900001049042","18.0000000000","11.0000000000","7.0000000000","3.0000000000","5.0000000000","6.0000000000","2.0000000000","18.0000000000","4.0000000000","1.0000000000","367.5147707939","4.0000000000","","1.0000000000","7648.0000000000"
"2025-07-19T00:00:00Z","166690899","Hawthorn v Port Adelaide","e866e05c-99e3-4cc1-a975-4c163eaf7553","Round 19 v Port Adelaide","8abef924-5203-4e6c-967d-b809d768e3b4","7a877ec2-a258-4863-b093-183a1931e54a","Quarter 4","19","Round 19","Waverley","200","UTAS Stadium","Calsher Dear","13","Hybrid","3472.9541","485.56999","10","294.91077","7.50971","108.3385304013407760","0","0","45","0","1103.70996","1923.3900001049042","32.0000000000","25.0000000000","7.0000000000","2.0000000000","9.0000000000","6.0000000000","","29.0000000000","8.0000000000","","523.1731612808","9.0000000000","2.0000000000","","7648.0000000000"
"2025-07-19T00:00:00Z","166690899","Hawthorn v Port Adelaide","e866e05c-99e3-4cc1-a975-4c163eaf7553","Round 19 v Port Adelaide","8abef924-5203-4e6c-967d-b809d768e3b4","3e830db8-dfe4-4227-9646-13fbd419c2cd","Quarter 3","19","Round 19","Waverley","200","UTAS Stadium","Calsher Dear","13","Hybrid","3285.72559","355.62999","12","283.94031","6.9585","104.3242043249874420","0","0","44","0","1160.84998","1889.7200000286102","32.0000000000","25.0000000000","7.0000000000","2.0000000000","9.0000000000","6.0000000000","","29.0000000000","8.0000000000","","523.1731612808","9.0000000000","2.0000000000","","7648.0000000000"
"2025-07-19T00:00:00Z","166690899","Hawthorn v Port Adelaide","e866e05c-99e3-4cc1-a975-4c163eaf7553","Round 19 v Port Adelaide","8abef924-5203-4e6c-967d-b809d768e3b4","b833765a-6d97-4d78-bf61-6f90988d9713","Quarter 2","19","Round 19","Waverley","200","UTAS Stadium","Calsher Dear","13","Hybrid","3062.76025","280.57999","10","263.00708","7.07562","98.6549785096755780","0","0","42","0","1022.15997","1862.7099997997284","32.0000000000","25.0000000000","7.0000000000","2.0000000000","9.0000000000","6.0000000000","","29.0000000000","8.0000000000","","523.1731612808","9.0000000000","2.0000000000","","7648.0000000000"
"2025-07-19T00:00:00Z","166690899","Hawthorn v Port Adelaide","e866e05c-99e3-4cc1-a975-4c163eaf7553","Round 19 v Port Adelaide","8abef924-5203-4e6c-967d-b809d768e3b4","dffad6df-0a4d-4999-abb3-b07de04e2fd8","Quarter 1","19","Round 19","Waverley","200","UTAS Stadium","Calsher Dear","13","Hybrid","3280.06006","226.55999","4","306.39618","7.75487","100.2024396432561300","0","0","49","0","1100.08008","1964.0599999427795","32.0000000000","25.0000000000","7.0000000000","2.0000000000","9.0000000000","6.0000000000","","29.0000000000","8.0000000000","","523.1731612808","9.0000000000","2.0000000000","","7648.0000000000"
"2025-07-19T00:00:00Z","166690899","Hawthorn v Port Adelaide","e866e05c-99e3-4cc1-a975-4c163eaf7553","Round 19 v Port Adelaide","ee799c04-c79f-41c9-bd53-176bb21a7077","dffad6df-0a4d-4999-abb3-b07de04e2fd8","Quarter 1","19","Round 19","Waverley","200","UTAS Stadium","Conor Nash","11","Back","2735.24121","268.58001","5","241.31964","7.47586","83.5587877176772980","73.94405","138","35","0","943.98999","1964.0599999427795","19.0000000000","9.0000000000","10.0000000000","1.0000000000","13.0000000000","3.0000000000","1.0000000000","26.0000000000","4.0000000000","","277.0532981601","3.0000000000","","","7648.0000000000"
"2025-07-19T00:00:00Z","166690899","Hawthorn v Port Adelaide","e866e05c-99e3-4cc1-a975-4c163eaf7553","Round 19 v Port Adelaide","ee799c04-c79f-41c9-bd53-176bb21a7077","b833765a-6d97-4d78-bf61-6f90988d9713","Quarter 2","19","Round 19","Waverley","200","UTAS Stadium","Conor Nash","11","Back","2761.79639","246.59001","6","241.90756","6.65284","88.9605915133414620","61.38207","119","39","0","987.94","1862.7099997997284","19.0000000000","9.0000000000","10.0000000000","1.0000000000","13.0000000000","3.0000000000","1.0000000000","26.0000000000","4.0000000000","","277.0532981601","3.0000000000","","","7648.0000000000"
"2025-07-19T00:00:00Z","166690899","Hawthorn v Port Adelaide","e866e05c-99e3-4cc1-a975-4c163eaf7553","Round 19 v Port Adelaide","ee799c04-c79f-41c9-bd53-176bb21a7077","3e830db8-dfe4-4227-9646-13fbd419c2cd","Quarter 3","19","Round 19","Waverley","200","UTAS Stadium","Conor Nash","11","Back","3330.72314","238.66000000000003","4","299.34955","6.6667","105.7529096358055080","72.1548","168","39","0","1224.65991","1889.7200000286102","19.0000000000","9.0000000000","10.0000000000","1.0000000000","13.0000000000","3.0000000000","1.0000000000","26.0000000000","4.0000000000","","277.0532981601","3.0000000000","","","7648.0000000000"
"2025-07-19T00:00:00Z","166690899","Hawthorn v Port Adelaide","e866e05c-99e3-4cc1-a975-4c163eaf7553","Round 19 v Port Adelaide","ee799c04-c79f-41c9-bd53-176bb21a7077","7a877ec2-a258-4863-b093-183a1931e54a","Quarter 4","19","Round 19","Waverley","200","UTAS Stadium","Conor Nash","11","Back","3577.61133","267.35","5","317.58936","7.28692","111.6033044719439880","67.82476","130","47","0","1233.38","1923.3900001049042","19.0000000000","9.0000000000","10.0000000000","1.0000000000","13.0000000000","3.0000000000","1.0000000000","26.0000000000","4.0000000000","","277.0532981601","3.0000000000","","","7648.0000000000"
"2025-07-19T00:00:00Z","166690899","Hawthorn v Port Adelaide","e866e05c-99e3-4cc1-a975-4c163eaf7553","Round 19 v Port Adelaide","131ea882-7562-4a3d-a0e0-ddd0ca763ee2","7a877ec2-a258-4863-b093-183a1931e54a","Quarter 4","19","Round 19","Waverley","200","UTAS Stadium","Jack Scrimshaw","14","Hybrid","2873.09961","147.23000000000002","5","259.11646","7.65011","89.6261166953128800","144.1654","156","35","0","1178.06006","1923.3900001049042","12.0000000000","10.0000000000","2.0000000000","2.0000000000","14.0000000000","2.0000000000","","26.0000000000","6.0000000000","1.0000000000","343.7355034173","6.0000000000","","","7648.0000000000"
"2025-07-19T00:00:00Z","166690899","Hawthorn v Port Adelaide","e866e05c-99e3-4cc1-a975-4c163eaf7553","Round 19 v Port Adelaide","131ea882-7562-4a3d-a0e0-ddd0ca763ee2","dffad6df-0a4d-4999-abb3-b07de04e2fd8","Quarter 1","19","Round 19","Waverley","200","UTAS Stadium","Jack Scrimshaw","14","Hybrid","2933.46509","333.21","9","261.52005","8.01468","89.6143220701647480","138.02876","157","43","0","855.92999","1964.0599999427795","12.0000000000","10.0000000000","2.0000000000","2.0000000000","14.0000000000","2.0000000000","","26.0000000000","6.0000000000","1.0000000000","343.7355034173","6.0000000000","","","7648.0000000000"
"2025-07-19T00:00:00Z","166690899","Hawthorn v Port Adelaide","e866e05c-99e3-4cc1-a975-4c163eaf7553","Round 19 v Port Adelaide","131ea882-7562-4a3d-a0e0-ddd0ca763ee2","b833765a-6d97-4d78-bf61-6f90988d9713","Quarter 2","19","Round 19","Waverley","200","UTAS Stadium","Jack Scrimshaw","14","Hybrid","3425.35718","296.19001","11","301.96405","7.45145","110.3346365360667480","151.22227","174","55","0","1166.14001","1862.7099997997284","12.0000000000","10.0000000000","2.0000000000","2.0000000000","14.0000000000","2.0000000000","","26.0000000000","6.0000000000","1.0000000000","343.7355034173","6.0000000000","","","7648.0000000000"
"2025-07-19T00:00:00Z","166690899","Hawthorn v Port Adelaide","e866e05c-99e3-4cc1-a975-4c163eaf7553","Round 19 v Port Adelaide","131ea882-7562-4a3d-a0e0-ddd0ca763ee2","3e830db8-dfe4-4227-9646-13fbd419c2cd","Quarter 3","19","Round 19","Waverley","200","UTAS Stadium","Jack Scrimshaw","14","Hybrid","2366.34326","199.87","5","206.04596","8.11709","75.1331390882513940","152.38053","156","34","0","846.02002","1889.7200000286102","12.0000000000","10.0000000000","2.0000000000","2.0000000000","14.0000000000","2.0000000000","","26.0000000000","6.0000000000","1.0000000000","343.7355034173","6.0000000000","","","7648.0000000000"
"2025-07-19T00:00:00Z","166690899","Hawthorn v Port Adelaide","e866e05c-99e3-4cc1-a975-4c163eaf7553","Round 19 v Port Adelaide","909a916f-b95d-44e4-8b9c-51b5ef5f1d35","dffad6df-0a4d-4999-abb3-b07de04e2fd8","Quarter 1","19","Round 19","Waverley","200","UTAS Stadium","Finn Maginness","20","Hybrid","3777.36646","252.24","8","415.52438","6.86902","115.3946354014658100","119.08373","168","67","0","1237.35999","1964.0599999427795","9.0000000000","3.0000000000","6.0000000000","","5.0000000000","2.0000000000","","11.0000000000","1.0000000000","","62.4499061292","4.0000000000","","","7648.0000000000"
"2025-07-19T00:00:00Z","166690899","Hawthorn v Port Adelaide","e866e05c-99e3-4cc1-a975-4c163eaf7553","Round 19 v Port Adelaide","909a916f-b95d-44e4-8b9c-51b5ef5f1d35","b833765a-6d97-4d78-bf61-6f90988d9713","Quarter 2","19","Round 19","Waverley","200","UTAS Stadium","Finn Maginness","20","Hybrid","4034.84473","285.71999999999997","11","437.84454","7.0642","129.9669212201731260","131.3721","181","64","0","1444.48999","1862.7099997997284","9.0000000000","3.0000000000","6.0000000000","","5.0000000000","2.0000000000","","11.0000000000","1.0000000000","","62.4499061292","4.0000000000","","","7648.0000000000"
"2025-07-19T00:00:00Z","166690899","Hawthorn v Port Adelaide","e866e05c-99e3-4cc1-a975-4c163eaf7553","Round 19 v Port Adelaide","909a916f-b95d-44e4-8b9c-51b5ef5f1d35","3e830db8-dfe4-4227-9646-13fbd419c2cd","Quarter 3","19","Round 19","Waverley","200","UTAS Stadium","Finn Maginness","20","Hybrid","3761.22949","291.09001","10","393.26953","6.92133","119.4218029107927720","114.10206","173","63","0","1262.41003","1889.7200000286102","9.0000000000","3.0000000000","6.0000000000","","5.0000000000","2.0000000000","","11.0000000000","1.0000000000","","62.4499061292","4.0000000000","","","7648.0000000000"
"2025-07-19T00:00:00Z","166690899","Hawthorn v Port Adelaide","e866e05c-99e3-4cc1-a975-4c163eaf7553","Round 19 v Port Adelaide","909a916f-b95d-44e4-8b9c-51b5ef5f1d35","7a877ec2-a258-4863-b093-183a1931e54a","Quarter 4","19","Round 19","Waverley","200","UTAS Stadium","Finn Maginness","20","Hybrid","3369.89746","311.65000999999995","9","349.1012","6.94732","105.1236866100853620","15.58724","19","54","0","1037.81006","1923.3900001049042","9.0000000000","3.0000000000","6.0000000000","","5.0000000000","2.0000000000","","11.0000000000","1.0000000000","","62.4499061292","4.0000000000","","","7648.0000000000"
"2025-07-19T00:00:00Z","166690899","Hawthorn v Port Adelaide","e866e05c-99e3-4cc1-a975-4c163eaf7553","Round 19 v Port Adelaide","0325dfcd-afd9-4feb-9006-dd13f41ca9e6","7a877ec2-a258-4863-b093-183a1931e54a","Quarter 4","19","Round 19","Waverley","200","UTAS Stadium","Jack Gunston","19","Forward","2591.73926","210.97","4","260.46838","6.95626","80.8491026736743940","69.5161","112","32","0","881.81","1923.3900001049042","10.0000000000","7.0000000000","3.0000000000","1.0000000000","4.0000000000","","","13.0000000000","1.0000000000","","157.1772260773","3.0000000000","2.0000000000","1.0000000000","7648.0000000000"
"2025-07-19T00:00:00Z","166690899","Hawthorn v Port Adelaide","e866e05c-99e3-4cc1-a975-4c163eaf7553","Round 19 v Port Adelaide","0325dfcd-afd9-4feb-9006-dd13f41ca9e6","3e830db8-dfe4-4227-9646-13fbd419c2cd","Quarter 3","19","Round 19","Waverley","200","UTAS Stadium","Jack Gunston","19","Forward","2755.45313","286.53","6","273.15753","7.7178","87.4876636737172500","100.54153","124","34","0","1023.26001","1889.7200000286102","10.0000000000","7.0000000000","3.0000000000","1.0000000000","4.0000000000","","","13.0000000000","1.0000000000","","157.1772260773","3.0000000000","2.0000000000","1.0000000000","7648.0000000000"
"2025-07-19T00:00:00Z","166690899","Hawthorn v Port Adelaide","e866e05c-99e3-4cc1-a975-4c163eaf7553","Round 19 v Port Adelaide","0325dfcd-afd9-4feb-9006-dd13f41ca9e6","b833765a-6d97-4d78-bf61-6f90988d9713","Quarter 2","19","Round 19","Waverley","200","UTAS Stadium","Jack Gunston","19","Forward","2928.49023","204.62","8","290.89261","7.21561","94.3299890046714840","64.33235","126","37","0","1082.58997","1862.7099997997284","10.0000000000","7.0000000000","3.0000000000","1.0000000000","4.0000000000","","","13.0000000000","1.0000000000","","157.1772260773","3.0000000000","2.0000000000","1.0000000000","7648.0000000000"
"2025-07-19T00:00:00Z","166690899","Hawthorn v Port Adelaide","e866e05c-99e3-4cc1-a975-4c163eaf7553","Round 19 v Port Adelaide","0325dfcd-afd9-4feb-9006-dd13f41ca9e6","dffad6df-0a4d-4999-abb3-b07de04e2fd8","Quarter 1","19","Round 19","Waverley","200","UTAS Stadium","Jack Gunston","19","Forward","3212.38379","181.57999","5","326.15323","7.29306","98.1349996464544560","103.59372","152","33","0","1248.17004","1964.0599999427795","10.0000000000","7.0000000000","3.0000000000","1.0000000000","4.0000000000","","","13.0000000000","1.0000000000","","157.1772260773","3.0000000000","2.0000000000","1.0000000000","7648.0000000000"
"2025-07-19T00:00:00Z","166690899","Hawthorn v Port Adelaide","e866e05c-99e3-4cc1-a975-4c163eaf7553","Round 19 v Port Adelaide","020880cf-4cc3-45b8-ade5-ced73183435f","7a877ec2-a258-4863-b093-183a1931e54a","Quarter 4","19","Round 19","Waverley","200","UTAS Stadium","Jack Ginnivan","33","Hybrid","3634.7793","345.91001000000006","10","356.6272","7.68254","113.3866548064122540","151.40182","172","61","0","1249.69995","1923.3900001049042","21.0000000000","12.0000000000","9.0000000000","4.0000000000","2.0000000000","1.0000000000","","6.0000000000","2.0000000000","1.0000000000","282.1663378038","","1.0000000000","","7648.0000000000"
"2025-07-19T00:00:00Z","166690899","Hawthorn v Port Adelaide","e866e05c-99e3-4cc1-a975-4c163eaf7553","Round 19 v Port Adelaide","020880cf-4cc3-45b8-ade5-ced73183435f","3e830db8-dfe4-4227-9646-13fbd419c2cd","Quarter 3","19","Round 19","Waverley","200","UTAS Stadium","Jack Ginnivan","33","Hybrid","3178.19043","491.07","13","301.2879","7.53729","100.9098838966158720","117.6928","144","47","0","936.54999","1889.7200000286102","21.0000000000","12.0000000000","9.0000000000","4.0000000000","2.0000000000","1.0000000000","","6.0000000000","2.0000000000","1.0000000000","282.1663378038","","1.0000000000","","7648.0000000000"
"2025-07-19T00:00:00Z","166690899","Hawthorn v Port Adelaide","e866e05c-99e3-4cc1-a975-4c163eaf7553","Round 19 v Port Adelaide","020880cf-4cc3-45b8-ade5-ced73183435f","b833765a-6d97-4d78-bf61-6f90988d9713","Quarter 2","19","Round 19","Waverley","200","UTAS Stadium","Jack Ginnivan","33","Hybrid","3270.69189","589.23","17","304.9863","7.67346","105.3526922715286620","156.03987","167","56","0","920.90002","1862.7099997997284","21.0000000000","12.0000000000","9.0000000000","4.0000000000","2.0000000000","1.0000000000","","6.0000000000","2.0000000000","1.0000000000","282.1663378038","","1.0000000000","","7648.0000000000"
"2025-07-19T00:00:00Z","166690899","Hawthorn v Port Adelaide","e866e05c-99e3-4cc1-a975-4c163eaf7553","Round 19 v Port Adelaide","020880cf-4cc3-45b8-ade5-ced73183435f","dffad6df-0a4d-4999-abb3-b07de04e2fd8","Quarter 1","19","Round 19","Waverley","200","UTAS Stadium","Jack Ginnivan","33","Hybrid","2531.74805","184.38","5","236.99641","7.36226","77.3422823154208980","149.54858","172","41","0","916","1964.0599999427795","21.0000000000","12.0000000000","9.0000000000","4.0000000000","2.0000000000","1.0000000000","","6.0000000000","2.0000000000","1.0000000000","282.1663378038","","1.0000000000","","7648.0000000000"
"2025-07-19T00:00:00Z","166690899","Hawthorn v Port Adelaide","e866e05c-99e3-4cc1-a975-4c163eaf7553","Round 19 v Port Adelaide","8b0242f4-3a3b-4651-949f-17da0062afba","dffad6df-0a4d-4999-abb3-b07de04e2fd8","Quarter 1","19","Round 19","Waverley","200","UTAS Stadium","Dylan Moore","08","Midfielder","4208.22119","614.89999","15","427.45438","8.03356","128.5568014252905120","135.80828","169","58","0","1401.37","1964.0599999427795","9.0000000000","8.0000000000","1.0000000000","1.0000000000","4.0000000000","","","8.0000000000","2.0000000000","3.0000000000","243.6035350036","5.0000000000","","","7648.0000000000"
"2025-07-19T00:00:00Z","166690899","Hawthorn v Port Adelaide","e866e05c-99e3-4cc1-a975-4c163eaf7553","Round 19 v Port Adelaide","8b0242f4-3a3b-4651-949f-17da0062afba","b833765a-6d97-4d78-bf61-6f90988d9713","Quarter 2","19","Round 19","Waverley","200","UTAS Stadium","Dylan Moore","08","Midfielder","3319.60889","365","12","332.36713","7.48776","106.9283642764653180","122.54176","170","42","0","1188.85999","1862.7099997997284","9.0000000000","8.0000000000","1.0000000000","1.0000000000","4.0000000000","","","8.0000000000","2.0000000000","3.0000000000","243.6035350036","5.0000000000","","","7648.0000000000"
"2025-07-19T00:00:00Z","166690899","Hawthorn v Port Adelaide","e866e05c-99e3-4cc1-a975-4c163eaf7553","Round 19 v Port Adelaide","8b0242f4-3a3b-4651-949f-17da0062afba","3e830db8-dfe4-4227-9646-13fbd419c2cd","Quarter 3","19","Round 19","Waverley","200","UTAS Stadium","Dylan Moore","08","Midfielder","3486.97168","434.19999","14","350.71722","7.9549","110.7139157107044720","109.4417","169","39","0","1213.91003","1889.7200000286102","9.0000000000","8.0000000000","1.0000000000","1.0000000000","4.0000000000","","","8.0000000000","2.0000000000","3.0000000000","243.6035350036","5.0000000000","","","7648.0000000000"
"2025-07-19T00:00:00Z","166690899","Hawthorn v Port Adelaide","e866e05c-99e3-4cc1-a975-4c163eaf7553","Round 19 v Port Adelaide","8b0242f4-3a3b-4651-949f-17da0062afba","7a877ec2-a258-4863-b093-183a1931e54a","Quarter 4","19","Round 19","Waverley","200","UTAS Stadium","Dylan Moore","08","Midfielder","4507.03223","596.8599999999999","15","474.00183","7.20362","140.5965164554514880","99.25233","175","70","0","1658.52002","1923.3900001049042","9.0000000000","8.0000000000","1.0000000000","1.0000000000","4.0000000000","","","8.0000000000","2.0000000000","3.0000000000","243.6035350036","5.0000000000","","","7648.0000000000"
"2025-07-19T00:00:00Z","166690899","Hawthorn v Port Adelaide","e866e05c-99e3-4cc1-a975-4c163eaf7553","Round 19 v Port Adelaide","2794f857-7792-4f4b-b5fc-204ce195a191","dffad6df-0a4d-4999-abb3-b07de04e2fd8","Quarter 1","19","Round 19","Waverley","200","UTAS Stadium","Josh Ward","25","Hybrid","3740.1084","427.24998999999997","9","349.87006","7.23861","114.2564402342788980","98.01883","119","62","0","1305.93005","1964.0599999427795","26.0000000000","15.0000000000","11.0000000000","2.0000000000","9.0000000000","6.0000000000","2.0000000000","25.0000000000","10.0000000000","","567.4359420375","6.0000000000","","","7648.0000000000"
"2025-07-19T00:00:00Z","166690899","Hawthorn v Port Adelaide","e866e05c-99e3-4cc1-a975-4c163eaf7553","Round 19 v Port Adelaide","2794f857-7792-4f4b-b5fc-204ce195a191","b833765a-6d97-4d78-bf61-6f90988d9713","Quarter 2","19","Round 19","Waverley","200","UTAS Stadium","Josh Ward","25","Hybrid","3757.32227","455.25001","10","352.64624","8.40465","121.0276082826840420","15.49528","16","56","0","1339.08008","1862.7099997997284","26.0000000000","15.0000000000","11.0000000000","2.0000000000","9.0000000000","6.0000000000","2.0000000000","25.0000000000","10.0000000000","","567.4359420375","6.0000000000","","","7648.0000000000"
"2025-07-19T00:00:00Z","166690899","Hawthorn v Port Adelaide","e866e05c-99e3-4cc1-a975-4c163eaf7553","Round 19 v Port Adelaide","2794f857-7792-4f4b-b5fc-204ce195a191","3e830db8-dfe4-4227-9646-13fbd419c2cd","Quarter 3","19","Round 19","Waverley","200","UTAS Stadium","Josh Ward","25","Hybrid","3666.4248","402.45001","8","344.99811","7.40904","116.4116842689231420","0","0","47","0","1343.04004","1889.7200000286102","26.0000000000","15.0000000000","11.0000000000","2.0000000000","9.0000000000","6.0000000000","2.0000000000","25.0000000000","10.0000000000","","567.4359420375","6.0000000000","","","7648.0000000000"
"2025-07-19T00:00:00Z","166690899","Hawthorn v Port Adelaide","e866e05c-99e3-4cc1-a975-4c163eaf7553","Round 19 v Port Adelaide","2794f857-7792-4f4b-b5fc-204ce195a191","7a877ec2-a258-4863-b093-183a1931e54a","Quarter 4","19","Round 19","Waverley","200","UTAS Stadium","Josh Ward","25","Hybrid","3576.38086","183.41998999999998","3","350.65759","6.89765","111.5649200569288440","89.77","159","50","0","1449.27002","1923.3900001049042","26.0000000000","15.0000000000","11.0000000000","2.0000000000","9.0000000000","6.0000000000","2.0000000000","25.0000000000","10.0000000000","","567.4359420375","6.0000000000","","","7648.0000000000"
"2025-07-19T00:00:00Z","166690899","Hawthorn v Port Adelaide","e866e05c-99e3-4cc1-a975-4c163eaf7553","Round 19 v Port Adelaide","a5e3bb3d-7e57-4dff-9d50-d405f3e1a584","7a877ec2-a258-4863-b093-183a1931e54a","Quarter 4","19","Round 19","Waverley","200","UTAS Stadium","Jai Newcombe","03","Hybrid","2550.52441","187.55999999999997","6","271.7583","7.36669","79.5634086647291820","99.96742","126","33","0","954.06995","1923.3900001049042","11.0000000000","2.0000000000","9.0000000000","","4.0000000000","5.0000000000","","17.0000000000","1.0000000000","2.0000000000","116.0274663444","","","","7648.0000000000"
"2025-07-19T00:00:00Z","166690899","Hawthorn v Port Adelaide","e866e05c-99e3-4cc1-a975-4c163eaf7553","Round 19 v Port Adelaide","a5e3bb3d-7e57-4dff-9d50-d405f3e1a584","3e830db8-dfe4-4227-9646-13fbd419c2cd","Quarter 3","19","Round 19","Waverley","200","UTAS Stadium","Jai Newcombe","03","Hybrid","3712.37891","233.38001000000003","4","389.42078","7.4915","117.8707610633467860","117.16587","173","37","0","1295.47998","1889.7200000286102","11.0000000000","2.0000000000","9.0000000000","","4.0000000000","5.0000000000","","17.0000000000","1.0000000000","2.0000000000","116.0274663444","","","","7648.0000000000"
"2025-07-19T00:00:00Z","166690899","Hawthorn v Port Adelaide","e866e05c-99e3-4cc1-a975-4c163eaf7553","Round 19 v Port Adelaide","a5e3bb3d-7e57-4dff-9d50-d405f3e1a584","b833765a-6d97-4d78-bf61-6f90988d9713","Quarter 2","19","Round 19","Waverley","200","UTAS Stadium","Jai Newcombe","03","Hybrid","3473.58594","345.15","6","378.17743","7.59038","111.8881395506589960","64.93549","182","44","0","1313.44995","1862.7099997997284","11.0000000000","2.0000000000","9.0000000000","","4.0000000000","5.0000000000","","17.0000000000","1.0000000000","2.0000000000","116.0274663444","","","","7648.0000000000"
"2025-07-19T00:00:00Z","166690899","Hawthorn v Port Adelaide","e866e05c-99e3-4cc1-a975-4c163eaf7553","Round 19 v Port Adelaide","a5e3bb3d-7e57-4dff-9d50-d405f3e1a584","dffad6df-0a4d-4999-abb3-b07de04e2fd8","Quarter 1","19","Round 19","Waverley","200","UTAS Stadium","Jai Newcombe","03","Hybrid","4154.66699","352.13","7","456.54407","7.71192","126.9207760492360080","93.56823","123","54","0","1549","1964.0599999427795","11.0000000000","2.0000000000","9.0000000000","","4.0000000000","5.0000000000","","17.0000000000","1.0000000000","2.0000000000","116.0274663444","","","","7648.0000000000"
"2025-07-19T00:00:00Z","166690899","Hawthorn v Port Adelaide","e866e05c-99e3-4cc1-a975-4c163eaf7553","Round 19 v Port Adelaide","8311e970-95e1-4e14-aebd-95f6b458bc6b","7a877ec2-a258-4863-b093-183a1931e54a","Quarter 4","19","Round 19","Waverley","200","UTAS Stadium","Bailey Macdonald","42","Hybrid","3991.24365","391.34999999999997","9","441.31134","7.69921","124.5065322097643940","0","0","60","0","1348.82007","1923.3900001049042","4.0000000000","3.0000000000","1.0000000000","","2.0000000000","","","9.0000000000","2.0000000000","","83.0818636170","","1.0000000000","","7648.0000000000"
"2025-07-19T00:00:00Z","166690899","Hawthorn v Port Adelaide","e866e05c-99e3-4cc1-a975-4c163eaf7553","Round 19 v Port Adelaide","8311e970-95e1-4e14-aebd-95f6b458bc6b","3e830db8-dfe4-4227-9646-13fbd419c2cd","Quarter 3","19","Round 19","Waverley","200","UTAS Stadium","Bailey Macdonald","42","Hybrid","1800.32007","229.68","5","199.54587","8.5548","57.16148646273765343020","0","0","20","0","562.73999","1889.7200000286102","4.0000000000","3.0000000000","1.0000000000","","2.0000000000","","","9.0000000000","2.0000000000","","83.0818636170","","1.0000000000","","7648.0000000000"
"2025-07-24T00:00:00Z","166707282","Hawthorn v Carlton","e70271d7-604f-47da-8eb3-a3a5ad2792eb","Round 20 v Carlton","0325dfcd-afd9-4feb-9006-dd13f41ca9e6","c02dcc95-d00f-41dd-8b60-8432ecf4d808","Quarter 1","20","Round 20","Waverley","40","MCG","Jack Gunston","19","Forward","3584.93823","288.93001","8","359.13019","7.67866","110.6804022792244020","71.96352","166","44","0","1311.30005","1943.4000000953674","18.0000000000","13.0000000000","5.0000000000","4.0000000000","1.0000000000","1.0000000000","2.0000000000","8.0000000000","4.0000000000","","315.5090786604","1.0000000000","3.0000000000","1.0000000000","7296.0000000000"
"2025-07-24T00:00:00Z","166707282","Hawthorn v Carlton","e70271d7-604f-47da-8eb3-a3a5ad2792eb","Round 20 v Carlton","0325dfcd-afd9-4feb-9006-dd13f41ca9e6","eb2f567e-fc66-44d5-a5b8-395c251441a2","Quarter 2","20","Round 20","Waverley","40","MCG","Jack Gunston","19","Forward","3321.61816","230.51","6","331.54233","7.86784","115.5017355063770280","69.21593","104","39","0","1263.5","1725.4900000095367","18.0000000000","13.0000000000","5.0000000000","4.0000000000","1.0000000000","1.0000000000","2.0000000000","8.0000000000","4.0000000000","","315.5090786604","1.0000000000","3.0000000000","1.0000000000","7296.0000000000"
"2025-07-24T00:00:00Z","166707282","Hawthorn v Carlton","e70271d7-604f-47da-8eb3-a3a5ad2792eb","Round 20 v Carlton","0325dfcd-afd9-4feb-9006-dd13f41ca9e6","d161fdd5-b213-4d59-98ff-7fde64da7c65","Quarter 3","20","Round 20","Waverley","40","MCG","Jack Gunston","19","Forward","3225.67578","246.21999999999997","3","316.18457","7.69251","100.3502692631401320","82.43089","124","26","0","1179.62","1928.6499998569489","18.0000000000","13.0000000000","5.0000000000","4.0000000000","1.0000000000","1.0000000000","2.0000000000","8.0000000000","4.0000000000","","315.5090786604","1.0000000000","3.0000000000","1.0000000000","7296.0000000000"
"2025-07-24T00:00:00Z","166707282","Hawthorn v Carlton","e70271d7-604f-47da-8eb3-a3a5ad2792eb","Round 20 v Carlton","0325dfcd-afd9-4feb-9006-dd13f41ca9e6","b364be3a-e01c-4e73-9696-1262ea802afb","Quarter 4","20","Round 20","Waverley","40","MCG","Jack Gunston","19","Forward","2976.93555","225.15000000000003","5","287.83337","7.80345","106.7116733024601060","74.19905","116","40","0","1098.71997","1673.8199999332428","18.0000000000","13.0000000000","5.0000000000","4.0000000000","1.0000000000","1.0000000000","2.0000000000","8.0000000000","4.0000000000","","315.5090786604","1.0000000000","3.0000000000","1.0000000000","7296.0000000000"
"2025-07-24T00:00:00Z","166707282","Hawthorn v Carlton","e70271d7-604f-47da-8eb3-a3a5ad2792eb","Round 20 v Carlton","29708cec-1d8a-451d-a7da-18fca9557adc","b364be3a-e01c-4e73-9696-1262ea802afb","Quarter 4","20","Round 20","Waverley","40","MCG","James Sicily","06","Back","2821.56152","485.81","9","258.11316","8.16004","101.1421127760165180","98.28303","166","34","0","861.62","1673.8199999332428","18.0000000000","13.0000000000","5.0000000000","3.0000000000","1.0000000000","7.0000000000","","13.0000000000","3.0000000000","","299.3242605419","6.0000000000","","1.0000000000","7296.0000000000"
"2025-07-24T00:00:00Z","166707282","Hawthorn v Carlton","e70271d7-604f-47da-8eb3-a3a5ad2792eb","Round 20 v Carlton","29708cec-1d8a-451d-a7da-18fca9557adc","d161fdd5-b213-4d59-98ff-7fde64da7c65","Quarter 3","20","Round 20","Waverley","40","MCG","James Sicily","06","Back","2570.89551","247.64","5","257.3302","8.31102","79.9801574217412440","96.84761","114","29","0","997.65002","1928.6499998569489","18.0000000000","13.0000000000","5.0000000000","3.0000000000","1.0000000000","7.0000000000","","13.0000000000","3.0000000000","","299.3242605419","6.0000000000","","1.0000000000","7296.0000000000"
"2025-07-24T00:00:00Z","166707282","Hawthorn v Carlton","e70271d7-604f-47da-8eb3-a3a5ad2792eb","Round 20 v Carlton","29708cec-1d8a-451d-a7da-18fca9557adc","eb2f567e-fc66-44d5-a5b8-395c251441a2","Quarter 2","20","Round 20","Waverley","40","MCG","James Sicily","06","Back","3287.89404","229.27001","6","302.73282","7.11978","114.3290557458517140","82.18193","167","35","0","1192.12","1725.4900000095367","18.0000000000","13.0000000000","5.0000000000","3.0000000000","1.0000000000","7.0000000000","","13.0000000000","3.0000000000","","299.3242605419","6.0000000000","","1.0000000000","7296.0000000000"
"2025-07-24T00:00:00Z","166707282","Hawthorn v Carlton","e70271d7-604f-47da-8eb3-a3a5ad2792eb","Round 20 v Carlton","29708cec-1d8a-451d-a7da-18fca9557adc","c02dcc95-d00f-41dd-8b60-8432ecf4d808","Quarter 1","20","Round 20","Waverley","40","MCG","James Sicily","06","Back","3434.55908","530.0200100000001","13","323.88318","8.3434","106.0376375372478480","74.1828","107","37","0","1188.40991","1943.4000000953674","18.0000000000","13.0000000000","5.0000000000","3.0000000000","1.0000000000","7.0000000000","","13.0000000000","3.0000000000","","299.3242605419","6.0000000000","","1.0000000000","7296.0000000000"
"2025-07-24T00:00:00Z","166707282","Hawthorn v Carlton","e70271d7-604f-47da-8eb3-a3a5ad2792eb","Round 20 v Carlton","8311e970-95e1-4e14-aebd-95f6b458bc6b","b364be3a-e01c-4e73-9696-1262ea802afb","Quarter 4","20","Round 20","Waverley","40","MCG","Bailey Macdonald","42","Hybrid","3559.37451","447.43001999999996","9","354.05872","8.20914","127.5898666574168940","0","0","41","0","1203.81006","1673.8199999332428","18.0000000000","14.0000000000","4.0000000000","4.0000000000","5.0000000000","2.0000000000","1.0000000000","16.0000000000","1.0000000000","2.0000000000","302.7921033046","1.0000000000","","","7296.0000000000"
"2025-07-24T00:00:00Z","166707282","Hawthorn v Carlton","e70271d7-604f-47da-8eb3-a3a5ad2792eb","Round 20 v Carlton","8311e970-95e1-4e14-aebd-95f6b458bc6b","d161fdd5-b213-4d59-98ff-7fde64da7c65","Quarter 3","20","Round 20","Waverley","40","MCG","Bailey Macdonald","42","Hybrid","2758.7793","250.85","7","287.7756","7.84844","85.8251927577722160","0","0","48","0","940.84998","1928.6499998569489","18.0000000000","14.0000000000","4.0000000000","4.0000000000","5.0000000000","2.0000000000","1.0000000000","16.0000000000","1.0000000000","2.0000000000","302.7921033046","1.0000000000","","","7296.0000000000"
"2025-07-24T00:00:00Z","166707282","Hawthorn v Carlton","e70271d7-604f-47da-8eb3-a3a5ad2792eb","Round 20 v Carlton","2ca83ae0-85a1-479e-bef1-d06af29b9200","b364be3a-e01c-4e73-9696-1262ea802afb","Quarter 4","20","Round 20","Waverley","40","MCG","Blake Hardwick","15","Back","3065.10938","231.21","8","287.28625","7.27881","109.8723654917104440","69.29032","128","40","0","915.71997","1673.8199999332428","16.0000000000","13.0000000000","3.0000000000","3.0000000000","3.0000000000","","1.0000000000","19.0000000000","4.0000000000","1.0000000000","282.4324576844","1.0000000000","1.0000000000","2.0000000000","7296.0000000000"
"2025-07-24T00:00:00Z","166707282","Hawthorn v Carlton","e70271d7-604f-47da-8eb3-a3a5ad2792eb","Round 20 v Carlton","2ca83ae0-85a1-479e-bef1-d06af29b9200","d161fdd5-b213-4d59-98ff-7fde64da7c65","Quarter 3","20","Round 20","Waverley","40","MCG","Blake Hardwick","15","Back","3114.91602","277.33","8","299.24628","7.86315","96.9045504440216220","114.71748","134","47","0","1043.46997","1928.6499998569489","16.0000000000","13.0000000000","3.0000000000","3.0000000000","3.0000000000","","1.0000000000","19.0000000000","4.0000000000","1.0000000000","282.4324576844","1.0000000000","1.0000000000","2.0000000000","7296.0000000000"
"2025-07-24T00:00:00Z","166707282","Hawthorn v Carlton","e70271d7-604f-47da-8eb3-a3a5ad2792eb","Round 20 v Carlton","2ca83ae0-85a1-479e-bef1-d06af29b9200","eb2f567e-fc66-44d5-a5b8-395c251441a2","Quarter 2","20","Round 20","Waverley","40","MCG","Blake Hardwick","15","Back","3817.21777","427.2","12","360.36053","7.32675","132.7350875396172360","137.8746","173","53","0","1329.91003","1725.4900000095367","16.0000000000","13.0000000000","3.0000000000","3.0000000000","3.0000000000","","1.0000000000","19.0000000000","4.0000000000","1.0000000000","282.4324576844","1.0000000000","1.0000000000","2.0000000000","7296.0000000000"
"2025-07-24T00:00:00Z","166707282","Hawthorn v Carlton","e70271d7-604f-47da-8eb3-a3a5ad2792eb","Round 20 v Carlton","2ca83ae0-85a1-479e-bef1-d06af29b9200","c02dcc95-d00f-41dd-8b60-8432ecf4d808","Quarter 1","20","Round 20","Waverley","40","MCG","Blake Hardwick","15","Back","3455.92603","259.74","5","338.9986","7.47812","106.6973149067739780","120.14718","166","52","0","1240.79004","1943.4000000953674","16.0000000000","13.0000000000","3.0000000000","3.0000000000","3.0000000000","","1.0000000000","19.0000000000","4.0000000000","1.0000000000","282.4324576844","1.0000000000","1.0000000000","2.0000000000","7296.0000000000"
"2025-07-24T00:00:00Z","166707282","Hawthorn v Carlton","e70271d7-604f-47da-8eb3-a3a5ad2792eb","Round 20 v Carlton","48b7449c-7b00-4728-8dcf-81959514acff","b364be3a-e01c-4e73-9696-1262ea802afb","Quarter 4","20","Round 20","Waverley","40","MCG","Jarman Impey","04","Midfielder","1951.18262","171.43","4","197.24854","6.95132","69.9423816208846560","106.52557","108","25","0","564.35999","1673.8199999332428","25.0000000000","14.0000000000","11.0000000000","8.0000000000","3.0000000000","","","14.0000000000","","3.0000000000","350.0129102590","1.0000000000","","2.0000000000","7296.0000000000"
"2025-07-24T00:00:00Z","166707282","Hawthorn v Carlton","e70271d7-604f-47da-8eb3-a3a5ad2792eb","Round 20 v Carlton","48b7449c-7b00-4728-8dcf-81959514acff","d161fdd5-b213-4d59-98ff-7fde64da7c65","Quarter 3","20","Round 20","Waverley","40","MCG","Jarman Impey","04","Midfielder","3370.32275","509.3500000000001","15","365.84308","8.22066","104.8502138879521620","103.89191","116","41","0","1193.32007","1928.6499998569489","25.0000000000","14.0000000000","11.0000000000","8.0000000000","3.0000000000","","","14.0000000000","","3.0000000000","350.0129102590","1.0000000000","","2.0000000000","7296.0000000000"
"2025-07-24T00:00:00Z","166707282","Hawthorn v Carlton","e70271d7-604f-47da-8eb3-a3a5ad2792eb","Round 20 v Carlton","48b7449c-7b00-4728-8dcf-81959514acff","eb2f567e-fc66-44d5-a5b8-395c251441a2","Quarter 2","20","Round 20","Waverley","40","MCG","Jarman Impey","04","Midfielder","2923.29492","171.67999999999998","5","312.34302","8.07102","101.6509485415914240","108.09797","112","42","0","1049.19995","1725.4900000095367","25.0000000000","14.0000000000","11.0000000000","8.0000000000","3.0000000000","","","14.0000000000","","3.0000000000","350.0129102590","1.0000000000","","2.0000000000","7296.0000000000"
"2025-07-24T00:00:00Z","166707282","Hawthorn v Carlton","e70271d7-604f-47da-8eb3-a3a5ad2792eb","Round 20 v Carlton","48b7449c-7b00-4728-8dcf-81959514acff","c02dcc95-d00f-41dd-8b60-8432ecf4d808","Quarter 1","20","Round 20","Waverley","40","MCG","Jarman Impey","04","Midfielder","3767.22925","603.88002","18","404.26047","7.45262","116.3084053663208640","135.25145","181","46","0","1262.72998","1943.4000000953674","25.0000000000","14.0000000000","11.0000000000","8.0000000000","3.0000000000","","","14.0000000000","","3.0000000000","350.0129102590","1.0000000000","","2.0000000000","7296.0000000000"
"2025-07-24T00:00:00Z","166707282","Hawthorn v Carlton","e70271d7-604f-47da-8eb3-a3a5ad2792eb","Round 20 v Carlton","8abef924-5203-4e6c-967d-b809d768e3b4","eb2f567e-fc66-44d5-a5b8-395c251441a2","Quarter 2","20","Round 20","Waverley","40","MCG","Calsher Dear","13","Hybrid","2803.51074","309.31999","8","251.68997","7.43013","97.4857254455663640","0","0","32","0","878.55005","1725.4900000095367","21.0000000000","13.0000000000","8.0000000000","7.0000000000","1.0000000000","1.0000000000","","12.0000000000","1.0000000000","","292.1070259512","4.0000000000","","","7296.0000000000"
"2025-07-24T00:00:00Z","166707282","Hawthorn v Carlton","e70271d7-604f-47da-8eb3-a3a5ad2792eb","Round 20 v Carlton","8abef924-5203-4e6c-967d-b809d768e3b4","c02dcc95-d00f-41dd-8b60-8432ecf4d808","Quarter 1","20","Round 20","Waverley","40","MCG","Calsher Dear","13","Hybrid","3613.66016","429.30999","9","322.26373","7.63965","111.5671552893692160","0","0","52","0","1174.43994","1943.4000000953674","21.0000000000","13.0000000000","8.0000000000","7.0000000000","1.0000000000","1.0000000000","","12.0000000000","1.0000000000","","292.1070259512","4.0000000000","","","7296.0000000000"
"2025-07-24T00:00:00Z","166707282","Hawthorn v Carlton","e70271d7-604f-47da-8eb3-a3a5ad2792eb","Round 20 v Carlton","8abef924-5203-4e6c-967d-b809d768e3b4","d161fdd5-b213-4d59-98ff-7fde64da7c65","Quarter 3","20","Round 20","Waverley","40","MCG","Calsher Dear","13","Hybrid","3136.97168","294.59001","6","281.01184","7.41659","97.5906985787781360","0","0","40","0","1021.52997","1928.6499998569489","21.0000000000","13.0000000000","8.0000000000","7.0000000000","1.0000000000","1.0000000000","","12.0000000000","1.0000000000","","292.1070259512","4.0000000000","","","7296.0000000000"
"2025-07-24T00:00:00Z","166707282","Hawthorn v Carlton","e70271d7-604f-47da-8eb3-a3a5ad2792eb","Round 20 v Carlton","8abef924-5203-4e6c-967d-b809d768e3b4","b364be3a-e01c-4e73-9696-1262ea802afb","Quarter 4","20","Round 20","Waverley","40","MCG","Calsher Dear","13","Hybrid","2718.8457","194.61","7","242.05688","6.9518","97.4601462561722100","0","0","30","0","857.71997","1673.8199999332428","21.0000000000","13.0000000000","8.0000000000","7.0000000000","1.0000000000","1.0000000000","","12.0000000000","1.0000000000","","292.1070259512","4.0000000000","","","7296.0000000000"
"2025-07-24T00:00:00Z","166707282","Hawthorn v Carlton","e70271d7-604f-47da-8eb3-a3a5ad2792eb","Round 20 v Carlton","036695b3-12e6-43fb-a153-0dea34fd7c41","c02dcc95-d00f-41dd-8b60-8432ecf4d808","Quarter 1","20","Round 20","Waverley","40","MCG","Karl Amon","10","Hybrid","3826.53125","683.05999","15","373.15036","7.93833","118.1392790926898040","91.95135","127","42","0","1373.58008","1943.4000000953674","17.0000000000","15.0000000000","2.0000000000","3.0000000000","","","","7.0000000000","1.0000000000","4.0000000000","403.6175433849","3.0000000000","","","7296.0000000000"
"2025-07-24T00:00:00Z","166707282","Hawthorn v Carlton","e70271d7-604f-47da-8eb3-a3a5ad2792eb","Round 20 v Carlton","036695b3-12e6-43fb-a153-0dea34fd7c41","eb2f567e-fc66-44d5-a5b8-395c251441a2","Quarter 2","20","Round 20","Waverley","40","MCG","Karl Amon","10","Hybrid","3595.77295","377.48999000000003","11","343.99872","6.96477","125.0348463328142040","0","0","38","0","1364.39001","1725.4900000095367","17.0000000000","15.0000000000","2.0000000000","3.0000000000","","","","7.0000000000","1.0000000000","4.0000000000","403.6175433849","3.0000000000","","","7296.0000000000"
"2025-07-24T00:00:00Z","166707282","Hawthorn v Carlton","e70271d7-604f-47da-8eb3-a3a5ad2792eb","Round 20 v Carlton","036695b3-12e6-43fb-a153-0dea34fd7c41","d161fdd5-b213-4d59-98ff-7fde64da7c65","Quarter 3","20","Round 20","Waverley","40","MCG","Karl Amon","10","Hybrid","3630.56055","435.87","8","341.12335","7.10492","112.9461711643673400","0","0","41","0","1348.60999","1928.6499998569489","17.0000000000","15.0000000000","2.0000000000","3.0000000000","","","","7.0000000000","1.0000000000","4.0000000000","403.6175433849","3.0000000000","","","7296.0000000000"
"2025-07-24T00:00:00Z","166707282","Hawthorn v Carlton","e70271d7-604f-47da-8eb3-a3a5ad2792eb","Round 20 v Carlton","036695b3-12e6-43fb-a153-0dea34fd7c41","b364be3a-e01c-4e73-9696-1262ea802afb","Quarter 4","20","Round 20","Waverley","40","MCG","Karl Amon","10","Hybrid","2440.97266","291.6","5","236.88025","7.63318","87.4994680466485140","0","0","20","0","955.92999","1673.8199999332428","17.0000000000","15.0000000000","2.0000000000","3.0000000000","","","","7.0000000000","1.0000000000","4.0000000000","403.6175433849","3.0000000000","","","7296.0000000000"
"2025-07-24T00:00:00Z","166707282","Hawthorn v Carlton","e70271d7-604f-47da-8eb3-a3a5ad2792eb","Round 20 v Carlton","29708cec-1d8a-451d-a7da-18fca9557adc","d161fdd5-b213-4d59-98ff-7fde64da7c65","Quarter 3","20","Round 20","Waverley","40","MCG","James Sicily","06","Back","2570.89551","247.64","5","257.3302","8.31102","79.9801574217412440","96.84761","114","29","0","997.65002","1928.6499998569489","25.0000000000","17.0000000000","8.0000000000","11.0000000000","3.0000000000","","1.0000000000","7.0000000000","2.0000000000","4.0000000000","351.9214913002","4.0000000000","","","7296.0000000000"
"2025-07-24T00:00:00Z","166707282","Hawthorn v Carlton","e70271d7-604f-47da-8eb3-a3a5ad2792eb","Round 20 v Carlton","29708cec-1d8a-451d-a7da-18fca9557adc","eb2f567e-fc66-44d5-a5b8-395c251441a2","Quarter 2","20","Round 20","Waverley","40","MCG","James Sicily","06","Back","3287.89404","229.27001","6","302.73282","7.11978","114.3290557458517140","82.18193","167","35","0","1192.12","1725.4900000095367","25.0000000000","17.0000000000","8.0000000000","11.0000000000","3.0000000000","","1.0000000000","7.0000000000","2.0000000000","4.0000000000","351.9214913002","4.0000000000","","","7296.0000000000"
"2025-07-24T00:00:00Z","166707282","Hawthorn v Carlton","e70271d7-604f-47da-8eb3-a3a5ad2792eb","Round 20 v Carlton","29708cec-1d8a-451d-a7da-18fca9557adc","c02dcc95-d00f-41dd-8b60-8432ecf4d808","Quarter 1","20","Round 20","Waverley","40","MCG","James Sicily","06","Back","3434.55908","530.0200100000001","13","323.88318","8.3434","106.0376375372478480","74.1828","107","37","0","1188.40991","1943.4000000953674","25.0000000000","17.0000000000","8.0000000000","11.0000000000","3.0000000000","","1.0000000000","7.0000000000","2.0000000000","4.0000000000","351.9214913002","4.0000000000","","","7296.0000000000"
"2025-07-24T00:00:00Z","166707282","Hawthorn v Carlton","e70271d7-604f-47da-8eb3-a3a5ad2792eb","Round 20 v Carlton","29708cec-1d8a-451d-a7da-18fca9557adc","b364be3a-e01c-4e73-9696-1262ea802afb","Quarter 4","20","Round 20","Waverley","40","MCG","James Sicily","06","Back","2821.56152","485.81","9","258.11316","8.16004","101.1421127760165180","98.28303","166","34","0","861.62","1673.8199999332428","25.0000000000","17.0000000000","8.0000000000","11.0000000000","3.0000000000","","1.0000000000","7.0000000000","2.0000000000","4.0000000000","351.9214913002","4.0000000000","","","7296.0000000000"
"2025-07-24T00:00:00Z","166707282","Hawthorn v Carlton","e70271d7-604f-47da-8eb3-a3a5ad2792eb","Round 20 v Carlton","6c56e5bd-2cd0-47f8-993f-dcc1d1ebce45","c02dcc95-d00f-41dd-8b60-8432ecf4d808","Quarter 1","20","Round 20","Waverley","40","MCG","Tom Barrass","37","Hybrid","3117.42603","204.95999999999998","4","282.85254","7.52076","96.2465585009885820","102.22393","105","29","0","1230.23999","1943.4000000953674","13.0000000000","9.0000000000","4.0000000000","7.0000000000","","","","2.0000000000","1.0000000000","3.0000000000","141.0876479769","","","","7296.0000000000"
"2025-07-24T00:00:00Z","166707282","Hawthorn v Carlton","e70271d7-604f-47da-8eb3-a3a5ad2792eb","Round 20 v Carlton","6c56e5bd-2cd0-47f8-993f-dcc1d1ebce45","eb2f567e-fc66-44d5-a5b8-395c251441a2","Quarter 2","20","Round 20","Waverley","40","MCG","Tom Barrass","37","Hybrid","2433.76221","132.89","5","209.97748","6.71914","84.6285591914139900","0","0","22","0","849.92999","1725.4900000095367","13.0000000000","9.0000000000","4.0000000000","7.0000000000","","","","2.0000000000","1.0000000000","3.0000000000","141.0876479769","","","","7296.0000000000"
"2025-07-24T00:00:00Z","166707282","Hawthorn v Carlton","e70271d7-604f-47da-8eb3-a3a5ad2792eb","Round 20 v Carlton","6c56e5bd-2cd0-47f8-993f-dcc1d1ebce45","d161fdd5-b213-4d59-98ff-7fde64da7c65","Quarter 3","20","Round 20","Waverley","40","MCG","Tom Barrass","37","Hybrid","3461.49805","178.95","6","303.77515","6.78257","107.6866632180046620","105","105","38","0","1121.15002","1928.6499998569489","13.0000000000","9.0000000000","4.0000000000","7.0000000000","","","","2.0000000000","1.0000000000","3.0000000000","141.0876479769","","","","7296.0000000000"
"2025-07-24T00:00:00Z","166707282","Hawthorn v Carlton","e70271d7-604f-47da-8eb3-a3a5ad2792eb","Round 20 v Carlton","6c56e5bd-2cd0-47f8-993f-dcc1d1ebce45","b364be3a-e01c-4e73-9696-1262ea802afb","Quarter 4","20","Round 20","Waverley","40","MCG","Tom Barrass","37","Hybrid","2761.39258","218.17001","3","244.71179","7.7697","98.9852880277496880","104","104","27","0","885.28003","1673.8199999332428","13.0000000000","9.0000000000","4.0000000000","7.0000000000","","","","2.0000000000","1.0000000000","3.0000000000","141.0876479769","","","","7296.0000000000"
"2025-07-24T00:00:00Z","166707282","Hawthorn v Carlton","e70271d7-604f-47da-8eb3-a3a5ad2792eb","Round 20 v Carlton","7381a6b2-b11c-4f42-85df-1b3b97b11693","d161fdd5-b213-4d59-98ff-7fde64da7c65","Quarter 3","20","Round 20","Waverley","40","MCG","Connor Macdonald","09","Hybrid","3129.24609","424.37001","11","305.26459","7.30964","97.3503566815783440","101.92527","174","34","0","1077.95996","1928.6499998569489","18.0000000000","4.0000000000","14.0000000000","2.0000000000","6.0000000000","5.0000000000","","22.0000000000","","","112.4105642589","2.0000000000","","","7296.0000000000"
"2025-07-24T00:00:00Z","166707282","Hawthorn v Carlton","e70271d7-604f-47da-8eb3-a3a5ad2792eb","Round 20 v Carlton","7381a6b2-b11c-4f42-85df-1b3b97b11693","b364be3a-e01c-4e73-9696-1262ea802afb","Quarter 4","20","Round 20","Waverley","40","MCG","Connor Macdonald","09","Hybrid","3036.49316","335.37","9","310.30884","8.02315","108.8465842248666480","76.88627","135","34","0","1015.34998","1673.8199999332428","18.0000000000","4.0000000000","14.0000000000","2.0000000000","6.0000000000","5.0000000000","","22.0000000000","","","112.4105642589","2.0000000000","","","7296.0000000000"
"2025-07-24T00:00:00Z","166707282","Hawthorn v Carlton","e70271d7-604f-47da-8eb3-a3a5ad2792eb","Round 20 v Carlton","7381a6b2-b11c-4f42-85df-1b3b97b11693","eb2f567e-fc66-44d5-a5b8-395c251441a2","Quarter 2","20","Round 20","Waverley","40","MCG","Connor Macdonald","09","Hybrid","3183.0293","438.63998999999995","13","331.03836","7.35102","110.6826223269589800","73.26603","102","42","0","1143.34998","1725.4900000095367","18.0000000000","4.0000000000","14.0000000000","2.0000000000","6.0000000000","5.0000000000","","22.0000000000","","","112.4105642589","2.0000000000","","","7296.0000000000"
"2025-07-24T00:00:00Z","166707282","Hawthorn v Carlton","e70271d7-604f-47da-8eb3-a3a5ad2792eb","Round 20 v Carlton","7381a6b2-b11c-4f42-85df-1b3b97b11693","c02dcc95-d00f-41dd-8b60-8432ecf4d808","Quarter 1","20","Round 20","Waverley","40","MCG","Connor Macdonald","09","Hybrid","3454.2959","630.56001","16","348.7879","8.50393","106.6469867190641940","77.4523","104","38","0","1160.62","1943.4000000953674","18.0000000000","4.0000000000","14.0000000000","2.0000000000","6.0000000000","5.0000000000","","22.0000000000","","","112.4105642589","2.0000000000","","","7296.0000000000"
"2025-07-24T00:00:00Z","166707282","Hawthorn v Carlton","e70271d7-604f-47da-8eb3-a3a5ad2792eb","Round 20 v Carlton","2ca83ae0-85a1-479e-bef1-d06af29b9200","d161fdd5-b213-4d59-98ff-7fde64da7c65","Quarter 3","20","Round 20","Waverley","40","MCG","Blake Hardwick","15","Back","3114.91602","277.33","8","299.24628","7.86315","96.9045504440216220","114.71748","134","47","0","1043.46997","1928.6499998569489","19.0000000000","15.0000000000","4.0000000000","7.0000000000","2.0000000000","","1.0000000000","8.0000000000","2.0000000000","2.0000000000","315.0293850091","4.0000000000","","","7296.0000000000"
"2025-07-24T00:00:00Z","166707282","Hawthorn v Carlton","e70271d7-604f-47da-8eb3-a3a5ad2792eb","Round 20 v Carlton","2ca83ae0-85a1-479e-bef1-d06af29b9200","b364be3a-e01c-4e73-9696-1262ea802afb","Quarter 4","20","Round 20","Waverley","40","MCG","Blake Hardwick","15","Back","3065.10938","231.21","8","287.28625","7.27881","109.8723654917104440","69.29032","128","40","0","915.71997","1673.8199999332428","19.0000000000","15.0000000000","4.0000000000","7.0000000000","2.0000000000","","1.0000000000","8.0000000000","2.0000000000","2.0000000000","315.0293850091","4.0000000000","","","7296.0000000000"
"2025-07-24T00:00:00Z","166707282","Hawthorn v Carlton","e70271d7-604f-47da-8eb3-a3a5ad2792eb","Round 20 v Carlton","2ca83ae0-85a1-479e-bef1-d06af29b9200","eb2f567e-fc66-44d5-a5b8-395c251441a2","Quarter 2","20","Round 20","Waverley","40","MCG","Blake Hardwick","15","Back","3817.21777","427.2","12","360.36053","7.32675","132.7350875396172360","137.8746","173","53","0","1329.91003","1725.4900000095367","19.0000000000","15.0000000000","4.0000000000","7.0000000000","2.0000000000","","1.0000000000","8.0000000000","2.0000000000","2.0000000000","315.0293850091","4.0000000000","","","7296.0000000000"
"2025-07-24T00:00:00Z","166707282","Hawthorn v Carlton","e70271d7-604f-47da-8eb3-a3a5ad2792eb","Round 20 v Carlton","2ca83ae0-85a1-479e-bef1-d06af29b9200","c02dcc95-d00f-41dd-8b60-8432ecf4d808","Quarter 1","20","Round 20","Waverley","40","MCG","Blake Hardwick","15","Back","3455.92603","259.74","5","338.9986","7.47812","106.6973149067739780","120.14718","166","52","0","1240.79004","1943.4000000953674","19.0000000000","15.0000000000","4.0000000000","7.0000000000","2.0000000000","","1.0000000000","8.0000000000","2.0000000000","2.0000000000","315.0293850091","4.0000000000","","","7296.0000000000"
"2025-07-24T00:00:00Z","166707282","Hawthorn v Carlton","e70271d7-604f-47da-8eb3-a3a5ad2792eb","Round 20 v Carlton","131ea882-7562-4a3d-a0e0-ddd0ca763ee2","c02dcc95-d00f-41dd-8b60-8432ecf4d808","Quarter 1","20","Round 20","Waverley","40","MCG","Jack Scrimshaw","14","Hybrid","3278.76929","264.71","8","290.48755","7.43264","101.2278261759525420","123.16425","130","35","0","1339.96997","1943.4000000953674","15.0000000000","9.0000000000","6.0000000000","6.0000000000","2.0000000000","","","5.0000000000","1.0000000000","1.0000000000","213.1413841732","4.0000000000","","","7296.0000000000"
"2025-07-24T00:00:00Z","166707282","Hawthorn v Carlton","e70271d7-604f-47da-8eb3-a3a5ad2792eb","Round 20 v Carlton","131ea882-7562-4a3d-a0e0-ddd0ca763ee2","eb2f567e-fc66-44d5-a5b8-395c251441a2","Quarter 2","20","Round 20","Waverley","40","MCG","Jack Scrimshaw","14","Hybrid","2957.18213","204.9","7","265.74579","7.25085","102.8292993868520520","125","125","31","0","1118.52002","1725.4900000095367","15.0000000000","9.0000000000","6.0000000000","6.0000000000","2.0000000000","","","5.0000000000","1.0000000000","1.0000000000","213.1413841732","4.0000000000","","","7296.0000000000"
"2025-07-24T00:00:00Z","166707282","Hawthorn v Carlton","e70271d7-604f-47da-8eb3-a3a5ad2792eb","Round 20 v Carlton","131ea882-7562-4a3d-a0e0-ddd0ca763ee2","d161fdd5-b213-4d59-98ff-7fde64da7c65","Quarter 3","20","Round 20","Waverley","40","MCG","Jack Scrimshaw","14","Hybrid","3300.99561","225.14000000000001","5","308.54761","7.41449","102.6934574000935440","0","0","41","0","1326.41003","1928.6499998569489","15.0000000000","9.0000000000","6.0000000000","6.0000000000","2.0000000000","","","5.0000000000","1.0000000000","1.0000000000","213.1413841732","4.0000000000","","","7296.0000000000"
"2025-07-24T00:00:00Z","166707282","Hawthorn v Carlton","e70271d7-604f-47da-8eb3-a3a5ad2792eb","Round 20 v Carlton","131ea882-7562-4a3d-a0e0-ddd0ca763ee2","b364be3a-e01c-4e73-9696-1262ea802afb","Quarter 4","20","Round 20","Waverley","40","MCG","Jack Scrimshaw","14","Hybrid","2539.50195","96.39","2","233.23706","6.94893","91.0313635911131400","123.57506","125","33","0","933.85999","1673.8199999332428","15.0000000000","9.0000000000","6.0000000000","6.0000000000","2.0000000000","","","5.0000000000","1.0000000000","1.0000000000","213.1413841732","4.0000000000","","","7296.0000000000"
"2025-07-24T00:00:00Z","166707282","Hawthorn v Carlton","e70271d7-604f-47da-8eb3-a3a5ad2792eb","Round 20 v Carlton","d906015c-707c-4176-b45b-c0b21e435310","b364be3a-e01c-4e73-9696-1262ea802afb","Quarter 4","20","Round 20","Waverley","40","MCG","Josh Battle","24","Hybrid","2703.27051","351.14000999999996","6","265.2113","7.11869","96.9018356851207980","63.6456","141","42","0","869.36005","1673.8199999332428","14.0000000000","9.0000000000","5.0000000000","7.0000000000","1.0000000000","","","8.0000000000","2.0000000000","2.0000000000","242.4202901764","3.0000000000","","","7296.0000000000"
"2025-07-24T00:00:00Z","166707282","Hawthorn v Carlton","e70271d7-604f-47da-8eb3-a3a5ad2792eb","Round 20 v Carlton","d906015c-707c-4176-b45b-c0b21e435310","d161fdd5-b213-4d59-98ff-7fde64da7c65","Quarter 3","20","Round 20","Waverley","40","MCG","Josh Battle","24","Hybrid","3537.65625","261.29","5","355.2594","7.98096","110.0559329146001700","82.98256","153","47","0","1172.88","1928.6499998569489","14.0000000000","9.0000000000","5.0000000000","7.0000000000","1.0000000000","","","8.0000000000","2.0000000000","2.0000000000","242.4202901764","3.0000000000","","","7296.0000000000"
"2025-07-24T00:00:00Z","166707282","Hawthorn v Carlton","e70271d7-604f-47da-8eb3-a3a5ad2792eb","Round 20 v Carlton","d906015c-707c-4176-b45b-c0b21e435310","eb2f567e-fc66-44d5-a5b8-395c251441a2","Quarter 2","20","Round 20","Waverley","40","MCG","Josh Battle","24","Hybrid","3260.77295","345.65000000000003","9","325.77222","7.71551","113.3859813727802940","80.83678","161","49","0","997.77002","1725.4900000095367","14.0000000000","9.0000000000","5.0000000000","7.0000000000","1.0000000000","","","8.0000000000","2.0000000000","2.0000000000","242.4202901764","3.0000000000","","","7296.0000000000"
"2025-07-24T00:00:00Z","166707282","Hawthorn v Carlton","e70271d7-604f-47da-8eb3-a3a5ad2792eb","Round 20 v Carlton","d906015c-707c-4176-b45b-c0b21e435310","c02dcc95-d00f-41dd-8b60-8432ecf4d808","Quarter 1","20","Round 20","Waverley","40","MCG","Josh Battle","24","Hybrid","4356.41211","352.28","11","428.0076","8.07726","134.4986758192720020","104.01523","166","54","0","1581.63","1943.4000000953674","14.0000000000","9.0000000000","5.0000000000","7.0000000000","1.0000000000","","","8.0000000000","2.0000000000","2.0000000000","242.4202901764","3.0000000000","","","7296.0000000000"
"2025-07-24T00:00:00Z","166707282","Hawthorn v Carlton","e70271d7-604f-47da-8eb3-a3a5ad2792eb","Round 20 v Carlton","35159eb5-300f-48c1-b664-b6b12ef66fda","c02dcc95-d00f-41dd-8b60-8432ecf4d808","Quarter 1","20","Round 20","Waverley","40","MCG","Mitch Lewis","02","Back","3323.39526","528.97","10","275.23499","7.52289","102.6055961666228100","94.8556","115","36","0","992.22998","1943.4000000953674","14.0000000000","9.0000000000","5.0000000000","6.0000000000","2.0000000000","","1.0000000000","12.0000000000","3.0000000000","","302.5402120995","3.0000000000","2.0000000000","1.0000000000","7296.0000000000"
"2025-07-24T00:00:00Z","166707282","Hawthorn v Carlton","e70271d7-604f-47da-8eb3-a3a5ad2792eb","Round 20 v Carlton","35159eb5-300f-48c1-b664-b6b12ef66fda","eb2f567e-fc66-44d5-a5b8-395c251441a2","Quarter 2","20","Round 20","Waverley","40","MCG","Mitch Lewis","02","Back","2039.73584","149.79000000000002","3","170.69318","7.54285","70.9271861322427740","100","100","27","0","674.73999","1725.4900000095367","14.0000000000","9.0000000000","5.0000000000","6.0000000000","2.0000000000","","1.0000000000","12.0000000000","3.0000000000","","302.5402120995","3.0000000000","2.0000000000","1.0000000000","7296.0000000000"
"2025-07-24T00:00:00Z","166707282","Hawthorn v Carlton","e70271d7-604f-47da-8eb3-a3a5ad2792eb","Round 20 v Carlton","35159eb5-300f-48c1-b664-b6b12ef66fda","b364be3a-e01c-4e73-9696-1262ea802afb","Quarter 4","20","Round 20","Waverley","40","MCG","Mitch Lewis","02","Back","2890.58887","401.21000000000004","10","239.88953","6.91944","103.6164774031360260","99","99","35","0","844.91003","1673.8199999332428","14.0000000000","9.0000000000","5.0000000000","6.0000000000","2.0000000000","","1.0000000000","12.0000000000","3.0000000000","","302.5402120995","3.0000000000","2.0000000000","1.0000000000","7296.0000000000"
"2025-07-24T00:00:00Z","166707282","Hawthorn v Carlton","e70271d7-604f-47da-8eb3-a3a5ad2792eb","Round 20 v Carlton","35159eb5-300f-48c1-b664-b6b12ef66fda","d161fdd5-b213-4d59-98ff-7fde64da7c65","Quarter 3","20","Round 20","Waverley","40","MCG","Mitch Lewis","02","Back","3258.35254","337.24","8","265.17963","7.626","101.3668381585568340","99.48687","100","39","0","1252.93005","1928.6499998569489","14.0000000000","9.0000000000","5.0000000000","6.0000000000","2.0000000000","","1.0000000000","12.0000000000","3.0000000000","","302.5402120995","3.0000000000","2.0000000000","1.0000000000","7296.0000000000"
"2025-07-24T00:00:00Z","166707282","Hawthorn v Carlton","e70271d7-604f-47da-8eb3-a3a5ad2792eb","Round 20 v Carlton","036695b3-12e6-43fb-a153-0dea34fd7c41","b364be3a-e01c-4e73-9696-1262ea802afb","Quarter 4","20","Round 20","Waverley","40","MCG","Karl Amon","10","Hybrid","2440.97266","291.6","5","236.88025","7.63318","87.4994680466485140","0","0","20","0","955.92999","1673.8199999332428","11.0000000000","8.0000000000","3.0000000000","4.0000000000","1.0000000000","2.0000000000","1.0000000000","6.0000000000","1.0000000000","1.0000000000","211.3026069848","3.0000000000","1.0000000000","1.0000000000","7296.0000000000"
"2025-07-24T00:00:00Z","166707282","Hawthorn v Carlton","e70271d7-604f-47da-8eb3-a3a5ad2792eb","Round 20 v Carlton","036695b3-12e6-43fb-a153-0dea34fd7c41","d161fdd5-b213-4d59-98ff-7fde64da7c65","Quarter 3","20","Round 20","Waverley","40","MCG","Karl Amon","10","Hybrid","3630.56055","435.87","8","341.12335","7.10492","112.9461711643673400","0","0","41","0","1348.60999","1928.6499998569489","11.0000000000","8.0000000000","3.0000000000","4.0000000000","1.0000000000","2.0000000000","1.0000000000","6.0000000000","1.0000000000","1.0000000000","211.3026069848","3.0000000000","1.0000000000","1.0000000000","7296.0000000000"
"2025-07-24T00:00:00Z","166707282","Hawthorn v Carlton","e70271d7-604f-47da-8eb3-a3a5ad2792eb","Round 20 v Carlton","036695b3-12e6-43fb-a153-0dea34fd7c41","eb2f567e-fc66-44d5-a5b8-395c251441a2","Quarter 2","20","Round 20","Waverley","40","MCG","Karl Amon","10","Hybrid","3595.77295","377.48999000000003","11","343.99872","6.96477","125.0348463328142040","0","0","38","0","1364.39001","1725.4900000095367","11.0000000000","8.0000000000","3.0000000000","4.0000000000","1.0000000000","2.0000000000","1.0000000000","6.0000000000","1.0000000000","1.0000000000","211.3026069848","3.0000000000","1.0000000000","1.0000000000","7296.0000000000"
"2025-07-24T00:00:00Z","166707282","Hawthorn v Carlton","e70271d7-604f-47da-8eb3-a3a5ad2792eb","Round 20 v Carlton","036695b3-12e6-43fb-a153-0dea34fd7c41","c02dcc95-d00f-41dd-8b60-8432ecf4d808","Quarter 1","20","Round 20","Waverley","40","MCG","Karl Amon","10","Hybrid","3826.53125","683.05999","15","373.15036","7.93833","118.1392790926898040","91.95135","127","42","0","1373.58008","1943.4000000953674","11.0000000000","8.0000000000","3.0000000000","4.0000000000","1.0000000000","2.0000000000","1.0000000000","6.0000000000","1.0000000000","1.0000000000","211.3026069848","3.0000000000","1.0000000000","1.0000000000","7296.0000000000"
"2025-07-24T00:00:00Z","166707282","Hawthorn v Carlton","e70271d7-604f-47da-8eb3-a3a5ad2792eb","Round 20 v Carlton","28405012-6960-46d6-9664-4d4f08217ee7","b364be3a-e01c-4e73-9696-1262ea802afb","Quarter 4","20","Round 20","Waverley","40","MCG","Harry Morrison","01","Back","2731.04395","294.19999","9","263.11853","7.11519","97.8974065350726840","110.6499","126","30","0","899.84998","1673.8199999332428","17.0000000000","8.0000000000","9.0000000000","5.0000000000","1.0000000000","2.0000000000","","7.0000000000","4.0000000000","2.0000000000","294.3765057015","4.0000000000","1.0000000000","","7296.0000000000"
"2025-07-24T00:00:00Z","166707282","Hawthorn v Carlton","e70271d7-604f-47da-8eb3-a3a5ad2792eb","Round 20 v Carlton","28405012-6960-46d6-9664-4d4f08217ee7","d161fdd5-b213-4d59-98ff-7fde64da7c65","Quarter 3","20","Round 20","Waverley","40","MCG","Harry Morrison","01","Back","3743.02441","629.7600100000001","12","363.70093","7.68799","116.4449042680930020","105.41711","119","41","0","1296.78003","1928.6499998569489","17.0000000000","8.0000000000","9.0000000000","5.0000000000","1.0000000000","2.0000000000","","7.0000000000","4.0000000000","2.0000000000","294.3765057015","4.0000000000","1.0000000000","","7296.0000000000"
"2025-07-24T00:00:00Z","166707282","Hawthorn v Carlton","e70271d7-604f-47da-8eb3-a3a5ad2792eb","Round 20 v Carlton","28405012-6960-46d6-9664-4d4f08217ee7","eb2f567e-fc66-44d5-a5b8-395c251441a2","Quarter 2","20","Round 20","Waverley","40","MCG","Harry Morrison","01","Back","3801.32617","367.10999","8","372.49759","7.80354","132.1824932040982080","110.54272","126","47","0","1511.55005","1725.4900000095367","17.0000000000","8.0000000000","9.0000000000","5.0000000000","1.0000000000","2.0000000000","","7.0000000000","4.0000000000","2.0000000000","294.3765057015","4.0000000000","1.0000000000","","7296.0000000000"
"2025-07-24T00:00:00Z","166707282","Hawthorn v Carlton","e70271d7-604f-47da-8eb3-a3a5ad2792eb","Round 20 v Carlton","28405012-6960-46d6-9664-4d4f08217ee7","c02dcc95-d00f-41dd-8b60-8432ecf4d808","Quarter 1","20","Round 20","Waverley","40","MCG","Harry Morrison","01","Back","3381.91309","446.94000000000005","11","330.66345","8.35958","104.4122596429157520","115.99888","145","44","0","1241.37","1943.4000000953674","17.0000000000","8.0000000000","9.0000000000","5.0000000000","1.0000000000","2.0000000000","","7.0000000000","4.0000000000","2.0000000000","294.3765057015","4.0000000000","1.0000000000","","7296.0000000000"
"2025-07-24T00:00:00Z","166707282","Hawthorn v Carlton","e70271d7-604f-47da-8eb3-a3a5ad2792eb","Round 20 v Carlton","78eb8442-e99a-445f-8154-59b764e0c73a","b364be3a-e01c-4e73-9696-1262ea802afb","Quarter 4","20","Round 20","Waverley","40","MCG","Lloyd Meek","17","Hybrid","2815.3418","265.76","4","270.41797","7.06273","100.9191597703080840","87.14742","182","32","0","960.66998","1673.8199999332428","13.0000000000","6.0000000000","7.0000000000","3.0000000000","2.0000000000","3.0000000000","","14.0000000000","1.0000000000","1.0000000000","118.1801326800","3.0000000000","","","7296.0000000000"
"2025-07-24T00:00:00Z","166707282","Hawthorn v Carlton","e70271d7-604f-47da-8eb3-a3a5ad2792eb","Round 20 v Carlton","78eb8442-e99a-445f-8154-59b764e0c73a","d161fdd5-b213-4d59-98ff-7fde64da7c65","Quarter 3","20","Round 20","Waverley","40","MCG","Lloyd Meek","17","Hybrid","3325.38672","22.34","1","350.88177","6.60133","103.4522610192616380","78.46378","121","29","0","1452.64001","1928.6499998569489","13.0000000000","6.0000000000","7.0000000000","3.0000000000","2.0000000000","3.0000000000","","14.0000000000","1.0000000000","1.0000000000","118.1801326800","3.0000000000","","","7296.0000000000"
"2025-07-24T00:00:00Z","166707282","Hawthorn v Carlton","e70271d7-604f-47da-8eb3-a3a5ad2792eb","Round 20 v Carlton","78eb8442-e99a-445f-8154-59b764e0c73a","eb2f567e-fc66-44d5-a5b8-395c251441a2","Quarter 2","20","Round 20","Waverley","40","MCG","Lloyd Meek","17","Hybrid","3080.30029","147.1","2","321.28912","6.20123","107.1104540733232440","81.52833","177","42","0","1140.19995","1725.4900000095367","13.0000000000","6.0000000000","7.0000000000","3.0000000000","2.0000000000","3.0000000000","","14.0000000000","1.0000000000","1.0000000000","118.1801326800","3.0000000000","","","7296.0000000000"
"2025-07-24T00:00:00Z","166707282","Hawthorn v Carlton","e70271d7-604f-47da-8eb3-a3a5ad2792eb","Round 20 v Carlton","78eb8442-e99a-445f-8154-59b764e0c73a","c02dcc95-d00f-41dd-8b60-8432ecf4d808","Quarter 1","20","Round 20","Waverley","40","MCG","Lloyd Meek","17","Hybrid","3567.56006","100.41","3","368.67804","7.47846","110.1438734123164920","109.03092","163","45","0","1473.60999","1943.4000000953674","13.0000000000","6.0000000000","7.0000000000","3.0000000000","2.0000000000","3.0000000000","","14.0000000000","1.0000000000","1.0000000000","118.1801326800","3.0000000000","","","7296.0000000000"
"2025-07-24T00:00:00Z","166707282","Hawthorn v Carlton","e70271d7-604f-47da-8eb3-a3a5ad2792eb","Round 20 v Carlton","d15ed9ce-f683-4f0e-b12f-c87e4029f11e","eb2f567e-fc66-44d5-a5b8-395c251441a2","Quarter 2","20","Round 20","Waverley","40","MCG","Nick Watson","05","Hybrid","2927.71045","317.03999","9","304.67416","8.61037","101.8044885794928540","118.10945","128","35","0","1081.67993","1725.4900000095367","17.0000000000","8.0000000000","9.0000000000","2.0000000000","9.0000000000","3.0000000000","2.0000000000","22.0000000000","4.0000000000","2.0000000000","280.1188319235","3.0000000000","","","7296.0000000000"
"2025-07-24T00:00:00Z","166707282","Hawthorn v Carlton","e70271d7-604f-47da-8eb3-a3a5ad2792eb","Round 20 v Carlton","d15ed9ce-f683-4f0e-b12f-c87e4029f11e","d161fdd5-b213-4d59-98ff-7fde64da7c65","Quarter 3","20","Round 20","Waverley","40","MCG","Nick Watson","05","Hybrid","3151.5625","315.23999999999995","6","324.48303","8.52811","98.0446167080732040","91.61118","124","23","0","1187.65002","1928.6499998569489","17.0000000000","8.0000000000","9.0000000000","2.0000000000","9.0000000000","3.0000000000","2.0000000000","22.0000000000","4.0000000000","2.0000000000","280.1188319235","3.0000000000","","","7296.0000000000"
"2025-07-24T00:00:00Z","166707282","Hawthorn v Carlton","e70271d7-604f-47da-8eb3-a3a5ad2792eb","Round 20 v Carlton","d15ed9ce-f683-4f0e-b12f-c87e4029f11e","b364be3a-e01c-4e73-9696-1262ea802afb","Quarter 4","20","Round 20","Waverley","40","MCG","Nick Watson","05","Hybrid","2316.22754","254.51999999999998","8","241.41199","8.44273","83.0278359713366460","56.74366","100","18","0","906.01001","1673.8199999332428","17.0000000000","8.0000000000","9.0000000000","2.0000000000","9.0000000000","3.0000000000","2.0000000000","22.0000000000","4.0000000000","2.0000000000","280.1188319235","3.0000000000","","","7296.0000000000"
"2025-07-24T00:00:00Z","166707282","Hawthorn v Carlton","e70271d7-604f-47da-8eb3-a3a5ad2792eb","Round 20 v Carlton","d15ed9ce-f683-4f0e-b12f-c87e4029f11e","c02dcc95-d00f-41dd-8b60-8432ecf4d808","Quarter 1","20","Round 20","Waverley","40","MCG","Nick Watson","05","Hybrid","3641.71997","528.5600099999999","12","359.18719","8.72378","112.4334661877521440","124.80682","149","31","0","1246.09009","1943.4000000953674","17.0000000000","8.0000000000","9.0000000000","2.0000000000","9.0000000000","3.0000000000","2.0000000000","22.0000000000","4.0000000000","2.0000000000","280.1188319235","3.0000000000","","","7296.0000000000"
"2025-07-24T00:00:00Z","166707282","Hawthorn v Carlton","e70271d7-604f-47da-8eb3-a3a5ad2792eb","Round 20 v Carlton","8b0242f4-3a3b-4651-949f-17da0062afba","b364be3a-e01c-4e73-9696-1262ea802afb","Quarter 4","20","Round 20","Waverley","40","MCG","Dylan Moore","08","Midfielder","3326.32031","446.54999999999995","11","352.10938","7.67103","119.2357712346368460","88.25205","161","50","0","1228.06006","1673.8199999332428","10.0000000000","3.0000000000","7.0000000000","4.0000000000","2.0000000000","","","22.0000000000","1.0000000000","","35.8523127785","","","","7296.0000000000"
"2025-07-24T00:00:00Z","166707282","Hawthorn v Carlton","e70271d7-604f-47da-8eb3-a3a5ad2792eb","Round 20 v Carlton","8b0242f4-3a3b-4651-949f-17da0062afba","d161fdd5-b213-4d59-98ff-7fde64da7c65","Quarter 3","20","Round 20","Waverley","40","MCG","Dylan Moore","08","Midfielder","3876.6875","621.40999","12","398.45612","7.58267","120.6031421031563100","84.04847","151","52","0","1480.87","1928.6499998569489","10.0000000000","3.0000000000","7.0000000000","4.0000000000","2.0000000000","","","22.0000000000","1.0000000000","","35.8523127785","","","","7296.0000000000"
"2025-07-24T00:00:00Z","166707282","Hawthorn v Carlton","e70271d7-604f-47da-8eb3-a3a5ad2792eb","Round 20 v Carlton","8b0242f4-3a3b-4651-949f-17da0062afba","eb2f567e-fc66-44d5-a5b8-395c251441a2","Quarter 2","20","Round 20","Waverley","40","MCG","Dylan Moore","08","Midfielder","4156.87305","553.28999","12","427.64215","7.84271","144.5458292998635240","97.50771","128","49","0","1597.52002","1725.4900000095367","10.0000000000","3.0000000000","7.0000000000","4.0000000000","2.0000000000","","","22.0000000000","1.0000000000","","35.8523127785","","","","7296.0000000000"
"2025-07-24T00:00:00Z","166707282","Hawthorn v Carlton","e70271d7-604f-47da-8eb3-a3a5ad2792eb","Round 20 v Carlton","8b0242f4-3a3b-4651-949f-17da0062afba","c02dcc95-d00f-41dd-8b60-8432ecf4d808","Quarter 1","20","Round 20","Waverley","40","MCG","Dylan Moore","08","Midfielder","3830.93994","646.0800099999999","17","382.05023","8.34428","118.2753917817846960","121.52316","138","59","0","1240.82996","1943.4000000953674","10.0000000000","3.0000000000","7.0000000000","4.0000000000","2.0000000000","","","22.0000000000","1.0000000000","","35.8523127785","","","","7296.0000000000"
"2025-07-24T00:00:00Z","166707282","Hawthorn v Carlton","e70271d7-604f-47da-8eb3-a3a5ad2792eb","Round 20 v Carlton","d15ed9ce-f683-4f0e-b12f-c87e4029f11e","b364be3a-e01c-4e73-9696-1262ea802afb","Quarter 4","20","Round 20","Waverley","40","MCG","Nick Watson","05","Hybrid","2316.22754","254.51999999999998","8","241.41199","8.44273","83.0278359713366460","56.74366","100","18","0","906.01001","1673.8199999332428","19.0000000000","13.0000000000","6.0000000000","5.0000000000","3.0000000000","1.0000000000","1.0000000000","15.0000000000","6.0000000000","1.0000000000","402.3174846797","5.0000000000","1.0000000000","","7296.0000000000"
"2025-07-24T00:00:00Z","166707282","Hawthorn v Carlton","e70271d7-604f-47da-8eb3-a3a5ad2792eb","Round 20 v Carlton","d15ed9ce-f683-4f0e-b12f-c87e4029f11e","d161fdd5-b213-4d59-98ff-7fde64da7c65","Quarter 3","20","Round 20","Waverley","40","MCG","Nick Watson","05","Hybrid","3151.5625","315.23999999999995","6","324.48303","8.52811","98.0446167080732040","91.61118","124","23","0","1187.65002","1928.6499998569489","19.0000000000","13.0000000000","6.0000000000","5.0000000000","3.0000000000","1.0000000000","1.0000000000","15.0000000000","6.0000000000","1.0000000000","402.3174846797","5.0000000000","1.0000000000","","7296.0000000000"
"2025-07-24T00:00:00Z","166707282","Hawthorn v Carlton","e70271d7-604f-47da-8eb3-a3a5ad2792eb","Round 20 v Carlton","d15ed9ce-f683-4f0e-b12f-c87e4029f11e","eb2f567e-fc66-44d5-a5b8-395c251441a2","Quarter 2","20","Round 20","Waverley","40","MCG","Nick Watson","05","Hybrid","2927.71045","317.03999","9","304.67416","8.61037","101.8044885794928540","118.10945","128","35","0","1081.67993","1725.4900000095367","19.0000000000","13.0000000000","6.0000000000","5.0000000000","3.0000000000","1.0000000000","1.0000000000","15.0000000000","6.0000000000","1.0000000000","402.3174846797","5.0000000000","1.0000000000","","7296.0000000000"
"2025-07-24T00:00:00Z","166707282","Hawthorn v Carlton","e70271d7-604f-47da-8eb3-a3a5ad2792eb","Round 20 v Carlton","d15ed9ce-f683-4f0e-b12f-c87e4029f11e","c02dcc95-d00f-41dd-8b60-8432ecf4d808","Quarter 1","20","Round 20","Waverley","40","MCG","Nick Watson","05","Hybrid","3641.71997","528.5600099999999","12","359.18719","8.72378","112.4334661877521440","124.80682","149","31","0","1246.09009","1943.4000000953674","19.0000000000","13.0000000000","6.0000000000","5.0000000000","3.0000000000","1.0000000000","1.0000000000","15.0000000000","6.0000000000","1.0000000000","402.3174846797","5.0000000000","1.0000000000","","7296.0000000000"
"2025-07-24T00:00:00Z","166707282","Hawthorn v Carlton","e70271d7-604f-47da-8eb3-a3a5ad2792eb","Round 20 v Carlton","09911943-d336-480e-bc5a-6f526913bbfb","c02dcc95-d00f-41dd-8b60-8432ecf4d808","Quarter 1","20","Round 20","Waverley","40","MCG","Will Day","12","Hybrid","2919.47217","315.45000999999996","9","305.81247","8.77414","90.1349851761881580","102.59419","113","49","0","1044.65002","1943.4000000953674","15.0000000000","8.0000000000","7.0000000000","3.0000000000","1.0000000000","3.0000000000","","6.0000000000","4.0000000000","1.0000000000","224.7708305891","3.0000000000","","","7296.0000000000"
"2025-07-24T00:00:00Z","166707282","Hawthorn v Carlton","e70271d7-604f-47da-8eb3-a3a5ad2792eb","Round 20 v Carlton","09911943-d336-480e-bc5a-6f526913bbfb","eb2f567e-fc66-44d5-a5b8-395c251441a2","Quarter 2","20","Round 20","Waverley","40","MCG","Will Day","12","Hybrid","2253.53101","177.13","4","238.45584","7.03922","78.3614281156382760","0","0","35","0","817.69995","1725.4900000095367","15.0000000000","8.0000000000","7.0000000000","3.0000000000","1.0000000000","3.0000000000","","6.0000000000","4.0000000000","1.0000000000","224.7708305891","3.0000000000","","","7296.0000000000"
"2025-07-24T00:00:00Z","166707282","Hawthorn v Carlton","e70271d7-604f-47da-8eb3-a3a5ad2792eb","Round 20 v Carlton","09911943-d336-480e-bc5a-6f526913bbfb","d161fdd5-b213-4d59-98ff-7fde64da7c65","Quarter 3","20","Round 20","Waverley","40","MCG","Will Day","12","Hybrid","3523.17871","294.58","8","381.60138","7.81819","109.6055389083966480","116.51533","117","51","0","1294.44995","1928.6499998569489","15.0000000000","8.0000000000","7.0000000000","3.0000000000","1.0000000000","3.0000000000","","6.0000000000","4.0000000000","1.0000000000","224.7708305891","3.0000000000","","","7296.0000000000"
"2025-07-24T00:00:00Z","166707282","Hawthorn v Carlton","e70271d7-604f-47da-8eb3-a3a5ad2792eb","Round 20 v Carlton","09911943-d336-480e-bc5a-6f526913bbfb","b364be3a-e01c-4e73-9696-1262ea802afb","Quarter 4","20","Round 20","Waverley","40","MCG","Will Day","12","Hybrid","2108.73438","41.53","0","236.83521","6.05019","75.5900053799370180","0","0","29","0","831.93005","1673.8199999332428","15.0000000000","8.0000000000","7.0000000000","3.0000000000","1.0000000000","3.0000000000","","6.0000000000","4.0000000000","1.0000000000","224.7708305891","3.0000000000","","","7296.0000000000"
"2025-07-24T00:00:00Z","166707282","Hawthorn v Carlton","e70271d7-604f-47da-8eb3-a3a5ad2792eb","Round 20 v Carlton","dc9a9fa6-3f4c-464e-ae3c-ce8c25ab08d1","c02dcc95-d00f-41dd-8b60-8432ecf4d808","Quarter 1","20","Round 20","Waverley","40","MCG","Massimo D'Ambrosio","16","Hybrid","3960.87402","544.49999","16","379.328","7.57226","122.2869410251815420","156.01248","166","52","0","1347.45996","1943.4000000953674","22.0000000000","13.0000000000","9.0000000000","7.0000000000","2.0000000000","1.0000000000","","7.0000000000","2.0000000000","3.0000000000","377.8180476809","5.0000000000","","","7296.0000000000"
"2025-07-24T00:00:00Z","166707282","Hawthorn v Carlton","e70271d7-604f-47da-8eb3-a3a5ad2792eb","Round 20 v Carlton","dc9a9fa6-3f4c-464e-ae3c-ce8c25ab08d1","eb2f567e-fc66-44d5-a5b8-395c251441a2","Quarter 2","20","Round 20","Waverley","40","MCG","Massimo D'Ambrosio","16","Hybrid","1993.4082","320.56998999999996","6","201.60455","7.80326","69.3162475582813860","0","0","23","0","680.59003","1725.4900000095367","22.0000000000","13.0000000000","9.0000000000","7.0000000000","2.0000000000","1.0000000000","","7.0000000000","2.0000000000","3.0000000000","377.8180476809","5.0000000000","","","7296.0000000000"
"2025-07-24T00:00:00Z","166707282","Hawthorn v Carlton","e70271d7-604f-47da-8eb3-a3a5ad2792eb","Round 20 v Carlton","dc9a9fa6-3f4c-464e-ae3c-ce8c25ab08d1","d161fdd5-b213-4d59-98ff-7fde64da7c65","Quarter 3","20","Round 20","Waverley","40","MCG","Massimo D'Ambrosio","16","Hybrid","3483.26465","500.09","14","349.11298","8.28967","108.3638187413483880","58.27973","96","49","0","1162.48999","1928.6499998569489","22.0000000000","13.0000000000","9.0000000000","7.0000000000","2.0000000000","1.0000000000","","7.0000000000","2.0000000000","3.0000000000","377.8180476809","5.0000000000","","","7296.0000000000"
"2025-07-24T00:00:00Z","166707282","Hawthorn v Carlton","e70271d7-604f-47da-8eb3-a3a5ad2792eb","Round 20 v Carlton","dc9a9fa6-3f4c-464e-ae3c-ce8c25ab08d1","b364be3a-e01c-4e73-9696-1262ea802afb","Quarter 4","20","Round 20","Waverley","40","MCG","Massimo D'Ambrosio","16","Hybrid","2781.76465","366.75999","9","284.49475","8.1353","99.7155482708157000","50.60882","113","43","0","841.06","1673.8199999332428","22.0000000000","13.0000000000","9.0000000000","7.0000000000","2.0000000000","1.0000000000","","7.0000000000","2.0000000000","3.0000000000","377.8180476809","5.0000000000","","","7296.0000000000"
"2025-07-24T00:00:00Z","166707282","Hawthorn v Carlton","e70271d7-604f-47da-8eb3-a3a5ad2792eb","Round 20 v Carlton","8abef924-5203-4e6c-967d-b809d768e3b4","eb2f567e-fc66-44d5-a5b8-395c251441a2","Quarter 2","20","Round 20","Waverley","40","MCG","Calsher Dear","13","Hybrid","2803.51074","309.31999","8","251.68997","7.43013","97.4857254455663640","0","0","32","0","878.55005","1725.4900000095367","27.0000000000","13.0000000000","14.0000000000","6.0000000000","4.0000000000","2.0000000000","1.0000000000","16.0000000000","2.0000000000","2.0000000000","261.8093358399","3.0000000000","","","7296.0000000000"
"2025-07-24T00:00:00Z","166707282","Hawthorn v Carlton","e70271d7-604f-47da-8eb3-a3a5ad2792eb","Round 20 v Carlton","8abef924-5203-4e6c-967d-b809d768e3b4","d161fdd5-b213-4d59-98ff-7fde64da7c65","Quarter 3","20","Round 20","Waverley","40","MCG","Calsher Dear","13","Hybrid","3136.97168","294.59001","6","281.01184","7.41659","97.5906985787781360","0","0","40","0","1021.52997","1928.6499998569489","27.0000000000","13.0000000000","14.0000000000","6.0000000000","4.0000000000","2.0000000000","1.0000000000","16.0000000000","2.0000000000","2.0000000000","261.8093358399","3.0000000000","","","7296.0000000000"
"2025-07-24T00:00:00Z","166707282","Hawthorn v Carlton","e70271d7-604f-47da-8eb3-a3a5ad2792eb","Round 20 v Carlton","8abef924-5203-4e6c-967d-b809d768e3b4","c02dcc95-d00f-41dd-8b60-8432ecf4d808","Quarter 1","20","Round 20","Waverley","40","MCG","Calsher Dear","13","Hybrid","3613.66016","429.30999","9","322.26373","7.63965","111.5671552893692160","0","0","52","0","1174.43994","1943.4000000953674","27.0000000000","13.0000000000","14.0000000000","6.0000000000","4.0000000000","2.0000000000","1.0000000000","16.0000000000","2.0000000000","2.0000000000","261.8093358399","3.0000000000","","","7296.0000000000"
"2025-07-24T00:00:00Z","166707282","Hawthorn v Carlton","e70271d7-604f-47da-8eb3-a3a5ad2792eb","Round 20 v Carlton","8abef924-5203-4e6c-967d-b809d768e3b4","b364be3a-e01c-4e73-9696-1262ea802afb","Quarter 4","20","Round 20","Waverley","40","MCG","Calsher Dear","13","Hybrid","2718.8457","194.61","7","242.05688","6.9518","97.4601462561722100","0","0","30","0","857.71997","1673.8199999332428","27.0000000000","13.0000000000","14.0000000000","6.0000000000","4.0000000000","2.0000000000","1.0000000000","16.0000000000","2.0000000000","2.0000000000","261.8093358399","3.0000000000","","","7296.0000000000"
"2025-07-24T00:00:00Z","166707282","Hawthorn v Carlton","e70271d7-604f-47da-8eb3-a3a5ad2792eb","Round 20 v Carlton","ee799c04-c79f-41c9-bd53-176bb21a7077","b364be3a-e01c-4e73-9696-1262ea802afb","Quarter 4","20","Round 20","Waverley","40","MCG","Conor Nash","11","Back","3163.92969","238.94","6","276.03601","7.09773","113.4146929822628760","46.84289","124","47","0","1075.98999","1673.8199999332428","21.0000000000","8.0000000000","13.0000000000","8.0000000000","5.0000000000","4.0000000000","","25.0000000000","2.0000000000","1.0000000000","111.7214678716","4.0000000000","","","7296.0000000000"
"2025-07-24T00:00:00Z","166707282","Hawthorn v Carlton","e70271d7-604f-47da-8eb3-a3a5ad2792eb","Round 20 v Carlton","ee799c04-c79f-41c9-bd53-176bb21a7077","d161fdd5-b213-4d59-98ff-7fde64da7c65","Quarter 3","20","Round 20","Waverley","40","MCG","Conor Nash","11","Back","3233.22705","324.20001","7","293.1239","7.11932","100.5851880923904420","45.90541","118","49","0","1220.26001","1928.6499998569489","21.0000000000","8.0000000000","13.0000000000","8.0000000000","5.0000000000","4.0000000000","","25.0000000000","2.0000000000","1.0000000000","111.7214678716","4.0000000000","","","7296.0000000000"
"2025-07-24T00:00:00Z","166707282","Hawthorn v Carlton","e70271d7-604f-47da-8eb3-a3a5ad2792eb","Round 20 v Carlton","ee799c04-c79f-41c9-bd53-176bb21a7077","eb2f567e-fc66-44d5-a5b8-395c251441a2","Quarter 2","20","Round 20","Waverley","40","MCG","Conor Nash","11","Back","3902.7063","390.12001","8","332.95544","7.48529","135.7077572160405420","30.56098","102","54","0","1527.33997","1725.4900000095367","21.0000000000","8.0000000000","13.0000000000","8.0000000000","5.0000000000","4.0000000000","","25.0000000000","2.0000000000","1.0000000000","111.7214678716","4.0000000000","","","7296.0000000000"
"2025-07-24T00:00:00Z","166707282","Hawthorn v Carlton","e70271d7-604f-47da-8eb3-a3a5ad2792eb","Round 20 v Carlton","ee799c04-c79f-41c9-bd53-176bb21a7077","c02dcc95-d00f-41dd-8b60-8432ecf4d808","Quarter 1","20","Round 20","Waverley","40","MCG","Conor Nash","11","Back","2708.98315","205.00999","3","223.55376","6.95887","83.6364047504496300","50.83175","149","33","0","1018.58002","1943.4000000953674","21.0000000000","8.0000000000","13.0000000000","8.0000000000","5.0000000000","4.0000000000","","25.0000000000","2.0000000000","1.0000000000","111.7214678716","4.0000000000","","","7296.0000000000"
"2025-07-24T00:00:00Z","166707282","Hawthorn v Carlton","e70271d7-604f-47da-8eb3-a3a5ad2792eb","Round 20 v Carlton","0325dfcd-afd9-4feb-9006-dd13f41ca9e6","c02dcc95-d00f-41dd-8b60-8432ecf4d808","Quarter 1","20","Round 20","Waverley","40","MCG","Jack Gunston","19","Forward","3584.93823","288.93001","8","359.13019","7.67866","110.6804022792244020","71.96352","166","44","0","1311.30005","1943.4000000953674","9.0000000000","7.0000000000","2.0000000000","2.0000000000","2.0000000000","","1.0000000000","14.0000000000","1.0000000000","","192.8893741829","3.0000000000","1.0000000000","","7296.0000000000"
"2025-07-24T00:00:00Z","166707282","Hawthorn v Carlton","e70271d7-604f-47da-8eb3-a3a5ad2792eb","Round 20 v Carlton","0325dfcd-afd9-4feb-9006-dd13f41ca9e6","eb2f567e-fc66-44d5-a5b8-395c251441a2","Quarter 2","20","Round 20","Waverley","40","MCG","Jack Gunston","19","Forward","3321.61816","230.51","6","331.54233","7.86784","115.5017355063770280","69.21593","104","39","0","1263.5","1725.4900000095367","9.0000000000","7.0000000000","2.0000000000","2.0000000000","2.0000000000","","1.0000000000","14.0000000000","1.0000000000","","192.8893741829","3.0000000000","1.0000000000","","7296.0000000000"
"2025-07-24T00:00:00Z","166707282","Hawthorn v Carlton","e70271d7-604f-47da-8eb3-a3a5ad2792eb","Round 20 v Carlton","0325dfcd-afd9-4feb-9006-dd13f41ca9e6","d161fdd5-b213-4d59-98ff-7fde64da7c65","Quarter 3","20","Round 20","Waverley","40","MCG","Jack Gunston","19","Forward","3225.67578","246.21999999999997","3","316.18457","7.69251","100.3502692631401320","82.43089","124","26","0","1179.62","1928.6499998569489","9.0000000000","7.0000000000","2.0000000000","2.0000000000","2.0000000000","","1.0000000000","14.0000000000","1.0000000000","","192.8893741829","3.0000000000","1.0000000000","","7296.0000000000"
"2025-07-24T00:00:00Z","166707282","Hawthorn v Carlton","e70271d7-604f-47da-8eb3-a3a5ad2792eb","Round 20 v Carlton","0325dfcd-afd9-4feb-9006-dd13f41ca9e6","b364be3a-e01c-4e73-9696-1262ea802afb","Quarter 4","20","Round 20","Waverley","40","MCG","Jack Gunston","19","Forward","2976.93555","225.15000000000003","5","287.83337","7.80345","106.7116733024601060","74.19905","116","40","0","1098.71997","1673.8199999332428","9.0000000000","7.0000000000","2.0000000000","2.0000000000","2.0000000000","","1.0000000000","14.0000000000","1.0000000000","","192.8893741829","3.0000000000","1.0000000000","","7296.0000000000"
"2025-07-24T00:00:00Z","166707282","Hawthorn v Carlton","e70271d7-604f-47da-8eb3-a3a5ad2792eb","Round 20 v Carlton","09911943-d336-480e-bc5a-6f526913bbfb","b364be3a-e01c-4e73-9696-1262ea802afb","Quarter 4","20","Round 20","Waverley","40","MCG","Will Day","12","Hybrid","2108.73438","41.53","0","236.83521","6.05019","75.5900053799370180","0","0","29","0","831.93005","1673.8199999332428","15.0000000000","8.0000000000","7.0000000000","4.0000000000","5.0000000000","3.0000000000","1.0000000000","21.0000000000","2.0000000000","2.0000000000","171.7211065727","3.0000000000","","","7296.0000000000"
"2025-07-24T00:00:00Z","166707282","Hawthorn v Carlton","e70271d7-604f-47da-8eb3-a3a5ad2792eb","Round 20 v Carlton","09911943-d336-480e-bc5a-6f526913bbfb","d161fdd5-b213-4d59-98ff-7fde64da7c65","Quarter 3","20","Round 20","Waverley","40","MCG","Will Day","12","Hybrid","3523.17871","294.58","8","381.60138","7.81819","109.6055389083966480","116.51533","117","51","0","1294.44995","1928.6499998569489","15.0000000000","8.0000000000","7.0000000000","4.0000000000","5.0000000000","3.0000000000","1.0000000000","21.0000000000","2.0000000000","2.0000000000","171.7211065727","3.0000000000","","","7296.0000000000"
"2025-07-24T00:00:00Z","166707282","Hawthorn v Carlton","e70271d7-604f-47da-8eb3-a3a5ad2792eb","Round 20 v Carlton","09911943-d336-480e-bc5a-6f526913bbfb","eb2f567e-fc66-44d5-a5b8-395c251441a2","Quarter 2","20","Round 20","Waverley","40","MCG","Will Day","12","Hybrid","2253.53101","177.13","4","238.45584","7.03922","78.3614281156382760","0","0","35","0","817.69995","1725.4900000095367","15.0000000000","8.0000000000","7.0000000000","4.0000000000","5.0000000000","3.0000000000","1.0000000000","21.0000000000","2.0000000000","2.0000000000","171.7211065727","3.0000000000","","","7296.0000000000"
"2025-07-24T00:00:00Z","166707282","Hawthorn v Carlton","e70271d7-604f-47da-8eb3-a3a5ad2792eb","Round 20 v Carlton","09911943-d336-480e-bc5a-6f526913bbfb","c02dcc95-d00f-41dd-8b60-8432ecf4d808","Quarter 1","20","Round 20","Waverley","40","MCG","Will Day","12","Hybrid","2919.47217","315.45000999999996","9","305.81247","8.77414","90.1349851761881580","102.59419","113","49","0","1044.65002","1943.4000000953674","15.0000000000","8.0000000000","7.0000000000","4.0000000000","5.0000000000","3.0000000000","1.0000000000","21.0000000000","2.0000000000","2.0000000000","171.7211065727","3.0000000000","","","7296.0000000000"
"2025-07-24T00:00:00Z","166707282","Hawthorn v Carlton","e70271d7-604f-47da-8eb3-a3a5ad2792eb","Round 20 v Carlton","020880cf-4cc3-45b8-ade5-ced73183435f","eb2f567e-fc66-44d5-a5b8-395c251441a2","Quarter 2","20","Round 20","Waverley","40","MCG","Jack Ginnivan","33","Hybrid","3723.37329","477.99001000000004","13","391.80124","7.81678","129.4718586597229020","106.98372","114","50","0","1315.52002","1725.4900000095367","18.0000000000","9.0000000000","9.0000000000","3.0000000000","6.0000000000","2.0000000000","1.0000000000","18.0000000000","4.0000000000","","285.8411628161","2.0000000000","1.0000000000","","7296.0000000000"
"2025-07-24T00:00:00Z","166707282","Hawthorn v Carlton","e70271d7-604f-47da-8eb3-a3a5ad2792eb","Round 20 v Carlton","020880cf-4cc3-45b8-ade5-ced73183435f","d161fdd5-b213-4d59-98ff-7fde64da7c65","Quarter 3","20","Round 20","Waverley","40","MCG","Jack Ginnivan","33","Hybrid","2924.55127","441.74","8","291.54993","8.03914","90.9823328302258680","108.32985","112","37","0","906.91003","1928.6499998569489","18.0000000000","9.0000000000","9.0000000000","3.0000000000","6.0000000000","2.0000000000","1.0000000000","18.0000000000","4.0000000000","","285.8411628161","2.0000000000","1.0000000000","","7296.0000000000"
"2025-07-24T00:00:00Z","166707282","Hawthorn v Carlton","e70271d7-604f-47da-8eb3-a3a5ad2792eb","Round 20 v Carlton","020880cf-4cc3-45b8-ade5-ced73183435f","b364be3a-e01c-4e73-9696-1262ea802afb","Quarter 4","20","Round 20","Waverley","40","MCG","Jack Ginnivan","33","Hybrid","3160.2666","546.7499999999999","16","331.20276","7.25092","113.2833853147665120","89","89","50","0","1045.33997","1673.8199999332428","18.0000000000","9.0000000000","9.0000000000","3.0000000000","6.0000000000","2.0000000000","1.0000000000","18.0000000000","4.0000000000","","285.8411628161","2.0000000000","1.0000000000","","7296.0000000000"
"2025-07-24T00:00:00Z","166707282","Hawthorn v Carlton","e70271d7-604f-47da-8eb3-a3a5ad2792eb","Round 20 v Carlton","020880cf-4cc3-45b8-ade5-ced73183435f","c02dcc95-d00f-41dd-8b60-8432ecf4d808","Quarter 1","20","Round 20","Waverley","40","MCG","Jack Ginnivan","33","Hybrid","3133.23486","421.99998000000005","9","309.90469","7.41934","96.7346359940180460","117.13469","134","51","0","970.30994","1943.4000000953674","18.0000000000","9.0000000000","9.0000000000","3.0000000000","6.0000000000","2.0000000000","1.0000000000","18.0000000000","4.0000000000","","285.8411628161","2.0000000000","1.0000000000","","7296.0000000000"
"2025-07-24T00:00:00Z","166707282","Hawthorn v Carlton","e70271d7-604f-47da-8eb3-a3a5ad2792eb","Round 20 v Carlton","2794f857-7792-4f4b-b5fc-204ce195a191","c02dcc95-d00f-41dd-8b60-8432ecf4d808","Quarter 1","20","Round 20","Waverley","40","MCG","Josh Ward","25","Hybrid","3994.04102","506.28001","11","355.58981","7.93932","123.3109299105897720","89.92369","156","45","0","1460.94006","1943.4000000953674","22.0000000000","7.0000000000","15.0000000000","4.0000000000","4.0000000000","1.0000000000","1.0000000000","14.0000000000","3.0000000000","1.0000000000","244.4119226333","1.0000000000","1.0000000000","","7296.0000000000"
"2025-07-24T00:00:00Z","166707282","Hawthorn v Carlton","e70271d7-604f-47da-8eb3-a3a5ad2792eb","Round 20 v Carlton","2794f857-7792-4f4b-b5fc-204ce195a191","eb2f567e-fc66-44d5-a5b8-395c251441a2","Quarter 2","20","Round 20","Waverley","40","MCG","Josh Ward","25","Hybrid","3241.12305","298.96999999999997","8","290.35089","7.20477","112.7027006815021740","78.83514","168","45","0","1181.14001","1725.4900000095367","22.0000000000","7.0000000000","15.0000000000","4.0000000000","4.0000000000","1.0000000000","1.0000000000","14.0000000000","3.0000000000","1.0000000000","244.4119226333","1.0000000000","1.0000000000","","7296.0000000000"
"2025-07-24T00:00:00Z","166707282","Hawthorn v Carlton","e70271d7-604f-47da-8eb3-a3a5ad2792eb","Round 20 v Carlton","2794f857-7792-4f4b-b5fc-204ce195a191","d161fdd5-b213-4d59-98ff-7fde64da7c65","Quarter 3","20","Round 20","Waverley","40","MCG","Josh Ward","25","Hybrid","3255.5498","498.17001999999997","12","285.45111","7.06135","101.2796453552942040","53.29682","121","38","0","1060.62","1928.6499998569489","22.0000000000","7.0000000000","15.0000000000","4.0000000000","4.0000000000","1.0000000000","1.0000000000","14.0000000000","3.0000000000","1.0000000000","244.4119226333","1.0000000000","1.0000000000","","7296.0000000000"
"2025-07-24T00:00:00Z","166707282","Hawthorn v Carlton","e70271d7-604f-47da-8eb3-a3a5ad2792eb","Round 20 v Carlton","2794f857-7792-4f4b-b5fc-204ce195a191","b364be3a-e01c-4e73-9696-1262ea802afb","Quarter 4","20","Round 20","Waverley","40","MCG","Josh Ward","25","Hybrid","3792.73828","304.79999","7","347.68018","7.56209","135.9550589723363220","60.71039","152","47","0","1370.38","1673.8199999332428","22.0000000000","7.0000000000","15.0000000000","4.0000000000","4.0000000000","1.0000000000","1.0000000000","14.0000000000","3.0000000000","1.0000000000","244.4119226333","1.0000000000","1.0000000000","","7296.0000000000"
"2025-07-24T00:00:00Z","166707282","Hawthorn v Carlton","e70271d7-604f-47da-8eb3-a3a5ad2792eb","Round 20 v Carlton","a5e3bb3d-7e57-4dff-9d50-d405f3e1a584","d161fdd5-b213-4d59-98ff-7fde64da7c65","Quarter 3","20","Round 20","Waverley","40","MCG","Jai Newcombe","03","Hybrid","832.47949","103.42","3","83.0542","6.99838","25.89830679682927502400","92.85731","118","9","0","252.13","1928.6499998569489","10.0000000000","3.0000000000","7.0000000000","2.0000000000","","4.0000000000","1.0000000000","16.0000000000","1.0000000000","1.0000000000","80.7365834112","1.0000000000","1.0000000000","","7296.0000000000"
"2025-07-24T00:00:00Z","166707282","Hawthorn v Carlton","e70271d7-604f-47da-8eb3-a3a5ad2792eb","Round 20 v Carlton","a5e3bb3d-7e57-4dff-9d50-d405f3e1a584","eb2f567e-fc66-44d5-a5b8-395c251441a2","Quarter 2","20","Round 20","Waverley","40","MCG","Jai Newcombe","03","Hybrid","3200.16211","170.68","5","348.75354","7.68411","111.2783769242005320","65.10385","94","36","0","1193.57996","1725.4900000095367","10.0000000000","3.0000000000","7.0000000000","2.0000000000","","4.0000000000","1.0000000000","16.0000000000","1.0000000000","1.0000000000","80.7365834112","1.0000000000","1.0000000000","","7296.0000000000"
"2025-07-24T00:00:00Z","166707282","Hawthorn v Carlton","e70271d7-604f-47da-8eb3-a3a5ad2792eb","Round 20 v Carlton","a5e3bb3d-7e57-4dff-9d50-d405f3e1a584","c02dcc95-d00f-41dd-8b60-8432ecf4d808","Quarter 1","20","Round 20","Waverley","40","MCG","Jai Newcombe","03","Hybrid","3913.58447","346.08","7","409.45276","8.012","120.8269363941942240","98.38571","181","45","0","1253.06006","1943.4000000953674","10.0000000000","3.0000000000","7.0000000000","2.0000000000","","4.0000000000","1.0000000000","16.0000000000","1.0000000000","1.0000000000","80.7365834112","1.0000000000","1.0000000000","","7296.0000000000"
"2025-07-24T00:00:00Z","166707282","Hawthorn v Carlton","e70271d7-604f-47da-8eb3-a3a5ad2792eb","Round 20 v Carlton","a5e3bb3d-7e57-4dff-9d50-d405f3e1a584","c02dcc95-d00f-41dd-8b60-8432ecf4d808","Quarter 1","20","Round 20","Waverley","40","MCG","Jai Newcombe","03","Hybrid","3913.58447","346.08","7","409.45276","8.012","120.8269363941942240","98.38571","181","45","0","1253.06006","1943.4000000953674","8.0000000000","3.0000000000","5.0000000000","2.0000000000","3.0000000000","3.0000000000","2.0000000000","10.0000000000","1.0000000000","1.0000000000","87.6649396418","1.0000000000","","","7296.0000000000"
"2025-07-24T00:00:00Z","166707282","Hawthorn v Carlton","e70271d7-604f-47da-8eb3-a3a5ad2792eb","Round 20 v Carlton","a5e3bb3d-7e57-4dff-9d50-d405f3e1a584","eb2f567e-fc66-44d5-a5b8-395c251441a2","Quarter 2","20","Round 20","Waverley","40","MCG","Jai Newcombe","03","Hybrid","3200.16211","170.68","5","348.75354","7.68411","111.2783769242005320","65.10385","94","36","0","1193.57996","1725.4900000095367","8.0000000000","3.0000000000","5.0000000000","2.0000000000","3.0000000000","3.0000000000","2.0000000000","10.0000000000","1.0000000000","1.0000000000","87.6649396418","1.0000000000","","","7296.0000000000"
"2025-07-24T00:00:00Z","166707282","Hawthorn v Carlton","e70271d7-604f-47da-8eb3-a3a5ad2792eb","Round 20 v Carlton","a5e3bb3d-7e57-4dff-9d50-d405f3e1a584","d161fdd5-b213-4d59-98ff-7fde64da7c65","Quarter 3","20","Round 20","Waverley","40","MCG","Jai Newcombe","03","Hybrid","832.47949","103.42","3","83.0542","6.99838","25.89830679682927502400","92.85731","118","9","0","252.13","1928.6499998569489","8.0000000000","3.0000000000","5.0000000000","2.0000000000","3.0000000000","3.0000000000","2.0000000000","10.0000000000","1.0000000000","1.0000000000","87.6649396418","1.0000000000","","","7296.0000000000"
"2025-07-24T00:00:00Z","166707282","Hawthorn v Carlton","e70271d7-604f-47da-8eb3-a3a5ad2792eb","Round 20 v Carlton","35159eb5-300f-48c1-b664-b6b12ef66fda","c02dcc95-d00f-41dd-8b60-8432ecf4d808","Quarter 1","20","Round 20","Waverley","40","MCG","Mitch Lewis","02","Back","3323.39526","528.97","10","275.23499","7.52289","102.6055961666228100","94.8556","115","36","0","992.22998","1943.4000000953674","12.0000000000","8.0000000000","4.0000000000","4.0000000000","4.0000000000","","2.0000000000","17.0000000000","3.0000000000","1.0000000000","261.5718914413","3.0000000000","","","7296.0000000000"
"2025-07-24T00:00:00Z","166707282","Hawthorn v Carlton","e70271d7-604f-47da-8eb3-a3a5ad2792eb","Round 20 v Carlton","35159eb5-300f-48c1-b664-b6b12ef66fda","eb2f567e-fc66-44d5-a5b8-395c251441a2","Quarter 2","20","Round 20","Waverley","40","MCG","Mitch Lewis","02","Back","2039.73584","149.79000000000002","3","170.69318","7.54285","70.9271861322427740","100","100","27","0","674.73999","1725.4900000095367","12.0000000000","8.0000000000","4.0000000000","4.0000000000","4.0000000000","","2.0000000000","17.0000000000","3.0000000000","1.0000000000","261.5718914413","3.0000000000","","","7296.0000000000"
"2025-07-24T00:00:00Z","166707282","Hawthorn v Carlton","e70271d7-604f-47da-8eb3-a3a5ad2792eb","Round 20 v Carlton","35159eb5-300f-48c1-b664-b6b12ef66fda","d161fdd5-b213-4d59-98ff-7fde64da7c65","Quarter 3","20","Round 20","Waverley","40","MCG","Mitch Lewis","02","Back","3258.35254","337.24","8","265.17963","7.626","101.3668381585568340","99.48687","100","39","0","1252.93005","1928.6499998569489","12.0000000000","8.0000000000","4.0000000000","4.0000000000","4.0000000000","","2.0000000000","17.0000000000","3.0000000000","1.0000000000","261.5718914413","3.0000000000","","","7296.0000000000"
"2025-07-24T00:00:00Z","166707282","Hawthorn v Carlton","e70271d7-604f-47da-8eb3-a3a5ad2792eb","Round 20 v Carlton","35159eb5-300f-48c1-b664-b6b12ef66fda","b364be3a-e01c-4e73-9696-1262ea802afb","Quarter 4","20","Round 20","Waverley","40","MCG","Mitch Lewis","02","Back","2890.58887","401.21000000000004","10","239.88953","6.91944","103.6164774031360260","99","99","35","0","844.91003","1673.8199999332428","12.0000000000","8.0000000000","4.0000000000","4.0000000000","4.0000000000","","2.0000000000","17.0000000000","3.0000000000","1.0000000000","261.5718914413","3.0000000000","","","7296.0000000000"
"2025-07-24T00:00:00Z","166707282","Hawthorn v Carlton","e70271d7-604f-47da-8eb3-a3a5ad2792eb","Round 20 v Carlton","48b7449c-7b00-4728-8dcf-81959514acff","c02dcc95-d00f-41dd-8b60-8432ecf4d808","Quarter 1","20","Round 20","Waverley","40","MCG","Jarman Impey","04","Midfielder","3767.22925","603.88002","18","404.26047","7.45262","116.3084053663208640","135.25145","181","46","0","1262.72998","1943.4000000953674","20.0000000000","14.0000000000","6.0000000000","7.0000000000","3.0000000000","2.0000000000","1.0000000000","20.0000000000","3.0000000000","5.0000000000","454.5614793925","3.0000000000","","","7296.0000000000"
"2025-07-24T00:00:00Z","166707282","Hawthorn v Carlton","e70271d7-604f-47da-8eb3-a3a5ad2792eb","Round 20 v Carlton","48b7449c-7b00-4728-8dcf-81959514acff","eb2f567e-fc66-44d5-a5b8-395c251441a2","Quarter 2","20","Round 20","Waverley","40","MCG","Jarman Impey","04","Midfielder","2923.29492","171.67999999999998","5","312.34302","8.07102","101.6509485415914240","108.09797","112","42","0","1049.19995","1725.4900000095367","20.0000000000","14.0000000000","6.0000000000","7.0000000000","3.0000000000","2.0000000000","1.0000000000","20.0000000000","3.0000000000","5.0000000000","454.5614793925","3.0000000000","","","7296.0000000000"
"2025-07-24T00:00:00Z","166707282","Hawthorn v Carlton","e70271d7-604f-47da-8eb3-a3a5ad2792eb","Round 20 v Carlton","48b7449c-7b00-4728-8dcf-81959514acff","d161fdd5-b213-4d59-98ff-7fde64da7c65","Quarter 3","20","Round 20","Waverley","40","MCG","Jarman Impey","04","Midfielder","3370.32275","509.3500000000001","15","365.84308","8.22066","104.8502138879521620","103.89191","116","41","0","1193.32007","1928.6499998569489","20.0000000000","14.0000000000","6.0000000000","7.0000000000","3.0000000000","2.0000000000","1.0000000000","20.0000000000","3.0000000000","5.0000000000","454.5614793925","3.0000000000","","","7296.0000000000"
"2025-07-24T00:00:00Z","166707282","Hawthorn v Carlton","e70271d7-604f-47da-8eb3-a3a5ad2792eb","Round 20 v Carlton","48b7449c-7b00-4728-8dcf-81959514acff","b364be3a-e01c-4e73-9696-1262ea802afb","Quarter 4","20","Round 20","Waverley","40","MCG","Jarman Impey","04","Midfielder","1951.18262","171.43","4","197.24854","6.95132","69.9423816208846560","106.52557","108","25","0","564.35999","1673.8199999332428","20.0000000000","14.0000000000","6.0000000000","7.0000000000","3.0000000000","2.0000000000","1.0000000000","20.0000000000","3.0000000000","5.0000000000","454.5614793925","3.0000000000","","","7296.0000000000"
"2025-07-24T00:00:00Z","166707282","Hawthorn v Carlton","e70271d7-604f-47da-8eb3-a3a5ad2792eb","Round 20 v Carlton","8311e970-95e1-4e14-aebd-95f6b458bc6b","d161fdd5-b213-4d59-98ff-7fde64da7c65","Quarter 3","20","Round 20","Waverley","40","MCG","Bailey Macdonald","42","Hybrid","2758.7793","250.85","7","287.7756","7.84844","85.8251927577722160","0","0","48","0","940.84998","1928.6499998569489","3.0000000000","1.0000000000","2.0000000000","3.0000000000","1.0000000000","","","5.0000000000","","1.0000000000","53.7216882695","2.0000000000","","","7296.0000000000"
"2025-07-24T00:00:00Z","166707282","Hawthorn v Carlton","e70271d7-604f-47da-8eb3-a3a5ad2792eb","Round 20 v Carlton","8311e970-95e1-4e14-aebd-95f6b458bc6b","b364be3a-e01c-4e73-9696-1262ea802afb","Quarter 4","20","Round 20","Waverley","40","MCG","Bailey Macdonald","42","Hybrid","3559.37451","447.43001999999996","9","354.05872","8.20914","127.5898666574168940","0","0","41","0","1203.81006","1673.8199999332428","3.0000000000","1.0000000000","2.0000000000","3.0000000000","1.0000000000","","","5.0000000000","","1.0000000000","53.7216882695","2.0000000000","","","7296.0000000000"
"2026-04-06T00:00:00Z","183246930","Hawthorn v Geelong Cats","f75df275-e7f6-4b42-82e2-43f6aa7f7252","Round 04 v Geelong","0325dfcd-afd9-4feb-9006-dd13f41ca9e6","420962e8-998b-45ab-9687-9db72b1aa57f","Quarter 4","4","Round 4","KCC - Training","40","MCG","Jack Gunston","19","Forward","3162.58936","277.61","7","281.84332","7.68831","102.3309559829195640","120.34676","157","32","0","955.34003","1854.329999923706","14.0000000000","12.0000000000","2.0000000000","6.0000000000","1.0000000000","","","9.0000000000","2.0000000000","","281.3145440987","3.0000000000","3.0000000000","4.0000000000","7321.0000000000"
"2026-04-06T00:00:00Z","183246930","Hawthorn v Geelong Cats","f75df275-e7f6-4b42-82e2-43f6aa7f7252","Round 04 v Geelong","0325dfcd-afd9-4feb-9006-dd13f41ca9e6","59afb7de-8010-4fc5-a458-9568d84d7fef","Quarter 3","4","Round 4","KCC - Training","40","MCG","Jack Gunston","19","Forward","2389.77173","139.98000000000002","4","228.61105","6.90874","85.8020045060412600","102.19726","131","29","0","745.28998","1671.130000114441","14.0000000000","12.0000000000","2.0000000000","6.0000000000","1.0000000000","","","9.0000000000","2.0000000000","","281.3145440987","3.0000000000","3.0000000000","4.0000000000","7321.0000000000"
"2026-04-06T00:00:00Z","183246930","Hawthorn v Geelong Cats","f75df275-e7f6-4b42-82e2-43f6aa7f7252","Round 04 v Geelong","0325dfcd-afd9-4feb-9006-dd13f41ca9e6","5ca6c362-6e21-409f-9ead-1cadaf290c75","Quarter 2","4","Round 4","KCC - Training","40","MCG","Jack Gunston","19","Forward","3461.68555","318.09000000000003","9","312.68665","7.77066","109.1469208307078340","29","29","33","0","1119.54004","1902.9500000476837","14.0000000000","12.0000000000","2.0000000000","6.0000000000","1.0000000000","","","9.0000000000","2.0000000000","","281.3145440987","3.0000000000","3.0000000000","4.0000000000","7321.0000000000"
"2026-04-06T00:00:00Z","183246930","Hawthorn v Geelong Cats","f75df275-e7f6-4b42-82e2-43f6aa7f7252","Round 04 v Geelong","0325dfcd-afd9-4feb-9006-dd13f41ca9e6","45fe1cf0-980a-405e-b8f3-465625979ba7","Quarter 1","4","Round 4","KCC - Training","40","MCG","Jack Gunston","19","Forward","2916.67212","228.90999","6","265.23334","7.57963","97.3229710644279180","49.46256","90","36","0","905.58002","1798.1400001049042","14.0000000000","12.0000000000","2.0000000000","6.0000000000","1.0000000000","","","9.0000000000","2.0000000000","","281.3145440987","3.0000000000","3.0000000000","4.0000000000","7321.0000000000"
"2026-04-06T00:00:00Z","183246930","Hawthorn v Geelong Cats","f75df275-e7f6-4b42-82e2-43f6aa7f7252","Round 04 v Geelong","d15ed9ce-f683-4f0e-b12f-c87e4029f11e","5ca6c362-6e21-409f-9ead-1cadaf290c75","Quarter 2","4","Round 4","KCC - Training","40","MCG","Nick Watson","05","Hybrid","2580.302","368.54","10","249.54037","7.74915","81.3569037526580340","111.856","112","36","0","665.73999","1902.9500000476837","16.0000000000","12.0000000000","4.0000000000","7.0000000000","3.0000000000","","2.0000000000","10.0000000000","3.0000000000","","413.6088913652","8.0000000000","1.0000000000","2.0000000000","7321.0000000000"
"2026-04-06T00:00:00Z","183246930","Hawthorn v Geelong Cats","f75df275-e7f6-4b42-82e2-43f6aa7f7252","Round 04 v Geelong","d15ed9ce-f683-4f0e-b12f-c87e4029f11e","45fe1cf0-980a-405e-b8f3-465625979ba7","Quarter 1","4","Round 4","KCC - Training","40","MCG","Nick Watson","05","Hybrid","2608.51367","329.81","8","253.61493","7.84202","87.0403974055797060","103.52333","113","35","0","858.92004","1798.1400001049042","16.0000000000","12.0000000000","4.0000000000","7.0000000000","3.0000000000","","2.0000000000","10.0000000000","3.0000000000","","413.6088913652","8.0000000000","1.0000000000","2.0000000000","7321.0000000000"
"2026-04-06T00:00:00Z","183246930","Hawthorn v Geelong Cats","f75df275-e7f6-4b42-82e2-43f6aa7f7252","Round 04 v Geelong","d15ed9ce-f683-4f0e-b12f-c87e4029f11e","59afb7de-8010-4fc5-a458-9568d84d7fef","Quarter 3","4","Round 4","KCC - Training","40","MCG","Nick Watson","05","Hybrid","2052.05713","159.07999","6","204.04675","7.95882","73.6767503375370900","112","112","22","0","776.68005","1671.130000114441","16.0000000000","12.0000000000","4.0000000000","7.0000000000","3.0000000000","","2.0000000000","10.0000000000","3.0000000000","","413.6088913652","8.0000000000","1.0000000000","2.0000000000","7321.0000000000"
"2026-04-06T00:00:00Z","183246930","Hawthorn v Geelong Cats","f75df275-e7f6-4b42-82e2-43f6aa7f7252","Round 04 v Geelong","d15ed9ce-f683-4f0e-b12f-c87e4029f11e","420962e8-998b-45ab-9687-9db72b1aa57f","Quarter 4","4","Round 4","KCC - Training","40","MCG","Nick Watson","05","Hybrid","2773.2749","243.21000000000004","8","265.48206","7.42408","89.7340246918542900","112","112","20","0","1032.05005","1854.329999923706","16.0000000000","12.0000000000","4.0000000000","7.0000000000","3.0000000000","","2.0000000000","10.0000000000","3.0000000000","","413.6088913652","8.0000000000","1.0000000000","2.0000000000","7321.0000000000"
"2026-04-06T00:00:00Z","183246930","Hawthorn v Geelong Cats","f75df275-e7f6-4b42-82e2-43f6aa7f7252","Round 04 v Geelong","0325dfcd-afd9-4feb-9006-dd13f41ca9e6","5ca6c362-6e21-409f-9ead-1cadaf290c75","Quarter 2","4","Round 4","KCC - Training","40","MCG","Jack Gunston","19","Forward","3461.68555","318.09000000000003","9","312.68665","7.77066","109.1469208307078340","29","29","33","0","1119.54004","1902.9500000476837","11.0000000000","8.0000000000","3.0000000000","5.0000000000","3.0000000000","","1.0000000000","10.0000000000","2.0000000000","","197.0354863408","4.0000000000","1.0000000000","","7321.0000000000"
"2026-04-06T00:00:00Z","183246930","Hawthorn v Geelong Cats","f75df275-e7f6-4b42-82e2-43f6aa7f7252","Round 04 v Geelong","0325dfcd-afd9-4feb-9006-dd13f41ca9e6","45fe1cf0-980a-405e-b8f3-465625979ba7","Quarter 1","4","Round 4","KCC - Training","40","MCG","Jack Gunston","19","Forward","2916.67212","228.90999","6","265.23334","7.57963","97.3229710644279180","49.46256","90","36","0","905.58002","1798.1400001049042","11.0000000000","8.0000000000","3.0000000000","5.0000000000","3.0000000000","","1.0000000000","10.0000000000","2.0000000000","","197.0354863408","4.0000000000","1.0000000000","","7321.0000000000"
"2026-04-06T00:00:00Z","183246930","Hawthorn v Geelong Cats","f75df275-e7f6-4b42-82e2-43f6aa7f7252","Round 04 v Geelong","0325dfcd-afd9-4feb-9006-dd13f41ca9e6","420962e8-998b-45ab-9687-9db72b1aa57f","Quarter 4","4","Round 4","KCC - Training","40","MCG","Jack Gunston","19","Forward","3162.58936","277.61","7","281.84332","7.68831","102.3309559829195640","120.34676","157","32","0","955.34003","1854.329999923706","11.0000000000","8.0000000000","3.0000000000","5.0000000000","3.0000000000","","1.0000000000","10.0000000000","2.0000000000","","197.0354863408","4.0000000000","1.0000000000","","7321.0000000000"
"2026-04-06T00:00:00Z","183246930","Hawthorn v Geelong Cats","f75df275-e7f6-4b42-82e2-43f6aa7f7252","Round 04 v Geelong","0325dfcd-afd9-4feb-9006-dd13f41ca9e6","59afb7de-8010-4fc5-a458-9568d84d7fef","Quarter 3","4","Round 4","KCC - Training","40","MCG","Jack Gunston","19","Forward","2389.77173","139.98000000000002","4","228.61105","6.90874","85.8020045060412600","102.19726","131","29","0","745.28998","1671.130000114441","11.0000000000","8.0000000000","3.0000000000","5.0000000000","3.0000000000","","1.0000000000","10.0000000000","2.0000000000","","197.0354863408","4.0000000000","1.0000000000","","7321.0000000000"
"2026-04-06T00:00:00Z","183246930","Hawthorn v Geelong Cats","f75df275-e7f6-4b42-82e2-43f6aa7f7252","Round 04 v Geelong","48b7449c-7b00-4728-8dcf-81959514acff","420962e8-998b-45ab-9687-9db72b1aa57f","Quarter 4","4","Round 4","KCC - Training","40","MCG","Jarman Impey","04","Midfielder","3225.60498","424.22","9","331.07263","7.73178","104.3699335112751240","108.41945","115","40","0","1085.71997","1854.329999923706","26.0000000000","16.0000000000","10.0000000000","5.0000000000","1.0000000000","2.0000000000","","6.0000000000","4.0000000000","4.0000000000","552.7307751401","5.0000000000","","","7321.0000000000"
"2026-04-06T00:00:00Z","183246930","Hawthorn v Geelong Cats","f75df275-e7f6-4b42-82e2-43f6aa7f7252","Round 04 v Geelong","48b7449c-7b00-4728-8dcf-81959514acff","59afb7de-8010-4fc5-a458-9568d84d7fef","Quarter 3","4","Round 4","KCC - Training","40","MCG","Jarman Impey","04","Midfielder","2971.2207","503.49001","17","305.10507","7.96215","106.6782608102251980","111.59261","122","38","0","766.69","1671.130000114441","26.0000000000","16.0000000000","10.0000000000","5.0000000000","1.0000000000","2.0000000000","","6.0000000000","4.0000000000","4.0000000000","552.7307751401","5.0000000000","","","7321.0000000000"
"2026-04-06T00:00:00Z","183246930","Hawthorn v Geelong Cats","f75df275-e7f6-4b42-82e2-43f6aa7f7252","Round 04 v Geelong","48b7449c-7b00-4728-8dcf-81959514acff","5ca6c362-6e21-409f-9ead-1cadaf290c75","Quarter 2","4","Round 4","KCC - Training","40","MCG","Jarman Impey","04","Midfielder","3401.56226","388.13999","9","343.39771","7.93756","107.2512339235848900","106.12329","117","37","0","1190.31006","1902.9500000476837","26.0000000000","16.0000000000","10.0000000000","5.0000000000","1.0000000000","2.0000000000","","6.0000000000","4.0000000000","4.0000000000","552.7307751401","5.0000000000","","","7321.0000000000"
"2026-04-06T00:00:00Z","183246930","Hawthorn v Geelong Cats","f75df275-e7f6-4b42-82e2-43f6aa7f7252","Round 04 v Geelong","48b7449c-7b00-4728-8dcf-81959514acff","45fe1cf0-980a-405e-b8f3-465625979ba7","Quarter 1","4","Round 4","KCC - Training","40","MCG","Jarman Impey","04","Midfielder","3102.33374","308.99","6","331.55002","7.65052","103.5180933571026240","91.80743","99","46","0","1117.84009","1798.1400001049042","26.0000000000","16.0000000000","10.0000000000","5.0000000000","1.0000000000","2.0000000000","","6.0000000000","4.0000000000","4.0000000000","552.7307751401","5.0000000000","","","7321.0000000000"
"2026-04-06T00:00:00Z","183246930","Hawthorn v Geelong Cats","f75df275-e7f6-4b42-82e2-43f6aa7f7252","Round 04 v Geelong","29708cec-1d8a-451d-a7da-18fca9557adc","45fe1cf0-980a-405e-b8f3-465625979ba7","Quarter 1","4","Round 4","KCC - Training","40","MCG","James Sicily","06","Back","3152.93018","172.04999999999998","5","251.29645","8.19987","105.2063859259920840","0","0","24","0","1256.22998","1798.1400001049042","20.0000000000","14.0000000000","6.0000000000","5.0000000000","","","","6.0000000000","","7.0000000000","264.0904341576","2.0000000000","","","7321.0000000000"
"2026-04-06T00:00:00Z","183246930","Hawthorn v Geelong Cats","f75df275-e7f6-4b42-82e2-43f6aa7f7252","Round 04 v Geelong","29708cec-1d8a-451d-a7da-18fca9557adc","5ca6c362-6e21-409f-9ead-1cadaf290c75","Quarter 2","4","Round 4","KCC - Training","40","MCG","James Sicily","06","Back","3523.02783","238.10999","6","276.92615","7.74314","111.0810424838819940","0","0","36","0","1285.31995","1902.9500000476837","20.0000000000","14.0000000000","6.0000000000","5.0000000000","","","","6.0000000000","","7.0000000000","264.0904341576","2.0000000000","","","7321.0000000000"
"2026-04-06T00:00:00Z","183246930","Hawthorn v Geelong Cats","f75df275-e7f6-4b42-82e2-43f6aa7f7252","Round 04 v Geelong","29708cec-1d8a-451d-a7da-18fca9557adc","59afb7de-8010-4fc5-a458-9568d84d7fef","Quarter 3","4","Round 4","KCC - Training","40","MCG","James Sicily","06","Back","3311.58838","302.25","6","279.38052","7.99552","118.8987707637305940","0","0","30","0","1169.25","1671.130000114441","20.0000000000","14.0000000000","6.0000000000","5.0000000000","","","","6.0000000000","","7.0000000000","264.0904341576","2.0000000000","","","7321.0000000000"
"2026-04-06T00:00:00Z","183246930","Hawthorn v Geelong Cats","f75df275-e7f6-4b42-82e2-43f6aa7f7252","Round 04 v Geelong","29708cec-1d8a-451d-a7da-18fca9557adc","420962e8-998b-45ab-9687-9db72b1aa57f","Quarter 4","4","Round 4","KCC - Training","40","MCG","James Sicily","06","Back","2537.31177","90.58","2","198.54234","8.08472","82.0990364208440040","0","0","19","0","1054.63","1854.329999923706","20.0000000000","14.0000000000","6.0000000000","5.0000000000","","","","6.0000000000","","7.0000000000","264.0904341576","2.0000000000","","","7321.0000000000"
"2026-04-06T00:00:00Z","183246930","Hawthorn v Geelong Cats","f75df275-e7f6-4b42-82e2-43f6aa7f7252","Round 04 v Geelong","6c56e5bd-2cd0-47f8-993f-dcc1d1ebce45","45fe1cf0-980a-405e-b8f3-465625979ba7","Quarter 1","4","Round 4","KCC - Training","40","MCG","Tom Barrass","37","Hybrid","3292.59082","125.06","4","284.26019","7.22134","109.8665561015685840","48.5677","94","42","0","1029.14001","1798.1400001049042","17.0000000000","12.0000000000","5.0000000000","4.0000000000","3.0000000000","","2.0000000000","6.0000000000","1.0000000000","5.0000000000","348.3801281545","2.0000000000","","","7321.0000000000"
"2026-04-06T00:00:00Z","183246930","Hawthorn v Geelong Cats","f75df275-e7f6-4b42-82e2-43f6aa7f7252","Round 04 v Geelong","6c56e5bd-2cd0-47f8-993f-dcc1d1ebce45","5ca6c362-6e21-409f-9ead-1cadaf290c75","Quarter 2","4","Round 4","KCC - Training","40","MCG","Tom Barrass","37","Hybrid","2726.09082","260.26","9","229.95181","8.3486","85.9536242128807440","96.56512","98","34","0","727.77002","1902.9500000476837","17.0000000000","12.0000000000","5.0000000000","4.0000000000","3.0000000000","","2.0000000000","6.0000000000","1.0000000000","5.0000000000","348.3801281545","2.0000000000","","","7321.0000000000"
"2026-04-06T00:00:00Z","183246930","Hawthorn v Geelong Cats","f75df275-e7f6-4b42-82e2-43f6aa7f7252","Round 04 v Geelong","6c56e5bd-2cd0-47f8-993f-dcc1d1ebce45","59afb7de-8010-4fc5-a458-9568d84d7fef","Quarter 3","4","Round 4","KCC - Training","40","MCG","Tom Barrass","37","Hybrid","2607.08911","270.26001","6","222.16786","7.83637","93.6045350088190620","101.56442","103","22","0","856.03003","1671.130000114441","17.0000000000","12.0000000000","5.0000000000","4.0000000000","3.0000000000","","2.0000000000","6.0000000000","1.0000000000","5.0000000000","348.3801281545","2.0000000000","","","7321.0000000000"
"2026-04-06T00:00:00Z","183246930","Hawthorn v Geelong Cats","f75df275-e7f6-4b42-82e2-43f6aa7f7252","Round 04 v Geelong","6c56e5bd-2cd0-47f8-993f-dcc1d1ebce45","420962e8-998b-45ab-9687-9db72b1aa57f","Quarter 4","4","Round 4","KCC - Training","40","MCG","Tom Barrass","37","Hybrid","3153.37158","252.28000000000003","7","265.15637","8.00669","102.0326990383504980","103","103","36","0","929.59998","1854.329999923706","17.0000000000","12.0000000000","5.0000000000","4.0000000000","3.0000000000","","2.0000000000","6.0000000000","1.0000000000","5.0000000000","348.3801281545","2.0000000000","","","7321.0000000000"
"2026-04-06T00:00:00Z","183246930","Hawthorn v Geelong Cats","f75df275-e7f6-4b42-82e2-43f6aa7f7252","Round 04 v Geelong","2ca83ae0-85a1-479e-bef1-d06af29b9200","45fe1cf0-980a-405e-b8f3-465625979ba7","Quarter 1","4","Round 4","KCC - Training","40","MCG","Blake Hardwick","15","Back","3787.47656","177.7","7","345.68262","7.80214","126.3798111308030700","0","0","60","0","1399.03003","1798.1400001049042","15.0000000000","12.0000000000","3.0000000000","3.0000000000","4.0000000000","2.0000000000","1.0000000000","10.0000000000","","6.0000000000","302.8635939315","3.0000000000","","","7321.0000000000"
"2026-04-06T00:00:00Z","183246930","Hawthorn v Geelong Cats","f75df275-e7f6-4b42-82e2-43f6aa7f7252","Round 04 v Geelong","2ca83ae0-85a1-479e-bef1-d06af29b9200","59afb7de-8010-4fc5-a458-9568d84d7fef","Quarter 3","4","Round 4","KCC - Training","40","MCG","Blake Hardwick","15","Back","3127.94336","131.7","1","285.93762","6.33282","112.3052076063188880","0","0","48","0","1137.95996","1671.130000114441","15.0000000000","12.0000000000","3.0000000000","3.0000000000","4.0000000000","2.0000000000","1.0000000000","10.0000000000","","6.0000000000","302.8635939315","3.0000000000","","","7321.0000000000"
"2026-04-06T00:00:00Z","183246930","Hawthorn v Geelong Cats","f75df275-e7f6-4b42-82e2-43f6aa7f7252","Round 04 v Geelong","2ca83ae0-85a1-479e-bef1-d06af29b9200","420962e8-998b-45ab-9687-9db72b1aa57f","Quarter 4","4","Round 4","KCC - Training","40","MCG","Blake Hardwick","15","Back","3275.65332","143.72","6","299.57462","7.45835","105.9893326474178520","0","0","38","0","1122.57996","1854.329999923706","15.0000000000","12.0000000000","3.0000000000","3.0000000000","4.0000000000","2.0000000000","1.0000000000","10.0000000000","","6.0000000000","302.8635939315","3.0000000000","","","7321.0000000000"
"2026-04-06T00:00:00Z","183246930","Hawthorn v Geelong Cats","f75df275-e7f6-4b42-82e2-43f6aa7f7252","Round 04 v Geelong","2ca83ae0-85a1-479e-bef1-d06af29b9200","5ca6c362-6e21-409f-9ead-1cadaf290c75","Quarter 2","4","Round 4","KCC - Training","40","MCG","Blake Hardwick","15","Back","2969.82129","295.31001000000003","9","262.45505","8.13144","93.6384442027036800","0","0","42","0","876.16998","1902.9500000476837","15.0000000000","12.0000000000","3.0000000000","3.0000000000","4.0000000000","2.0000000000","1.0000000000","10.0000000000","","6.0000000000","302.8635939315","3.0000000000","","","7321.0000000000"
"2026-04-06T00:00:00Z","183246930","Hawthorn v Geelong Cats","f75df275-e7f6-4b42-82e2-43f6aa7f7252","Round 04 v Geelong","52c4e9a4-a9c9-4323-b7b5-9c68cdefcfa3","420962e8-998b-45ab-9687-9db72b1aa57f","Quarter 4","4","Round 4","KCC - Training","40","MCG","Ned Reeves","07","Hybrid","2068.4165","73.99000000000001","2","204.96263","6.14951","66.9271327137597600","139","139","19","0","850.45996","1854.329999923706","6.0000000000","6.0000000000","","3.0000000000","1.0000000000","","","7.0000000000","3.0000000000","","152.6647266651","2.0000000000","","","7321.0000000000"
"2026-04-06T00:00:00Z","183246930","Hawthorn v Geelong Cats","f75df275-e7f6-4b42-82e2-43f6aa7f7252","Round 04 v Geelong","52c4e9a4-a9c9-4323-b7b5-9c68cdefcfa3","45fe1cf0-980a-405e-b8f3-465625979ba7","Quarter 1","4","Round 4","KCC - Training","40","MCG","Ned Reeves","07","Hybrid","1071.89294","32.660000000000004","0","110.07312","6.10849","35.76672361231490344080","142.77895","150","13","0","407.81","1798.1400001049042","6.0000000000","6.0000000000","","3.0000000000","1.0000000000","","","7.0000000000","3.0000000000","","152.6647266651","2.0000000000","","","7321.0000000000"
"2026-04-06T00:00:00Z","183246930","Hawthorn v Geelong Cats","f75df275-e7f6-4b42-82e2-43f6aa7f7252","Round 04 v Geelong","52c4e9a4-a9c9-4323-b7b5-9c68cdefcfa3","5ca6c362-6e21-409f-9ead-1cadaf290c75","Quarter 2","4","Round 4","KCC - Training","40","MCG","Ned Reeves","07","Hybrid","2000.48364","59.79","0","201.44833","6.00703","63.0752349756916020","141.84858","146","25","0","878.58997","1902.9500000476837","6.0000000000","6.0000000000","","3.0000000000","1.0000000000","","","7.0000000000","3.0000000000","","152.6647266651","2.0000000000","","","7321.0000000000"
"2026-04-06T00:00:00Z","183246930","Hawthorn v Geelong Cats","f75df275-e7f6-4b42-82e2-43f6aa7f7252","Round 04 v Geelong","52c4e9a4-a9c9-4323-b7b5-9c68cdefcfa3","59afb7de-8010-4fc5-a458-9568d84d7fef","Quarter 3","4","Round 4","KCC - Training","40","MCG","Ned Reeves","07","Hybrid","1425.94482","10.049999999999999","1","137.6234","7.06936","51.19690819633480018260","139","139","15","0","685.73999","1671.130000114441","6.0000000000","6.0000000000","","3.0000000000","1.0000000000","","","7.0000000000","3.0000000000","","152.6647266651","2.0000000000","","","7321.0000000000"
"2026-04-06T00:00:00Z","183246930","Hawthorn v Geelong Cats","f75df275-e7f6-4b42-82e2-43f6aa7f7252","Round 04 v Geelong","236a3ba1-a655-45e2-bcd2-6ad50b7c42fd","45fe1cf0-980a-405e-b8f3-465625979ba7","Quarter 1","4","Round 4","KCC - Training","40","MCG","Mabior Chol","18","Hybrid","2765.11328","206.92999","5","232.24417","7.90733","92.2657839713931780","0","0","31","0","852.95996","1798.1400001049042","12.0000000000","8.0000000000","4.0000000000","6.0000000000","","","","5.0000000000","2.0000000000","","240.6493659798","1.0000000000","2.0000000000","3.0000000000","7321.0000000000"
"2026-04-06T00:00:00Z","183246930","Hawthorn v Geelong Cats","f75df275-e7f6-4b42-82e2-43f6aa7f7252","Round 04 v Geelong","236a3ba1-a655-45e2-bcd2-6ad50b7c42fd","5ca6c362-6e21-409f-9ead-1cadaf290c75","Quarter 2","4","Round 4","KCC - Training","40","MCG","Mabior Chol","18","Hybrid","2739.39014","102.88","4","221.66795","7.16864","86.3729516781215580","0","0","31","0","847.47998","1902.9500000476837","12.0000000000","8.0000000000","4.0000000000","6.0000000000","","","","5.0000000000","2.0000000000","","240.6493659798","1.0000000000","2.0000000000","3.0000000000","7321.0000000000"
"2026-04-06T00:00:00Z","183246930","Hawthorn v Geelong Cats","f75df275-e7f6-4b42-82e2-43f6aa7f7252","Round 04 v Geelong","236a3ba1-a655-45e2-bcd2-6ad50b7c42fd","59afb7de-8010-4fc5-a458-9568d84d7fef","Quarter 3","4","Round 4","KCC - Training","40","MCG","Mabior Chol","18","Hybrid","2208.01611","191.33","5","180.74986","8.12794","79.2762780818533200","0","0","20","0","718.90002","1671.130000114441","12.0000000000","8.0000000000","4.0000000000","6.0000000000","","","","5.0000000000","2.0000000000","","240.6493659798","1.0000000000","2.0000000000","3.0000000000","7321.0000000000"
"2026-04-06T00:00:00Z","183246930","Hawthorn v Geelong Cats","f75df275-e7f6-4b42-82e2-43f6aa7f7252","Round 04 v Geelong","236a3ba1-a655-45e2-bcd2-6ad50b7c42fd","420962e8-998b-45ab-9687-9db72b1aa57f","Quarter 4","4","Round 4","KCC - Training","40","MCG","Mabior Chol","18","Hybrid","1654.07324","128.28","3","138.05576","7.42265","53.52035204310089452200","0","0","18","0","440.89999","1854.329999923706","12.0000000000","8.0000000000","4.0000000000","6.0000000000","","","","5.0000000000","2.0000000000","","240.6493659798","1.0000000000","2.0000000000","3.0000000000","7321.0000000000"
"2026-04-06T00:00:00Z","183246930","Hawthorn v Geelong Cats","f75df275-e7f6-4b42-82e2-43f6aa7f7252","Round 04 v Geelong","3f2244ab-5c06-42e8-b04c-e304dfa177ba","5ca6c362-6e21-409f-9ead-1cadaf290c75","Quarter 2","4","Round 4","KCC - Training","40","MCG","Sam Butler","30","Hybrid","2591.74658","357.58","8","234.09204","8.08537","81.7177512788582940","128.4845","196","41","0","741.53998","1902.9500000476837","12.0000000000","1.0000000000","11.0000000000","1.0000000000","3.0000000000","1.0000000000","","21.0000000000","1.0000000000","","32.4031576614","","","","7321.0000000000"
"2026-04-06T00:00:00Z","183246930","Hawthorn v Geelong Cats","f75df275-e7f6-4b42-82e2-43f6aa7f7252","Round 04 v Geelong","3f2244ab-5c06-42e8-b04c-e304dfa177ba","59afb7de-8010-4fc5-a458-9568d84d7fef","Quarter 3","4","Round 4","KCC - Training","40","MCG","Sam Butler","30","Hybrid","3113.54199","360.6","8","282.46976","7.80173","111.7881429854091840","103.36799","196","48","0","1045.04004","1671.130000114441","12.0000000000","1.0000000000","11.0000000000","1.0000000000","3.0000000000","1.0000000000","","21.0000000000","1.0000000000","","32.4031576614","","","","7321.0000000000"
"2026-04-06T00:00:00Z","183246930","Hawthorn v Geelong Cats","f75df275-e7f6-4b42-82e2-43f6aa7f7252","Round 04 v Geelong","3f2244ab-5c06-42e8-b04c-e304dfa177ba","420962e8-998b-45ab-9687-9db72b1aa57f","Quarter 4","4","Round 4","KCC - Training","40","MCG","Sam Butler","30","Hybrid","3538.06934","338.41999000000004","10","309.03888","8.00117","114.4802491513021740","63.85762","101","50","0","1192.21997","1854.329999923706","12.0000000000","1.0000000000","11.0000000000","1.0000000000","3.0000000000","1.0000000000","","21.0000000000","1.0000000000","","32.4031576614","","","","7321.0000000000"
"2026-04-06T00:00:00Z","183246930","Hawthorn v Geelong Cats","f75df275-e7f6-4b42-82e2-43f6aa7f7252","Round 04 v Geelong","3f2244ab-5c06-42e8-b04c-e304dfa177ba","45fe1cf0-980a-405e-b8f3-465625979ba7","Quarter 1","4","Round 4","KCC - Training","40","MCG","Sam Butler","30","Hybrid","2704.92334","241.37999999999997","6","236.71512","7.98693","90.2573772846005460","115.65253","162","45","0","936.90002","1798.1400001049042","12.0000000000","1.0000000000","11.0000000000","1.0000000000","3.0000000000","1.0000000000","","21.0000000000","1.0000000000","","32.4031576614","","","","7321.0000000000"
"2026-04-06T00:00:00Z","183246930","Hawthorn v Geelong Cats","f75df275-e7f6-4b42-82e2-43f6aa7f7252","Round 04 v Geelong","131ea882-7562-4a3d-a0e0-ddd0ca763ee2","45fe1cf0-980a-405e-b8f3-465625979ba7","Quarter 1","4","Round 4","KCC - Training","40","MCG","Jack Scrimshaw","14","Hybrid","3244.62622","220.70999999999998","7","266.80322","8.56384","108.2660822787115740","53.7427","57","33","0","1306.02002","1798.1400001049042","13.0000000000","4.0000000000","9.0000000000","3.0000000000","","1.0000000000","","14.0000000000","","","144.7464403722","1.0000000000","","","7321.0000000000"
"2026-04-06T00:00:00Z","183246930","Hawthorn v Geelong Cats","f75df275-e7f6-4b42-82e2-43f6aa7f7252","Round 04 v Geelong","131ea882-7562-4a3d-a0e0-ddd0ca763ee2","59afb7de-8010-4fc5-a458-9568d84d7fef","Quarter 3","4","Round 4","KCC - Training","40","MCG","Jack Scrimshaw","14","Hybrid","2338.92773","173.55","5","203.13666","8.16989","83.9765091826426680","60.3817","61","25","0","827.09003","1671.130000114441","13.0000000000","4.0000000000","9.0000000000","3.0000000000","","1.0000000000","","14.0000000000","","","144.7464403722","1.0000000000","","","7321.0000000000"
"2026-04-06T00:00:00Z","183246930","Hawthorn v Geelong Cats","f75df275-e7f6-4b42-82e2-43f6aa7f7252","Round 04 v Geelong","131ea882-7562-4a3d-a0e0-ddd0ca763ee2","420962e8-998b-45ab-9687-9db72b1aa57f","Quarter 4","4","Round 4","KCC - Training","40","MCG","Jack Scrimshaw","14","Hybrid","3286.46094","170.54999999999998","5","275.86011","7.58472","106.3390315683362880","61","61","34","0","1120.55005","1854.329999923706","13.0000000000","4.0000000000","9.0000000000","3.0000000000","","1.0000000000","","14.0000000000","","","144.7464403722","1.0000000000","","","7321.0000000000"
"2026-04-06T00:00:00Z","183246930","Hawthorn v Geelong Cats","f75df275-e7f6-4b42-82e2-43f6aa7f7252","Round 04 v Geelong","131ea882-7562-4a3d-a0e0-ddd0ca763ee2","5ca6c362-6e21-409f-9ead-1cadaf290c75","Quarter 2","4","Round 4","KCC - Training","40","MCG","Jack Scrimshaw","14","Hybrid","3012.97534","265.96999999999997","6","247.1265","7.78371","94.9990910930240400","58.43863","59","35","0","957.96002","1902.9500000476837","13.0000000000","4.0000000000","9.0000000000","3.0000000000","","1.0000000000","","14.0000000000","","","144.7464403722","1.0000000000","","","7321.0000000000"
"2026-04-06T00:00:00Z","183246930","Hawthorn v Geelong Cats","f75df275-e7f6-4b42-82e2-43f6aa7f7252","Round 04 v Geelong","d906015c-707c-4176-b45b-c0b21e435310","420962e8-998b-45ab-9687-9db72b1aa57f","Quarter 4","4","Round 4","KCC - Training","40","MCG","Josh Battle","24","Hybrid","3498.18555","348.37999","7","327.46436","8.21997","113.1897413128384380","113.00954","117","37","0","950.23999","1854.329999923706","15.0000000000","11.0000000000","4.0000000000","2.0000000000","2.0000000000","","2.0000000000","8.0000000000","2.0000000000","4.0000000000","298.1988203496","3.0000000000","","","7321.0000000000"
"2026-04-06T00:00:00Z","183246930","Hawthorn v Geelong Cats","f75df275-e7f6-4b42-82e2-43f6aa7f7252","Round 04 v Geelong","d906015c-707c-4176-b45b-c0b21e435310","59afb7de-8010-4fc5-a458-9568d84d7fef","Quarter 3","4","Round 4","KCC - Training","40","MCG","Josh Battle","24","Hybrid","3693.90161","384.44","7","347.63159","7.41729","132.6252874311527100","113.78303","126","46","0","1204.45996","1671.130000114441","15.0000000000","11.0000000000","4.0000000000","2.0000000000","2.0000000000","","2.0000000000","8.0000000000","2.0000000000","4.0000000000","298.1988203496","3.0000000000","","","7321.0000000000"
"2026-04-06T00:00:00Z","183246930","Hawthorn v Geelong Cats","f75df275-e7f6-4b42-82e2-43f6aa7f7252","Round 04 v Geelong","d906015c-707c-4176-b45b-c0b21e435310","5ca6c362-6e21-409f-9ead-1cadaf290c75","Quarter 2","4","Round 4","KCC - Training","40","MCG","Josh Battle","24","Hybrid","2702.22754","348.85","10","239.7271","8.75546","85.2012151637916360","117.4938","122","24","0","732.90002","1902.9500000476837","15.0000000000","11.0000000000","4.0000000000","2.0000000000","2.0000000000","","2.0000000000","8.0000000000","2.0000000000","4.0000000000","298.1988203496","3.0000000000","","","7321.0000000000"
"2026-04-06T00:00:00Z","183246930","Hawthorn v Geelong Cats","f75df275-e7f6-4b42-82e2-43f6aa7f7252","Round 04 v Geelong","d906015c-707c-4176-b45b-c0b21e435310","45fe1cf0-980a-405e-b8f3-465625979ba7","Quarter 1","4","Round 4","KCC - Training","40","MCG","Josh Battle","24","Hybrid","3817.21094","277.75","8","368.03113","8.59029","127.3719823743635880","120.3593","140","51","0","1217.39001","1798.1400001049042","15.0000000000","11.0000000000","4.0000000000","2.0000000000","2.0000000000","","2.0000000000","8.0000000000","2.0000000000","4.0000000000","298.1988203496","3.0000000000","","","7321.0000000000"
"2026-04-06T00:00:00Z","183246930","Hawthorn v Geelong Cats","f75df275-e7f6-4b42-82e2-43f6aa7f7252","Round 04 v Geelong","35159eb5-300f-48c1-b664-b6b12ef66fda","45fe1cf0-980a-405e-b8f3-465625979ba7","Quarter 1","4","Round 4","KCC - Training","40","MCG","Mitch Lewis","02","Back","2927.07446","373.96997999999996","10","238.89392","6.75756","97.6700744045257860","133.48366","164","40","0","924.09003","1798.1400001049042","11.0000000000","7.0000000000","4.0000000000","8.0000000000","2.0000000000","","","7.0000000000","1.0000000000","","92.5709180291","2.0000000000","2.0000000000","1.0000000000","7321.0000000000"
"2026-04-06T00:00:00Z","183246930","Hawthorn v Geelong Cats","f75df275-e7f6-4b42-82e2-43f6aa7f7252","Round 04 v Geelong","35159eb5-300f-48c1-b664-b6b12ef66fda","5ca6c362-6e21-409f-9ead-1cadaf290c75","Quarter 2","4","Round 4","KCC - Training","40","MCG","Mitch Lewis","02","Back","2480.09546","301.88","7","203.69031","7.88262","78.1973922574272900","143.39687","158","29","0","634.88","1902.9500000476837","11.0000000000","7.0000000000","4.0000000000","8.0000000000","2.0000000000","","","7.0000000000","1.0000000000","","92.5709180291","2.0000000000","2.0000000000","1.0000000000","7321.0000000000"
"2026-04-06T00:00:00Z","183246930","Hawthorn v Geelong Cats","f75df275-e7f6-4b42-82e2-43f6aa7f7252","Round 04 v Geelong","35159eb5-300f-48c1-b664-b6b12ef66fda","59afb7de-8010-4fc5-a458-9568d84d7fef","Quarter 3","4","Round 4","KCC - Training","40","MCG","Mitch Lewis","02","Back","3432.74683","298.37","8","275.61609","7.94019","123.2488255168031700","129.43856","134","45","0","1066.14001","1671.130000114441","11.0000000000","7.0000000000","4.0000000000","8.0000000000","2.0000000000","","","7.0000000000","1.0000000000","","92.5709180291","2.0000000000","2.0000000000","1.0000000000","7321.0000000000"
"2026-04-06T00:00:00Z","183246930","Hawthorn v Geelong Cats","f75df275-e7f6-4b42-82e2-43f6aa7f7252","Round 04 v Geelong","35159eb5-300f-48c1-b664-b6b12ef66fda","420962e8-998b-45ab-9687-9db72b1aa57f","Quarter 4","4","Round 4","KCC - Training","40","MCG","Mitch Lewis","02","Back","3215.0188","381.41","8","257.23068","7.69552","104.0273996580633780","118.91834","127","36","0","915.20996","1854.329999923706","11.0000000000","7.0000000000","4.0000000000","8.0000000000","2.0000000000","","","7.0000000000","1.0000000000","","92.5709180291","2.0000000000","2.0000000000","1.0000000000","7321.0000000000"
"2026-04-06T00:00:00Z","183246930","Hawthorn v Geelong Cats","f75df275-e7f6-4b42-82e2-43f6aa7f7252","Round 04 v Geelong","78eb8442-e99a-445f-8154-59b764e0c73a","45fe1cf0-980a-405e-b8f3-465625979ba7","Quarter 1","4","Round 4","KCC - Training","40","MCG","Lloyd Meek","17","Hybrid","2952.74512","129.07","4","294.13672","6.84401","98.5266481973951640","0","0","33","0","1355.33997","1798.1400001049042","9.0000000000","4.0000000000","5.0000000000","5.0000000000","4.0000000000","1.0000000000","","12.0000000000","1.0000000000","1.0000000000","177.4529136238","2.0000000000","","","7321.0000000000"
"2026-04-06T00:00:00Z","183246930","Hawthorn v Geelong Cats","f75df275-e7f6-4b42-82e2-43f6aa7f7252","Round 04 v Geelong","78eb8442-e99a-445f-8154-59b764e0c73a","5ca6c362-6e21-409f-9ead-1cadaf290c75","Quarter 2","4","Round 4","KCC - Training","40","MCG","Lloyd Meek","17","Hybrid","1831.27881","98.17","2","173.79834","7.62217","57.74020788630638390340","0","0","19","0","728.41998","1902.9500000476837","9.0000000000","4.0000000000","5.0000000000","5.0000000000","4.0000000000","1.0000000000","","12.0000000000","1.0000000000","1.0000000000","177.4529136238","2.0000000000","","","7321.0000000000"
"2026-04-06T00:00:00Z","183246930","Hawthorn v Geelong Cats","f75df275-e7f6-4b42-82e2-43f6aa7f7252","Round 04 v Geelong","78eb8442-e99a-445f-8154-59b764e0c73a","59afb7de-8010-4fc5-a458-9568d84d7fef","Quarter 3","4","Round 4","KCC - Training","40","MCG","Lloyd Meek","17","Hybrid","2487.53516","82.77000000000001","2","241.45833","6.62404","89.3120879822509560","0","0","26","0","1091.3999","1671.130000114441","9.0000000000","4.0000000000","5.0000000000","5.0000000000","4.0000000000","1.0000000000","","12.0000000000","1.0000000000","1.0000000000","177.4529136238","2.0000000000","","","7321.0000000000"
"2026-04-06T00:00:00Z","183246930","Hawthorn v Geelong Cats","f75df275-e7f6-4b42-82e2-43f6aa7f7252","Round 04 v Geelong","78eb8442-e99a-445f-8154-59b764e0c73a","420962e8-998b-45ab-9687-9db72b1aa57f","Quarter 4","4","Round 4","KCC - Training","40","MCG","Lloyd Meek","17","Hybrid","1647.9314","131.35999999999999","3","156.16365","7.36352","53.32162236714507118860","0","0","17","0","625.95001","1854.329999923706","9.0000000000","4.0000000000","5.0000000000","5.0000000000","4.0000000000","1.0000000000","","12.0000000000","1.0000000000","1.0000000000","177.4529136238","2.0000000000","","","7321.0000000000"
"2026-04-06T00:00:00Z","183246930","Hawthorn v Geelong Cats","f75df275-e7f6-4b42-82e2-43f6aa7f7252","Round 04 v Geelong","52c4e9a4-a9c9-4323-b7b5-9c68cdefcfa3","59afb7de-8010-4fc5-a458-9568d84d7fef","Quarter 3","4","Round 4","KCC - Training","40","MCG","Ned Reeves","07","Hybrid","1425.94482","10.049999999999999","1","137.6234","7.06936","51.19690819633480018260","139","139","15","0","685.73999","1671.130000114441","10.0000000000","5.0000000000","5.0000000000","1.0000000000","1.0000000000","3.0000000000","","7.0000000000","2.0000000000","","123.5035323760","","","1.0000000000","7321.0000000000"
"2026-04-06T00:00:00Z","183246930","Hawthorn v Geelong Cats","f75df275-e7f6-4b42-82e2-43f6aa7f7252","Round 04 v Geelong","52c4e9a4-a9c9-4323-b7b5-9c68cdefcfa3","420962e8-998b-45ab-9687-9db72b1aa57f","Quarter 4","4","Round 4","KCC - Training","40","MCG","Ned Reeves","07","Hybrid","2068.4165","73.99000000000001","2","204.96263","6.14951","66.9271327137597600","139","139","19","0","850.45996","1854.329999923706","10.0000000000","5.0000000000","5.0000000000","1.0000000000","1.0000000000","3.0000000000","","7.0000000000","2.0000000000","","123.5035323760","","","1.0000000000","7321.0000000000"
"2026-04-06T00:00:00Z","183246930","Hawthorn v Geelong Cats","f75df275-e7f6-4b42-82e2-43f6aa7f7252","Round 04 v Geelong","52c4e9a4-a9c9-4323-b7b5-9c68cdefcfa3","45fe1cf0-980a-405e-b8f3-465625979ba7","Quarter 1","4","Round 4","KCC - Training","40","MCG","Ned Reeves","07","Hybrid","1071.89294","32.660000000000004","0","110.07312","6.10849","35.76672361231490344080","142.77895","150","13","0","407.81","1798.1400001049042","10.0000000000","5.0000000000","5.0000000000","1.0000000000","1.0000000000","3.0000000000","","7.0000000000","2.0000000000","","123.5035323760","","","1.0000000000","7321.0000000000"
"2026-04-06T00:00:00Z","183246930","Hawthorn v Geelong Cats","f75df275-e7f6-4b42-82e2-43f6aa7f7252","Round 04 v Geelong","52c4e9a4-a9c9-4323-b7b5-9c68cdefcfa3","5ca6c362-6e21-409f-9ead-1cadaf290c75","Quarter 2","4","Round 4","KCC - Training","40","MCG","Ned Reeves","07","Hybrid","2000.48364","59.79","0","201.44833","6.00703","63.0752349756916020","141.84858","146","25","0","878.58997","1902.9500000476837","10.0000000000","5.0000000000","5.0000000000","1.0000000000","1.0000000000","3.0000000000","","7.0000000000","2.0000000000","","123.5035323760","","","1.0000000000","7321.0000000000"
"2026-04-06T00:00:00Z","183246930","Hawthorn v Geelong Cats","f75df275-e7f6-4b42-82e2-43f6aa7f7252","Round 04 v Geelong","aefe152f-bc18-48b5-91a6-ddc9443dffd0","45fe1cf0-980a-405e-b8f3-465625979ba7","Quarter 1","4","Round 4","KCC - Training","40","MCG","Flynn Perez","39","Hybrid","2702.33716","302.90999999999997","9","254.0658","7.959","90.1710821129281800","0","0","41","0","1050.16992","1798.1400001049042","19.0000000000","9.0000000000","10.0000000000","5.0000000000","5.0000000000","2.0000000000","1.0000000000","11.0000000000","","4.0000000000","196.2925340078","3.0000000000","","","7321.0000000000"
"2026-04-06T00:00:00Z","183246930","Hawthorn v Geelong Cats","f75df275-e7f6-4b42-82e2-43f6aa7f7252","Round 04 v Geelong","aefe152f-bc18-48b5-91a6-ddc9443dffd0","59afb7de-8010-4fc5-a458-9568d84d7fef","Quarter 3","4","Round 4","KCC - Training","40","MCG","Flynn Perez","39","Hybrid","2827.41577","189.23","5","255.0563","6.55602","101.5151102477859360","0","0","29","0","1213.68994","1671.130000114441","19.0000000000","9.0000000000","10.0000000000","5.0000000000","5.0000000000","2.0000000000","1.0000000000","11.0000000000","","4.0000000000","196.2925340078","3.0000000000","","","7321.0000000000"
"2026-04-06T00:00:00Z","183246930","Hawthorn v Geelong Cats","f75df275-e7f6-4b42-82e2-43f6aa7f7252","Round 04 v Geelong","aefe152f-bc18-48b5-91a6-ddc9443dffd0","420962e8-998b-45ab-9687-9db72b1aa57f","Quarter 4","4","Round 4","KCC - Training","40","MCG","Flynn Perez","39","Hybrid","2007.87744","132.74","4","186.12901","7.0856","64.9682884950125880","0","0","24","0","887.31","1854.329999923706","19.0000000000","9.0000000000","10.0000000000","5.0000000000","5.0000000000","2.0000000000","1.0000000000","11.0000000000","","4.0000000000","196.2925340078","3.0000000000","","","7321.0000000000"
"2026-04-06T00:00:00Z","183246930","Hawthorn v Geelong Cats","f75df275-e7f6-4b42-82e2-43f6aa7f7252","Round 04 v Geelong","aefe152f-bc18-48b5-91a6-ddc9443dffd0","5ca6c362-6e21-409f-9ead-1cadaf290c75","Quarter 2","4","Round 4","KCC - Training","40","MCG","Flynn Perez","39","Hybrid","4038.74707","386.31999","12","342.42978","7.32032","127.3416664620341460","0","0","42","0","1379.80005","1902.9500000476837","19.0000000000","9.0000000000","10.0000000000","5.0000000000","5.0000000000","2.0000000000","1.0000000000","11.0000000000","","4.0000000000","196.2925340078","3.0000000000","","","7321.0000000000"
"2026-04-06T00:00:00Z","183246930","Hawthorn v Geelong Cats","f75df275-e7f6-4b42-82e2-43f6aa7f7252","Round 04 v Geelong","dc9a9fa6-3f4c-464e-ae3c-ce8c25ab08d1","420962e8-998b-45ab-9687-9db72b1aa57f","Quarter 4","4","Round 4","KCC - Training","40","MCG","Massimo D'Ambrosio","16","Hybrid","3788.09229","471.77001000000007","12","347.35834","7.71326","122.5701668038328520","60","60","45","0","1160.29004","1854.329999923706","23.0000000000","14.0000000000","9.0000000000","7.0000000000","6.0000000000","2.0000000000","1.0000000000","12.0000000000","3.0000000000","2.0000000000","380.6470597777","3.0000000000","","","7321.0000000000"
"2026-04-06T00:00:00Z","183246930","Hawthorn v Geelong Cats","f75df275-e7f6-4b42-82e2-43f6aa7f7252","Round 04 v Geelong","dc9a9fa6-3f4c-464e-ae3c-ce8c25ab08d1","59afb7de-8010-4fc5-a458-9568d84d7fef","Quarter 3","4","Round 4","KCC - Training","40","MCG","Massimo D'Ambrosio","16","Hybrid","3199.71216","321.34999999999997","9","307.92233","8.02327","114.8819837994966240","60.5","61","49","0","1127.68005","1671.130000114441","23.0000000000","14.0000000000","9.0000000000","7.0000000000","6.0000000000","2.0000000000","1.0000000000","12.0000000000","3.0000000000","2.0000000000","380.6470597777","3.0000000000","","","7321.0000000000"
"2026-04-06T00:00:00Z","183246930","Hawthorn v Geelong Cats","f75df275-e7f6-4b42-82e2-43f6aa7f7252","Round 04 v Geelong","dc9a9fa6-3f4c-464e-ae3c-ce8c25ab08d1","5ca6c362-6e21-409f-9ead-1cadaf290c75","Quarter 2","4","Round 4","KCC - Training","40","MCG","Massimo D'Ambrosio","16","Hybrid","3493.96118","490.57999","12","318.45465","8.01454","110.1645712156109940","61","61","48","0","1130.43994","1902.9500000476837","23.0000000000","14.0000000000","9.0000000000","7.0000000000","6.0000000000","2.0000000000","1.0000000000","12.0000000000","3.0000000000","2.0000000000","380.6470597777","3.0000000000","","","7321.0000000000"
"2026-04-06T00:00:00Z","183246930","Hawthorn v Geelong Cats","f75df275-e7f6-4b42-82e2-43f6aa7f7252","Round 04 v Geelong","dc9a9fa6-3f4c-464e-ae3c-ce8c25ab08d1","45fe1cf0-980a-405e-b8f3-465625979ba7","Quarter 1","4","Round 4","KCC - Training","40","MCG","Massimo D'Ambrosio","16","Hybrid","3498.67725","378.93","8","341.19696","8.32506","116.7432096431607900","46.20602","61","51","0","1262.85999","1798.1400001049042","23.0000000000","14.0000000000","9.0000000000","7.0000000000","6.0000000000","2.0000000000","1.0000000000","12.0000000000","3.0000000000","2.0000000000","380.6470597777","3.0000000000","","","7321.0000000000"
"2026-04-06T00:00:00Z","183246930","Hawthorn v Geelong Cats","f75df275-e7f6-4b42-82e2-43f6aa7f7252","Round 04 v Geelong","a5e3bb3d-7e57-4dff-9d50-d405f3e1a584","45fe1cf0-980a-405e-b8f3-465625979ba7","Quarter 1","4","Round 4","KCC - Training","40","MCG","Jai Newcombe","03","Hybrid","3434.02002","199.72","5","369.24219","7.24945","114.5857392572210580","74.59367","106","44","0","1340.94995","1798.1400001049042","33.0000000000","22.0000000000","11.0000000000","5.0000000000","5.0000000000","6.0000000000","1.0000000000","18.0000000000","8.0000000000","4.0000000000","663.4073601619","11.0000000000","","","7321.0000000000"
"2026-04-06T00:00:00Z","183246930","Hawthorn v Geelong Cats","f75df275-e7f6-4b42-82e2-43f6aa7f7252","Round 04 v Geelong","a5e3bb3d-7e57-4dff-9d50-d405f3e1a584","5ca6c362-6e21-409f-9ead-1cadaf290c75","Quarter 2","4","Round 4","KCC - Training","40","MCG","Jai Newcombe","03","Hybrid","3405.98511","332.5","9","356.02139","7.56172","107.3906863527045960","69.09658","108","35","0","1190.84009","1902.9500000476837","33.0000000000","22.0000000000","11.0000000000","5.0000000000","5.0000000000","6.0000000000","1.0000000000","18.0000000000","8.0000000000","4.0000000000","663.4073601619","11.0000000000","","","7321.0000000000"
"2026-04-06T00:00:00Z","183246930","Hawthorn v Geelong Cats","f75df275-e7f6-4b42-82e2-43f6aa7f7252","Round 04 v Geelong","a5e3bb3d-7e57-4dff-9d50-d405f3e1a584","59afb7de-8010-4fc5-a458-9568d84d7fef","Quarter 3","4","Round 4","KCC - Training","40","MCG","Jai Newcombe","03","Hybrid","3350.52612","123.22","2","382.14307","6.8523","120.2967855201169980","84.13761","109","50","0","1016.25","1671.130000114441","33.0000000000","22.0000000000","11.0000000000","5.0000000000","5.0000000000","6.0000000000","1.0000000000","18.0000000000","8.0000000000","4.0000000000","663.4073601619","11.0000000000","","","7321.0000000000"
"2026-04-06T00:00:00Z","183246930","Hawthorn v Geelong Cats","f75df275-e7f6-4b42-82e2-43f6aa7f7252","Round 04 v Geelong","a5e3bb3d-7e57-4dff-9d50-d405f3e1a584","420962e8-998b-45ab-9687-9db72b1aa57f","Quarter 4","4","Round 4","KCC - Training","40","MCG","Jai Newcombe","03","Hybrid","3340.8208","340.16999","6","357.47308","7.84822","108.0979372648057380","64.28527","113","39","0","1252.07007","1854.329999923706","33.0000000000","22.0000000000","11.0000000000","5.0000000000","5.0000000000","6.0000000000","1.0000000000","18.0000000000","8.0000000000","4.0000000000","663.4073601619","11.0000000000","","","7321.0000000000"
"2026-04-06T00:00:00Z","183246930","Hawthorn v Geelong Cats","f75df275-e7f6-4b42-82e2-43f6aa7f7252","Round 04 v Geelong","8b0242f4-3a3b-4651-949f-17da0062afba","45fe1cf0-980a-405e-b8f3-465625979ba7","Quarter 1","4","Round 4","KCC - Training","40","MCG","Dylan Moore","08","Midfielder","3369.01123","340.15999999999997","9","365.42795","7.6828","112.4165380828005780","99.41216","105","36","0","1270.04004","1798.1400001049042","18.0000000000","9.0000000000","9.0000000000","6.0000000000","3.0000000000","1.0000000000","1.0000000000","9.0000000000","1.0000000000","","152.6523683860","4.0000000000","","2.0000000000","7321.0000000000"
"2026-04-06T00:00:00Z","183246930","Hawthorn v Geelong Cats","f75df275-e7f6-4b42-82e2-43f6aa7f7252","Round 04 v Geelong","8b0242f4-3a3b-4651-949f-17da0062afba","5ca6c362-6e21-409f-9ead-1cadaf290c75","Quarter 2","4","Round 4","KCC - Training","40","MCG","Dylan Moore","08","Midfielder","2800.21265","331.75001","12","286.02161","7.19363","88.2906849868835100","53.55057","105","28","0","1107.32996","1902.9500000476837","18.0000000000","9.0000000000","9.0000000000","6.0000000000","3.0000000000","1.0000000000","1.0000000000","9.0000000000","1.0000000000","","152.6523683860","4.0000000000","","2.0000000000","7321.0000000000"
"2026-04-06T00:00:00Z","183246930","Hawthorn v Geelong Cats","f75df275-e7f6-4b42-82e2-43f6aa7f7252","Round 04 v Geelong","8b0242f4-3a3b-4651-949f-17da0062afba","59afb7de-8010-4fc5-a458-9568d84d7fef","Quarter 3","4","Round 4","KCC - Training","40","MCG","Dylan Moore","08","Midfielder","3593.05469","538.3899799999999","15","383.96588","7.82279","129.0044947940834040","68.28191","108","47","0","1406.59998","1671.130000114441","18.0000000000","9.0000000000","9.0000000000","6.0000000000","3.0000000000","1.0000000000","1.0000000000","9.0000000000","1.0000000000","","152.6523683860","4.0000000000","","2.0000000000","7321.0000000000"
"2026-04-06T00:00:00Z","183246930","Hawthorn v Geelong Cats","f75df275-e7f6-4b42-82e2-43f6aa7f7252","Round 04 v Geelong","8b0242f4-3a3b-4651-949f-17da0062afba","420962e8-998b-45ab-9687-9db72b1aa57f","Quarter 4","4","Round 4","KCC - Training","40","MCG","Dylan Moore","08","Midfielder","4103.61182","433.59999999999997","10","427.44189","7.72651","132.7793376638086380","79.03331","126","49","0","1571.41003","1854.329999923706","18.0000000000","9.0000000000","9.0000000000","6.0000000000","3.0000000000","1.0000000000","1.0000000000","9.0000000000","1.0000000000","","152.6523683860","4.0000000000","","2.0000000000","7321.0000000000"
"2026-04-06T00:00:00Z","183246930","Hawthorn v Geelong Cats","f75df275-e7f6-4b42-82e2-43f6aa7f7252","Round 04 v Geelong","ee799c04-c79f-41c9-bd53-176bb21a7077","45fe1cf0-980a-405e-b8f3-465625979ba7","Quarter 1","4","Round 4","KCC - Training","40","MCG","Conor Nash","11","Back","3388.0835","257.62999","5","307.69638","6.95324","113.0529380293749480","3","3","49","0","1323.05994","1798.1400001049042","17.0000000000","10.0000000000","7.0000000000","2.0000000000","8.0000000000","3.0000000000","1.0000000000","23.0000000000","3.0000000000","","272.6058606270","4.0000000000","","","7321.0000000000"
"2026-04-06T00:00:00Z","183246930","Hawthorn v Geelong Cats","f75df275-e7f6-4b42-82e2-43f6aa7f7252","Round 04 v Geelong","ee799c04-c79f-41c9-bd53-176bb21a7077","5ca6c362-6e21-409f-9ead-1cadaf290c75","Quarter 2","4","Round 4","KCC - Training","40","MCG","Conor Nash","11","Back","2961.82764","217.79","4","263.47668","7.89609","93.3864044749189380","55.42116","60","37","0","1085.27002","1902.9500000476837","17.0000000000","10.0000000000","7.0000000000","2.0000000000","8.0000000000","3.0000000000","1.0000000000","23.0000000000","3.0000000000","","272.6058606270","4.0000000000","","","7321.0000000000"
"2026-04-06T00:00:00Z","183246930","Hawthorn v Geelong Cats","f75df275-e7f6-4b42-82e2-43f6aa7f7252","Round 04 v Geelong","ee799c04-c79f-41c9-bd53-176bb21a7077","59afb7de-8010-4fc5-a458-9568d84d7fef","Quarter 3","4","Round 4","KCC - Training","40","MCG","Conor Nash","11","Back","2797.271","182.43","4","253.17371","7.01972","100.4327969628373440","60.14459","61","30","0","1265.80005","1671.130000114441","17.0000000000","10.0000000000","7.0000000000","2.0000000000","8.0000000000","3.0000000000","1.0000000000","23.0000000000","3.0000000000","","272.6058606270","4.0000000000","","","7321.0000000000"
"2026-04-06T00:00:00Z","183246930","Hawthorn v Geelong Cats","f75df275-e7f6-4b42-82e2-43f6aa7f7252","Round 04 v Geelong","ee799c04-c79f-41c9-bd53-176bb21a7077","420962e8-998b-45ab-9687-9db72b1aa57f","Quarter 4","4","Round 4","KCC - Training","40","MCG","Conor Nash","11","Back","1519.83618","238.10999999999999","4","135.12178","7.27677","49.17688372822092139320","60","60","13","0","596.60999","1854.329999923706","17.0000000000","10.0000000000","7.0000000000","2.0000000000","8.0000000000","3.0000000000","1.0000000000","23.0000000000","3.0000000000","","272.6058606270","4.0000000000","","","7321.0000000000"
"2026-04-06T00:00:00Z","183246930","Hawthorn v Geelong Cats","f75df275-e7f6-4b42-82e2-43f6aa7f7252","Round 04 v Geelong","dc9a9fa6-3f4c-464e-ae3c-ce8c25ab08d1","45fe1cf0-980a-405e-b8f3-465625979ba7","Quarter 1","4","Round 4","KCC - Training","40","MCG","Massimo D'Ambrosio","16","Hybrid","3498.67725","378.93","8","341.19696","8.32506","116.7432096431607900","46.20602","61","51","0","1262.85999","1798.1400001049042","10.0000000000","4.0000000000","6.0000000000","4.0000000000","2.0000000000","","","12.0000000000","","3.0000000000","149.6228980446","1.0000000000","","","7321.0000000000"
"2026-04-06T00:00:00Z","183246930","Hawthorn v Geelong Cats","f75df275-e7f6-4b42-82e2-43f6aa7f7252","Round 04 v Geelong","dc9a9fa6-3f4c-464e-ae3c-ce8c25ab08d1","5ca6c362-6e21-409f-9ead-1cadaf290c75","Quarter 2","4","Round 4","KCC - Training","40","MCG","Massimo D'Ambrosio","16","Hybrid","3493.96118","490.57999","12","318.45465","8.01454","110.1645712156109940","61","61","48","0","1130.43994","1902.9500000476837","10.0000000000","4.0000000000","6.0000000000","4.0000000000","2.0000000000","","","12.0000000000","","3.0000000000","149.6228980446","1.0000000000","","","7321.0000000000"
"2026-04-06T00:00:00Z","183246930","Hawthorn v Geelong Cats","f75df275-e7f6-4b42-82e2-43f6aa7f7252","Round 04 v Geelong","dc9a9fa6-3f4c-464e-ae3c-ce8c25ab08d1","59afb7de-8010-4fc5-a458-9568d84d7fef","Quarter 3","4","Round 4","KCC - Training","40","MCG","Massimo D'Ambrosio","16","Hybrid","3199.71216","321.34999999999997","9","307.92233","8.02327","114.8819837994966240","60.5","61","49","0","1127.68005","1671.130000114441","10.0000000000","4.0000000000","6.0000000000","4.0000000000","2.0000000000","","","12.0000000000","","3.0000000000","149.6228980446","1.0000000000","","","7321.0000000000"
"2026-04-06T00:00:00Z","183246930","Hawthorn v Geelong Cats","f75df275-e7f6-4b42-82e2-43f6aa7f7252","Round 04 v Geelong","dc9a9fa6-3f4c-464e-ae3c-ce8c25ab08d1","420962e8-998b-45ab-9687-9db72b1aa57f","Quarter 4","4","Round 4","KCC - Training","40","MCG","Massimo D'Ambrosio","16","Hybrid","3788.09229","471.77001000000007","12","347.35834","7.71326","122.5701668038328520","60","60","45","0","1160.29004","1854.329999923706","10.0000000000","4.0000000000","6.0000000000","4.0000000000","2.0000000000","","","12.0000000000","","3.0000000000","149.6228980446","1.0000000000","","","7321.0000000000"
"2026-04-06T00:00:00Z","183246930","Hawthorn v Geelong Cats","f75df275-e7f6-4b42-82e2-43f6aa7f7252","Round 04 v Geelong","3f2244ab-5c06-42e8-b04c-e304dfa177ba","45fe1cf0-980a-405e-b8f3-465625979ba7","Quarter 1","4","Round 4","KCC - Training","40","MCG","Sam Butler","30","Hybrid","2704.92334","241.37999999999997","6","236.71512","7.98693","90.2573772846005460","115.65253","162","45","0","936.90002","1798.1400001049042","19.0000000000","14.0000000000","5.0000000000","3.0000000000","4.0000000000","1.0000000000","","13.0000000000","7.0000000000","1.0000000000","416.3755205160","6.0000000000","","","7321.0000000000"
"2026-04-06T00:00:00Z","183246930","Hawthorn v Geelong Cats","f75df275-e7f6-4b42-82e2-43f6aa7f7252","Round 04 v Geelong","3f2244ab-5c06-42e8-b04c-e304dfa177ba","5ca6c362-6e21-409f-9ead-1cadaf290c75","Quarter 2","4","Round 4","KCC - Training","40","MCG","Sam Butler","30","Hybrid","2591.74658","357.58","8","234.09204","8.08537","81.7177512788582940","128.4845","196","41","0","741.53998","1902.9500000476837","19.0000000000","14.0000000000","5.0000000000","3.0000000000","4.0000000000","1.0000000000","","13.0000000000","7.0000000000","1.0000000000","416.3755205160","6.0000000000","","","7321.0000000000"
"2026-04-06T00:00:00Z","183246930","Hawthorn v Geelong Cats","f75df275-e7f6-4b42-82e2-43f6aa7f7252","Round 04 v Geelong","3f2244ab-5c06-42e8-b04c-e304dfa177ba","59afb7de-8010-4fc5-a458-9568d84d7fef","Quarter 3","4","Round 4","KCC - Training","40","MCG","Sam Butler","30","Hybrid","3113.54199","360.6","8","282.46976","7.80173","111.7881429854091840","103.36799","196","48","0","1045.04004","1671.130000114441","19.0000000000","14.0000000000","5.0000000000","3.0000000000","4.0000000000","1.0000000000","","13.0000000000","7.0000000000","1.0000000000","416.3755205160","6.0000000000","","","7321.0000000000"
"2026-04-06T00:00:00Z","183246930","Hawthorn v Geelong Cats","f75df275-e7f6-4b42-82e2-43f6aa7f7252","Round 04 v Geelong","3f2244ab-5c06-42e8-b04c-e304dfa177ba","420962e8-998b-45ab-9687-9db72b1aa57f","Quarter 4","4","Round 4","KCC - Training","40","MCG","Sam Butler","30","Hybrid","3538.06934","338.41999000000004","10","309.03888","8.00117","114.4802491513021740","63.85762","101","50","0","1192.21997","1854.329999923706","19.0000000000","14.0000000000","5.0000000000","3.0000000000","4.0000000000","1.0000000000","","13.0000000000","7.0000000000","1.0000000000","416.3755205160","6.0000000000","","","7321.0000000000"
"2026-04-06T00:00:00Z","183246930","Hawthorn v Geelong Cats","f75df275-e7f6-4b42-82e2-43f6aa7f7252","Round 04 v Geelong","48b7449c-7b00-4728-8dcf-81959514acff","420962e8-998b-45ab-9687-9db72b1aa57f","Quarter 4","4","Round 4","KCC - Training","40","MCG","Jarman Impey","04","Midfielder","3225.60498","424.22","9","331.07263","7.73178","104.3699335112751240","108.41945","115","40","0","1085.71997","1854.329999923706","26.0000000000","14.0000000000","12.0000000000","6.0000000000","1.0000000000","2.0000000000","1.0000000000","8.0000000000","3.0000000000","2.0000000000","383.2620884750","3.0000000000","","","7321.0000000000"
"2026-04-06T00:00:00Z","183246930","Hawthorn v Geelong Cats","f75df275-e7f6-4b42-82e2-43f6aa7f7252","Round 04 v Geelong","48b7449c-7b00-4728-8dcf-81959514acff","59afb7de-8010-4fc5-a458-9568d84d7fef","Quarter 3","4","Round 4","KCC - Training","40","MCG","Jarman Impey","04","Midfielder","2971.2207","503.49001","17","305.10507","7.96215","106.6782608102251980","111.59261","122","38","0","766.69","1671.130000114441","26.0000000000","14.0000000000","12.0000000000","6.0000000000","1.0000000000","2.0000000000","1.0000000000","8.0000000000","3.0000000000","2.0000000000","383.2620884750","3.0000000000","","","7321.0000000000"
"2026-04-06T00:00:00Z","183246930","Hawthorn v Geelong Cats","f75df275-e7f6-4b42-82e2-43f6aa7f7252","Round 04 v Geelong","48b7449c-7b00-4728-8dcf-81959514acff","5ca6c362-6e21-409f-9ead-1cadaf290c75","Quarter 2","4","Round 4","KCC - Training","40","MCG","Jarman Impey","04","Midfielder","3401.56226","388.13999","9","343.39771","7.93756","107.2512339235848900","106.12329","117","37","0","1190.31006","1902.9500000476837","26.0000000000","14.0000000000","12.0000000000","6.0000000000","1.0000000000","2.0000000000","1.0000000000","8.0000000000","3.0000000000","2.0000000000","383.2620884750","3.0000000000","","","7321.0000000000"
"2026-04-06T00:00:00Z","183246930","Hawthorn v Geelong Cats","f75df275-e7f6-4b42-82e2-43f6aa7f7252","Round 04 v Geelong","48b7449c-7b00-4728-8dcf-81959514acff","45fe1cf0-980a-405e-b8f3-465625979ba7","Quarter 1","4","Round 4","KCC - Training","40","MCG","Jarman Impey","04","Midfielder","3102.33374","308.99","6","331.55002","7.65052","103.5180933571026240","91.80743","99","46","0","1117.84009","1798.1400001049042","26.0000000000","14.0000000000","12.0000000000","6.0000000000","1.0000000000","2.0000000000","1.0000000000","8.0000000000","3.0000000000","2.0000000000","383.2620884750","3.0000000000","","","7321.0000000000"
"2026-04-06T00:00:00Z","183246930","Hawthorn v Geelong Cats","f75df275-e7f6-4b42-82e2-43f6aa7f7252","Round 04 v Geelong","020880cf-4cc3-45b8-ade5-ced73183435f","5ca6c362-6e21-409f-9ead-1cadaf290c75","Quarter 2","4","Round 4","KCC - Training","40","MCG","Jack Ginnivan","33","Hybrid","3268.52197","378.48","11","302.37482","8.09501","103.0564745238108660","115.30345","119","43","0","968.01996","1902.9500000476837","19.0000000000","15.0000000000","4.0000000000","7.0000000000","1.0000000000","2.0000000000","","10.0000000000","2.0000000000","4.0000000000","360.4551907281","4.0000000000","2.0000000000","","7321.0000000000"
"2026-04-06T00:00:00Z","183246930","Hawthorn v Geelong Cats","f75df275-e7f6-4b42-82e2-43f6aa7f7252","Round 04 v Geelong","020880cf-4cc3-45b8-ade5-ced73183435f","45fe1cf0-980a-405e-b8f3-465625979ba7","Quarter 1","4","Round 4","KCC - Training","40","MCG","Jack Ginnivan","33","Hybrid","3236.22607","342.63999000000007","8","324.65155","7.1248","107.9857876409355420","94.97953","109","42","0","1084.63","1798.1400001049042","19.0000000000","15.0000000000","4.0000000000","7.0000000000","1.0000000000","2.0000000000","","10.0000000000","2.0000000000","4.0000000000","360.4551907281","4.0000000000","2.0000000000","","7321.0000000000"
"2026-04-06T00:00:00Z","183246930","Hawthorn v Geelong Cats","f75df275-e7f6-4b42-82e2-43f6aa7f7252","Round 04 v Geelong","020880cf-4cc3-45b8-ade5-ced73183435f","420962e8-998b-45ab-9687-9db72b1aa57f","Quarter 4","4","Round 4","KCC - Training","40","MCG","Jack Ginnivan","33","Hybrid","3965.62695","244.38","6","389.63019","6.85119","128.3146025841083460","111.5776","116","57","0","1423.87","1854.329999923706","19.0000000000","15.0000000000","4.0000000000","7.0000000000","1.0000000000","2.0000000000","","10.0000000000","2.0000000000","4.0000000000","360.4551907281","4.0000000000","2.0000000000","","7321.0000000000"
"2026-04-06T00:00:00Z","183246930","Hawthorn v Geelong Cats","f75df275-e7f6-4b42-82e2-43f6aa7f7252","Round 04 v Geelong","020880cf-4cc3-45b8-ade5-ced73183435f","59afb7de-8010-4fc5-a458-9568d84d7fef","Quarter 3","4","Round 4","KCC - Training","40","MCG","Jack Ginnivan","33","Hybrid","2996.39282","208.53001","4","299.2858","7.01079","107.5820368180142820","115.50271","118","46","0","1095.56006","1671.130000114441","19.0000000000","15.0000000000","4.0000000000","7.0000000000","1.0000000000","2.0000000000","","10.0000000000","2.0000000000","4.0000000000","360.4551907281","4.0000000000","2.0000000000","","7321.0000000000"
"2026-04-06T00:00:00Z","183246930","Hawthorn v Geelong Cats","f75df275-e7f6-4b42-82e2-43f6aa7f7252","Round 04 v Geelong","78eb8442-e99a-445f-8154-59b764e0c73a","45fe1cf0-980a-405e-b8f3-465625979ba7","Quarter 1","4","Round 4","KCC - Training","40","MCG","Lloyd Meek","17","Hybrid","2952.74512","129.07","4","294.13672","6.84401","98.5266481973951640","0","0","33","0","1355.33997","1798.1400001049042","20.0000000000","17.0000000000","3.0000000000","8.0000000000","4.0000000000","2.0000000000","1.0000000000","21.0000000000","2.0000000000","5.0000000000","456.2582979049","6.0000000000","","","7321.0000000000"
"2026-04-06T00:00:00Z","183246930","Hawthorn v Geelong Cats","f75df275-e7f6-4b42-82e2-43f6aa7f7252","Round 04 v Geelong","78eb8442-e99a-445f-8154-59b764e0c73a","5ca6c362-6e21-409f-9ead-1cadaf290c75","Quarter 2","4","Round 4","KCC - Training","40","MCG","Lloyd Meek","17","Hybrid","1831.27881","98.17","2","173.79834","7.62217","57.74020788630638390340","0","0","19","0","728.41998","1902.9500000476837","20.0000000000","17.0000000000","3.0000000000","8.0000000000","4.0000000000","2.0000000000","1.0000000000","21.0000000000","2.0000000000","5.0000000000","456.2582979049","6.0000000000","","","7321.0000000000"
"2026-04-06T00:00:00Z","183246930","Hawthorn v Geelong Cats","f75df275-e7f6-4b42-82e2-43f6aa7f7252","Round 04 v Geelong","78eb8442-e99a-445f-8154-59b764e0c73a","59afb7de-8010-4fc5-a458-9568d84d7fef","Quarter 3","4","Round 4","KCC - Training","40","MCG","Lloyd Meek","17","Hybrid","2487.53516","82.77000000000001","2","241.45833","6.62404","89.3120879822509560","0","0","26","0","1091.3999","1671.130000114441","20.0000000000","17.0000000000","3.0000000000","8.0000000000","4.0000000000","2.0000000000","1.0000000000","21.0000000000","2.0000000000","5.0000000000","456.2582979049","6.0000000000","","","7321.0000000000"
"2026-04-06T00:00:00Z","183246930","Hawthorn v Geelong Cats","f75df275-e7f6-4b42-82e2-43f6aa7f7252","Round 04 v Geelong","78eb8442-e99a-445f-8154-59b764e0c73a","420962e8-998b-45ab-9687-9db72b1aa57f","Quarter 4","4","Round 4","KCC - Training","40","MCG","Lloyd Meek","17","Hybrid","1647.9314","131.35999999999999","3","156.16365","7.36352","53.32162236714507118860","0","0","17","0","625.95001","1854.329999923706","20.0000000000","17.0000000000","3.0000000000","8.0000000000","4.0000000000","2.0000000000","1.0000000000","21.0000000000","2.0000000000","5.0000000000","456.2582979049","6.0000000000","","","7321.0000000000"
"2026-04-06T00:00:00Z","183246930","Hawthorn v Geelong Cats","f75df275-e7f6-4b42-82e2-43f6aa7f7252","Round 04 v Geelong","7381a6b2-b11c-4f42-85df-1b3b97b11693","5ca6c362-6e21-409f-9ead-1cadaf290c75","Quarter 2","4","Round 4","KCC - Training","40","MCG","Connor Macdonald","09","Hybrid","3550.41479","433.51000000000005","11","352.93323","8.11516","111.9445531383704640","104.41909","110","44","0","1187.39001","1902.9500000476837","27.0000000000","21.0000000000","6.0000000000","6.0000000000","4.0000000000","1.0000000000","2.0000000000","24.0000000000","8.0000000000","4.0000000000","646.8469346571","6.0000000000","","","7321.0000000000"
"2026-04-06T00:00:00Z","183246930","Hawthorn v Geelong Cats","f75df275-e7f6-4b42-82e2-43f6aa7f7252","Round 04 v Geelong","7381a6b2-b11c-4f42-85df-1b3b97b11693","420962e8-998b-45ab-9687-9db72b1aa57f","Quarter 4","4","Round 4","KCC - Training","40","MCG","Connor Macdonald","09","Hybrid","3473.52783","304.33","8","347.27808","7.0109","112.3918988575791960","105.511","106","36","0","1324.66992","1854.329999923706","27.0000000000","21.0000000000","6.0000000000","6.0000000000","4.0000000000","1.0000000000","2.0000000000","24.0000000000","8.0000000000","4.0000000000","646.8469346571","6.0000000000","","","7321.0000000000"
"2026-04-06T00:00:00Z","183246930","Hawthorn v Geelong Cats","f75df275-e7f6-4b42-82e2-43f6aa7f7252","Round 04 v Geelong","7381a6b2-b11c-4f42-85df-1b3b97b11693","59afb7de-8010-4fc5-a458-9568d84d7fef","Quarter 3","4","Round 4","KCC - Training","40","MCG","Connor Macdonald","09","Hybrid","3527.44458","263.68","5","358.55298","8.12101","126.6488392797126360","107.52803","108","46","0","1334.39001","1671.130000114441","27.0000000000","21.0000000000","6.0000000000","6.0000000000","4.0000000000","1.0000000000","2.0000000000","24.0000000000","8.0000000000","4.0000000000","646.8469346571","6.0000000000","","","7321.0000000000"
"2026-04-06T00:00:00Z","183246930","Hawthorn v Geelong Cats","f75df275-e7f6-4b42-82e2-43f6aa7f7252","Round 04 v Geelong","7381a6b2-b11c-4f42-85df-1b3b97b11693","45fe1cf0-980a-405e-b8f3-465625979ba7","Quarter 1","4","Round 4","KCC - Training","40","MCG","Connor Macdonald","09","Hybrid","3238.91675","554.37999","13","323.97281","7.59125","108.0755697491087580","97.43297","115","40","0","946.64001","1798.1400001049042","27.0000000000","21.0000000000","6.0000000000","6.0000000000","4.0000000000","1.0000000000","2.0000000000","24.0000000000","8.0000000000","4.0000000000","646.8469346571","6.0000000000","","","7321.0000000000"
"2026-04-06T00:00:00Z","183246930","Hawthorn v Geelong Cats","f75df275-e7f6-4b42-82e2-43f6aa7f7252","Round 04 v Geelong","020880cf-4cc3-45b8-ade5-ced73183435f","420962e8-998b-45ab-9687-9db72b1aa57f","Quarter 4","4","Round 4","KCC - Training","40","MCG","Jack Ginnivan","33","Hybrid","3965.62695","244.38","6","389.63019","6.85119","128.3146025841083460","111.5776","116","57","0","1423.87","1854.329999923706","6.0000000000","5.0000000000","1.0000000000","4.0000000000","4.0000000000","","","21.0000000000","1.0000000000","","192.9990471878","5.0000000000","4.0000000000","","7321.0000000000"
"2026-04-06T00:00:00Z","183246930","Hawthorn v Geelong Cats","f75df275-e7f6-4b42-82e2-43f6aa7f7252","Round 04 v Geelong","020880cf-4cc3-45b8-ade5-ced73183435f","59afb7de-8010-4fc5-a458-9568d84d7fef","Quarter 3","4","Round 4","KCC - Training","40","MCG","Jack Ginnivan","33","Hybrid","2996.39282","208.53001","4","299.2858","7.01079","107.5820368180142820","115.50271","118","46","0","1095.56006","1671.130000114441","6.0000000000","5.0000000000","1.0000000000","4.0000000000","4.0000000000","","","21.0000000000","1.0000000000","","192.9990471878","5.0000000000","4.0000000000","","7321.0000000000"
"2026-04-06T00:00:00Z","183246930","Hawthorn v Geelong Cats","f75df275-e7f6-4b42-82e2-43f6aa7f7252","Round 04 v Geelong","020880cf-4cc3-45b8-ade5-ced73183435f","5ca6c362-6e21-409f-9ead-1cadaf290c75","Quarter 2","4","Round 4","KCC - Training","40","MCG","Jack Ginnivan","33","Hybrid","3268.52197","378.48","11","302.37482","8.09501","103.0564745238108660","115.30345","119","43","0","968.01996","1902.9500000476837","6.0000000000","5.0000000000","1.0000000000","4.0000000000","4.0000000000","","","21.0000000000","1.0000000000","","192.9990471878","5.0000000000","4.0000000000","","7321.0000000000"
"2026-04-06T00:00:00Z","183246930","Hawthorn v Geelong Cats","f75df275-e7f6-4b42-82e2-43f6aa7f7252","Round 04 v Geelong","020880cf-4cc3-45b8-ade5-ced73183435f","45fe1cf0-980a-405e-b8f3-465625979ba7","Quarter 1","4","Round 4","KCC - Training","40","MCG","Jack Ginnivan","33","Hybrid","3236.22607","342.63999000000007","8","324.65155","7.1248","107.9857876409355420","94.97953","109","42","0","1084.63","1798.1400001049042","6.0000000000","5.0000000000","1.0000000000","4.0000000000","4.0000000000","","","21.0000000000","1.0000000000","","192.9990471878","5.0000000000","4.0000000000","","7321.0000000000"
"2026-04-06T00:00:00Z","183246930","Hawthorn v Geelong Cats","f75df275-e7f6-4b42-82e2-43f6aa7f7252","Round 04 v Geelong","7381a6b2-b11c-4f42-85df-1b3b97b11693","420962e8-998b-45ab-9687-9db72b1aa57f","Quarter 4","4","Round 4","KCC - Training","40","MCG","Connor Macdonald","09","Hybrid","3473.52783","304.33","8","347.27808","7.0109","112.3918988575791960","105.511","106","36","0","1324.66992","1854.329999923706","26.0000000000","18.0000000000","8.0000000000","8.0000000000","3.0000000000","2.0000000000","","16.0000000000","5.0000000000","2.0000000000","424.2499043991","4.0000000000","","","7321.0000000000"
"2026-04-06T00:00:00Z","183246930","Hawthorn v Geelong Cats","f75df275-e7f6-4b42-82e2-43f6aa7f7252","Round 04 v Geelong","7381a6b2-b11c-4f42-85df-1b3b97b11693","59afb7de-8010-4fc5-a458-9568d84d7fef","Quarter 3","4","Round 4","KCC - Training","40","MCG","Connor Macdonald","09","Hybrid","3527.44458","263.68","5","358.55298","8.12101","126.6488392797126360","107.52803","108","46","0","1334.39001","1671.130000114441","26.0000000000","18.0000000000","8.0000000000","8.0000000000","3.0000000000","2.0000000000","","16.0000000000","5.0000000000","2.0000000000","424.2499043991","4.0000000000","","","7321.0000000000"
"2026-04-06T00:00:00Z","183246930","Hawthorn v Geelong Cats","f75df275-e7f6-4b42-82e2-43f6aa7f7252","Round 04 v Geelong","7381a6b2-b11c-4f42-85df-1b3b97b11693","5ca6c362-6e21-409f-9ead-1cadaf290c75","Quarter 2","4","Round 4","KCC - Training","40","MCG","Connor Macdonald","09","Hybrid","3550.41479","433.51000000000005","11","352.93323","8.11516","111.9445531383704640","104.41909","110","44","0","1187.39001","1902.9500000476837","26.0000000000","18.0000000000","8.0000000000","8.0000000000","3.0000000000","2.0000000000","","16.0000000000","5.0000000000","2.0000000000","424.2499043991","4.0000000000","","","7321.0000000000"
"2026-04-06T00:00:00Z","183246930","Hawthorn v Geelong Cats","f75df275-e7f6-4b42-82e2-43f6aa7f7252","Round 04 v Geelong","7381a6b2-b11c-4f42-85df-1b3b97b11693","45fe1cf0-980a-405e-b8f3-465625979ba7","Quarter 1","4","Round 4","KCC - Training","40","MCG","Connor Macdonald","09","Hybrid","3238.91675","554.37999","13","323.97281","7.59125","108.0755697491087580","97.43297","115","40","0","946.64001","1798.1400001049042","26.0000000000","18.0000000000","8.0000000000","8.0000000000","3.0000000000","2.0000000000","","16.0000000000","5.0000000000","2.0000000000","424.2499043991","4.0000000000","","","7321.0000000000"
"2026-04-06T00:00:00Z","183246930","Hawthorn v Geelong Cats","f75df275-e7f6-4b42-82e2-43f6aa7f7252","Round 04 v Geelong","2794f857-7792-4f4b-b5fc-204ce195a191","45fe1cf0-980a-405e-b8f3-465625979ba7","Quarter 1","4","Round 4","KCC - Training","40","MCG","Josh Ward","25","Hybrid","3505.4917","352.18001","11","336.09018","6.5962","116.9705929392201360","0","0","55","0","1288.46997","1798.1400001049042","29.0000000000","14.0000000000","15.0000000000","3.0000000000","6.0000000000","3.0000000000","","17.0000000000","5.0000000000","1.0000000000","326.3499593322","2.0000000000","","","7321.0000000000"
"2026-04-06T00:00:00Z","183246930","Hawthorn v Geelong Cats","f75df275-e7f6-4b42-82e2-43f6aa7f7252","Round 04 v Geelong","2794f857-7792-4f4b-b5fc-204ce195a191","5ca6c362-6e21-409f-9ead-1cadaf290c75","Quarter 2","4","Round 4","KCC - Training","40","MCG","Josh Ward","25","Hybrid","3405.56543","456.58","14","311.39996","7.62918","107.3774538452822460","0","0","44","0","1136.79004","1902.9500000476837","29.0000000000","14.0000000000","15.0000000000","3.0000000000","6.0000000000","3.0000000000","","17.0000000000","5.0000000000","1.0000000000","326.3499593322","2.0000000000","","","7321.0000000000"
"2026-04-06T00:00:00Z","183246930","Hawthorn v Geelong Cats","f75df275-e7f6-4b42-82e2-43f6aa7f7252","Round 04 v Geelong","2794f857-7792-4f4b-b5fc-204ce195a191","59afb7de-8010-4fc5-a458-9568d84d7fef","Quarter 3","4","Round 4","KCC - Training","40","MCG","Josh Ward","25","Hybrid","2534.30469","151.28000000000003","4","236.43741","7.47104","90.9912941480237100","0","0","35","0","976.93005","1671.130000114441","29.0000000000","14.0000000000","15.0000000000","3.0000000000","6.0000000000","3.0000000000","","17.0000000000","5.0000000000","1.0000000000","326.3499593322","2.0000000000","","","7321.0000000000"
"2026-04-06T00:00:00Z","183246930","Hawthorn v Geelong Cats","f75df275-e7f6-4b42-82e2-43f6aa7f7252","Round 04 v Geelong","2794f857-7792-4f4b-b5fc-204ce195a191","420962e8-998b-45ab-9687-9db72b1aa57f","Quarter 4","4","Round 4","KCC - Training","40","MCG","Josh Ward","25","Hybrid","3649.39111","254.33001","2","342.08157","8.22307","118.0822542961657140","0","0","49","0","1401.25","1854.329999923706","29.0000000000","14.0000000000","15.0000000000","3.0000000000","6.0000000000","3.0000000000","","17.0000000000","5.0000000000","1.0000000000","326.3499593322","2.0000000000","","","7321.0000000000"
"2026-04-06T00:00:00Z","183246930","Hawthorn v Geelong Cats","f75df275-e7f6-4b42-82e2-43f6aa7f7252","Round 04 v Geelong","a5e3bb3d-7e57-4dff-9d50-d405f3e1a584","45fe1cf0-980a-405e-b8f3-465625979ba7","Quarter 1","4","Round 4","KCC - Training","40","MCG","Jai Newcombe","03","Hybrid","3434.02002","199.72","5","369.24219","7.24945","114.5857392572210580","74.59367","106","44","0","1340.94995","1798.1400001049042","25.0000000000","11.0000000000","14.0000000000","1.0000000000","4.0000000000","6.0000000000","2.0000000000","20.0000000000","5.0000000000","","282.3059587705","5.0000000000","","","7321.0000000000"
"2026-04-06T00:00:00Z","183246930","Hawthorn v Geelong Cats","f75df275-e7f6-4b42-82e2-43f6aa7f7252","Round 04 v Geelong","a5e3bb3d-7e57-4dff-9d50-d405f3e1a584","5ca6c362-6e21-409f-9ead-1cadaf290c75","Quarter 2","4","Round 4","KCC - Training","40","MCG","Jai Newcombe","03","Hybrid","3405.98511","332.5","9","356.02139","7.56172","107.3906863527045960","69.09658","108","35","0","1190.84009","1902.9500000476837","25.0000000000","11.0000000000","14.0000000000","1.0000000000","4.0000000000","6.0000000000","2.0000000000","20.0000000000","5.0000000000","","282.3059587705","5.0000000000","","","7321.0000000000"
"2026-04-06T00:00:00Z","183246930","Hawthorn v Geelong Cats","f75df275-e7f6-4b42-82e2-43f6aa7f7252","Round 04 v Geelong","a5e3bb3d-7e57-4dff-9d50-d405f3e1a584","59afb7de-8010-4fc5-a458-9568d84d7fef","Quarter 3","4","Round 4","KCC - Training","40","MCG","Jai Newcombe","03","Hybrid","3350.52612","123.22","2","382.14307","6.8523","120.2967855201169980","84.13761","109","50","0","1016.25","1671.130000114441","25.0000000000","11.0000000000","14.0000000000","1.0000000000","4.0000000000","6.0000000000","2.0000000000","20.0000000000","5.0000000000","","282.3059587705","5.0000000000","","","7321.0000000000"
"2026-04-06T00:00:00Z","183246930","Hawthorn v Geelong Cats","f75df275-e7f6-4b42-82e2-43f6aa7f7252","Round 04 v Geelong","a5e3bb3d-7e57-4dff-9d50-d405f3e1a584","420962e8-998b-45ab-9687-9db72b1aa57f","Quarter 4","4","Round 4","KCC - Training","40","MCG","Jai Newcombe","03","Hybrid","3340.8208","340.16999","6","357.47308","7.84822","108.0979372648057380","64.28527","113","39","0","1252.07007","1854.329999923706","25.0000000000","11.0000000000","14.0000000000","1.0000000000","4.0000000000","6.0000000000","2.0000000000","20.0000000000","5.0000000000","","282.3059587705","5.0000000000","","","7321.0000000000"
"2026-04-06T00:00:00Z","183246930","Hawthorn v Geelong Cats","f75df275-e7f6-4b42-82e2-43f6aa7f7252","Round 04 v Geelong","d15ed9ce-f683-4f0e-b12f-c87e4029f11e","45fe1cf0-980a-405e-b8f3-465625979ba7","Quarter 1","4","Round 4","KCC - Training","40","MCG","Nick Watson","05","Hybrid","2608.51367","329.81","8","253.61493","7.84202","87.0403974055797060","103.52333","113","35","0","858.92004","1798.1400001049042","13.0000000000","6.0000000000","7.0000000000","2.0000000000","3.0000000000","2.0000000000","1.0000000000","11.0000000000","2.0000000000","","145.0934431353","1.0000000000","3.0000000000","","7321.0000000000"
"2026-04-06T00:00:00Z","183246930","Hawthorn v Geelong Cats","f75df275-e7f6-4b42-82e2-43f6aa7f7252","Round 04 v Geelong","d15ed9ce-f683-4f0e-b12f-c87e4029f11e","5ca6c362-6e21-409f-9ead-1cadaf290c75","Quarter 2","4","Round 4","KCC - Training","40","MCG","Nick Watson","05","Hybrid","2580.302","368.54","10","249.54037","7.74915","81.3569037526580340","111.856","112","36","0","665.73999","1902.9500000476837","13.0000000000","6.0000000000","7.0000000000","2.0000000000","3.0000000000","2.0000000000","1.0000000000","11.0000000000","2.0000000000","","145.0934431353","1.0000000000","3.0000000000","","7321.0000000000"
"2026-04-06T00:00:00Z","183246930","Hawthorn v Geelong Cats","f75df275-e7f6-4b42-82e2-43f6aa7f7252","Round 04 v Geelong","d15ed9ce-f683-4f0e-b12f-c87e4029f11e","59afb7de-8010-4fc5-a458-9568d84d7fef","Quarter 3","4","Round 4","KCC - Training","40","MCG","Nick Watson","05","Hybrid","2052.05713","159.07999","6","204.04675","7.95882","73.6767503375370900","112","112","22","0","776.68005","1671.130000114441","13.0000000000","6.0000000000","7.0000000000","2.0000000000","3.0000000000","2.0000000000","1.0000000000","11.0000000000","2.0000000000","","145.0934431353","1.0000000000","3.0000000000","","7321.0000000000"
"2026-04-06T00:00:00Z","183246930","Hawthorn v Geelong Cats","f75df275-e7f6-4b42-82e2-43f6aa7f7252","Round 04 v Geelong","d15ed9ce-f683-4f0e-b12f-c87e4029f11e","420962e8-998b-45ab-9687-9db72b1aa57f","Quarter 4","4","Round 4","KCC - Training","40","MCG","Nick Watson","05","Hybrid","2773.2749","243.21000000000004","8","265.48206","7.42408","89.7340246918542900","112","112","20","0","1032.05005","1854.329999923706","13.0000000000","6.0000000000","7.0000000000","2.0000000000","3.0000000000","2.0000000000","1.0000000000","11.0000000000","2.0000000000","","145.0934431353","1.0000000000","3.0000000000","","7321.0000000000"
"2026-04-06T00:00:00Z","183246930","Hawthorn v Geelong Cats","f75df275-e7f6-4b42-82e2-43f6aa7f7252","Round 04 v Geelong","ee799c04-c79f-41c9-bd53-176bb21a7077","420962e8-998b-45ab-9687-9db72b1aa57f","Quarter 4","4","Round 4","KCC - Training","40","MCG","Conor Nash","11","Back","1519.83618","238.10999999999999","4","135.12178","7.27677","49.17688372822092139320","60","60","13","0","596.60999","1854.329999923706","10.0000000000","4.0000000000","6.0000000000","1.0000000000","2.0000000000","6.0000000000","4.0000000000","9.0000000000","3.0000000000","","100.8667979901","1.0000000000","","","7321.0000000000"
"2026-04-06T00:00:00Z","183246930","Hawthorn v Geelong Cats","f75df275-e7f6-4b42-82e2-43f6aa7f7252","Round 04 v Geelong","ee799c04-c79f-41c9-bd53-176bb21a7077","45fe1cf0-980a-405e-b8f3-465625979ba7","Quarter 1","4","Round 4","KCC - Training","40","MCG","Conor Nash","11","Back","3388.0835","257.62999","5","307.69638","6.95324","113.0529380293749480","3","3","49","0","1323.05994","1798.1400001049042","10.0000000000","4.0000000000","6.0000000000","1.0000000000","2.0000000000","6.0000000000","4.0000000000","9.0000000000","3.0000000000","","100.8667979901","1.0000000000","","","7321.0000000000"
"2026-04-06T00:00:00Z","183246930","Hawthorn v Geelong Cats","f75df275-e7f6-4b42-82e2-43f6aa7f7252","Round 04 v Geelong","ee799c04-c79f-41c9-bd53-176bb21a7077","5ca6c362-6e21-409f-9ead-1cadaf290c75","Quarter 2","4","Round 4","KCC - Training","40","MCG","Conor Nash","11","Back","2961.82764","217.79","4","263.47668","7.89609","93.3864044749189380","55.42116","60","37","0","1085.27002","1902.9500000476837","10.0000000000","4.0000000000","6.0000000000","1.0000000000","2.0000000000","6.0000000000","4.0000000000","9.0000000000","3.0000000000","","100.8667979901","1.0000000000","","","7321.0000000000"
"2026-04-06T00:00:00Z","183246930","Hawthorn v Geelong Cats","f75df275-e7f6-4b42-82e2-43f6aa7f7252","Round 04 v Geelong","ee799c04-c79f-41c9-bd53-176bb21a7077","59afb7de-8010-4fc5-a458-9568d84d7fef","Quarter 3","4","Round 4","KCC - Training","40","MCG","Conor Nash","11","Back","2797.271","182.43","4","253.17371","7.01972","100.4327969628373440","60.14459","61","30","0","1265.80005","1671.130000114441","10.0000000000","4.0000000000","6.0000000000","1.0000000000","2.0000000000","6.0000000000","4.0000000000","9.0000000000","3.0000000000","","100.8667979901","1.0000000000","","","7321.0000000000"
"2026-04-06T00:00:00Z","183246930","Hawthorn v Geelong Cats","f75df275-e7f6-4b42-82e2-43f6aa7f7252","Round 04 v Geelong","420e62c1-a84f-49dc-907d-f9179cb14310","5ca6c362-6e21-409f-9ead-1cadaf290c75","Quarter 2","4","Round 4","KCC - Training","40","MCG","Jack Dalton","34","Hybrid","2544.4834","434.82","9","237.31966","7.48861","80.2275435487923780","0","0","40","0","796.88","1902.9500000476837","16.0000000000","6.0000000000","10.0000000000","3.0000000000","2.0000000000","2.0000000000","2.0000000000","7.0000000000","","4.0000000000","225.9768696428","3.0000000000","","","7321.0000000000"
"2026-04-06T00:00:00Z","183246930","Hawthorn v Geelong Cats","f75df275-e7f6-4b42-82e2-43f6aa7f7252","Round 04 v Geelong","420e62c1-a84f-49dc-907d-f9179cb14310","45fe1cf0-980a-405e-b8f3-465625979ba7","Quarter 1","4","Round 4","KCC - Training","40","MCG","Jack Dalton","34","Hybrid","3210.37646","484.2500100000001","13","314.89032","8.39502","107.1232426778572980","0","0","53","0","1053.05005","1798.1400001049042","16.0000000000","6.0000000000","10.0000000000","3.0000000000","2.0000000000","2.0000000000","2.0000000000","7.0000000000","","4.0000000000","225.9768696428","3.0000000000","","","7321.0000000000"
"2026-04-06T00:00:00Z","183246930","Hawthorn v Geelong Cats","f75df275-e7f6-4b42-82e2-43f6aa7f7252","Round 04 v Geelong","420e62c1-a84f-49dc-907d-f9179cb14310","59afb7de-8010-4fc5-a458-9568d84d7fef","Quarter 3","4","Round 4","KCC - Training","40","MCG","Jack Dalton","34","Hybrid","3173.71948","546.14998","11","308.65027","7.44607","113.9487465289711680","0","0","58","0","1036.79004","1671.130000114441","16.0000000000","6.0000000000","10.0000000000","3.0000000000","2.0000000000","2.0000000000","2.0000000000","7.0000000000","","4.0000000000","225.9768696428","3.0000000000","","","7321.0000000000"
"2026-04-06T00:00:00Z","183246930","Hawthorn v Geelong Cats","f75df275-e7f6-4b42-82e2-43f6aa7f7252","Round 04 v Geelong","420e62c1-a84f-49dc-907d-f9179cb14310","420962e8-998b-45ab-9687-9db72b1aa57f","Quarter 4","4","Round 4","KCC - Training","40","MCG","Jack Dalton","34","Hybrid","1629.45703","438.01","9","153.82449","7.94706","52.72385271446965406340","0","0","26","0","478.29999","1854.329999923706","16.0000000000","6.0000000000","10.0000000000","3.0000000000","2.0000000000","2.0000000000","2.0000000000","7.0000000000","","4.0000000000","225.9768696428","3.0000000000","","","7321.0000000000"
"2026-04-06T00:00:00Z","183246930","Hawthorn v Geelong Cats","f75df275-e7f6-4b42-82e2-43f6aa7f7252","Round 04 v Geelong","131ea882-7562-4a3d-a0e0-ddd0ca763ee2","420962e8-998b-45ab-9687-9db72b1aa57f","Quarter 4","4","Round 4","KCC - Training","40","MCG","Jack Scrimshaw","14","Hybrid","3286.46094","170.54999999999998","5","275.86011","7.58472","106.3390315683362880","61","61","34","0","1120.55005","1854.329999923706","13.0000000000","11.0000000000","2.0000000000","6.0000000000","2.0000000000","","2.0000000000","17.0000000000","2.0000000000","3.0000000000","240.5912619737","1.0000000000","","","7321.0000000000"
"2026-04-06T00:00:00Z","183246930","Hawthorn v Geelong Cats","f75df275-e7f6-4b42-82e2-43f6aa7f7252","Round 04 v Geelong","131ea882-7562-4a3d-a0e0-ddd0ca763ee2","59afb7de-8010-4fc5-a458-9568d84d7fef","Quarter 3","4","Round 4","KCC - Training","40","MCG","Jack Scrimshaw","14","Hybrid","2338.92773","173.55","5","203.13666","8.16989","83.9765091826426680","60.3817","61","25","0","827.09003","1671.130000114441","13.0000000000","11.0000000000","2.0000000000","6.0000000000","2.0000000000","","2.0000000000","17.0000000000","2.0000000000","3.0000000000","240.5912619737","1.0000000000","","","7321.0000000000"
"2026-04-06T00:00:00Z","183246930","Hawthorn v Geelong Cats","f75df275-e7f6-4b42-82e2-43f6aa7f7252","Round 04 v Geelong","131ea882-7562-4a3d-a0e0-ddd0ca763ee2","5ca6c362-6e21-409f-9ead-1cadaf290c75","Quarter 2","4","Round 4","KCC - Training","40","MCG","Jack Scrimshaw","14","Hybrid","3012.97534","265.96999999999997","6","247.1265","7.78371","94.9990910930240400","58.43863","59","35","0","957.96002","1902.9500000476837","13.0000000000","11.0000000000","2.0000000000","6.0000000000","2.0000000000","","2.0000000000","17.0000000000","2.0000000000","3.0000000000","240.5912619737","1.0000000000","","","7321.0000000000"
"2026-04-06T00:00:00Z","183246930","Hawthorn v Geelong Cats","f75df275-e7f6-4b42-82e2-43f6aa7f7252","Round 04 v Geelong","131ea882-7562-4a3d-a0e0-ddd0ca763ee2","45fe1cf0-980a-405e-b8f3-465625979ba7","Quarter 1","4","Round 4","KCC - Training","40","MCG","Jack Scrimshaw","14","Hybrid","3244.62622","220.70999999999998","7","266.80322","8.56384","108.2660822787115740","53.7427","57","33","0","1306.02002","1798.1400001049042","13.0000000000","11.0000000000","2.0000000000","6.0000000000","2.0000000000","","2.0000000000","17.0000000000","2.0000000000","3.0000000000","240.5912619737","1.0000000000","","","7321.0000000000"
"2026-04-06T00:00:00Z","183246930","Hawthorn v Geelong Cats","f75df275-e7f6-4b42-82e2-43f6aa7f7252","Round 04 v Geelong","eedc79b6-c40e-445e-8f0f-78f5c4d301aa","59afb7de-8010-4fc5-a458-9568d84d7fef","Quarter 3","4","Round 4","KCC - Training","40","MCG","Josh Weddle","23","Hybrid","2728.13159","231.05999000000003","6","226.13113","8.39972","97.9504259924664480","0","0","36","0","971.47998","1671.130000114441","13.0000000000","5.0000000000","8.0000000000","1.0000000000","","","","9.0000000000","3.0000000000","2.0000000000","296.6760090079","1.0000000000","1.0000000000","","7321.0000000000"
"2026-04-06T00:00:00Z","183246930","Hawthorn v Geelong Cats","f75df275-e7f6-4b42-82e2-43f6aa7f7252","Round 04 v Geelong","eedc79b6-c40e-445e-8f0f-78f5c4d301aa","45fe1cf0-980a-405e-b8f3-465625979ba7","Quarter 1","4","Round 4","KCC - Training","40","MCG","Josh Weddle","23","Hybrid","3535.67749","390.69999","10","273.41064","8.67098","117.9778267474299180","63.17462","92","32","0","1247.90002","1798.1400001049042","13.0000000000","5.0000000000","8.0000000000","1.0000000000","","","","9.0000000000","3.0000000000","2.0000000000","296.6760090079","1.0000000000","1.0000000000","","7321.0000000000"
"2026-04-06T00:00:00Z","183246930","Hawthorn v Geelong Cats","f75df275-e7f6-4b42-82e2-43f6aa7f7252","Round 04 v Geelong","eedc79b6-c40e-445e-8f0f-78f5c4d301aa","420962e8-998b-45ab-9687-9db72b1aa57f","Quarter 4","4","Round 4","KCC - Training","40","MCG","Josh Weddle","23","Hybrid","4038.49976","256.79","7","326.49088","7.46412","130.6725262547494380","96.66833","97","45","0","1567.39001","1854.329999923706","13.0000000000","5.0000000000","8.0000000000","1.0000000000","","","","9.0000000000","3.0000000000","2.0000000000","296.6760090079","1.0000000000","1.0000000000","","7321.0000000000"
"2026-04-06T00:00:00Z","183246930","Hawthorn v Geelong Cats","f75df275-e7f6-4b42-82e2-43f6aa7f7252","Round 04 v Geelong","eedc79b6-c40e-445e-8f0f-78f5c4d301aa","5ca6c362-6e21-409f-9ead-1cadaf290c75","Quarter 2","4","Round 4","KCC - Training","40","MCG","Josh Weddle","23","Hybrid","3849.33252","463.94999999999993","12","292.15936","7.69543","121.3694270444376660","95.93458","96","40","0","1308.09998","1902.9500000476837","13.0000000000","5.0000000000","8.0000000000","1.0000000000","","","","9.0000000000","3.0000000000","2.0000000000","296.6760090079","1.0000000000","1.0000000000","","7321.0000000000"
"2026-04-11T00:00:00Z","183255123","Hawthorn v Western Bulldogs","9793cf60-b001-4db3-a818-956f19d7b23e","Round 05 v Western Bulldogs","0325dfcd-afd9-4feb-9006-dd13f41ca9e6","96317651-73ea-4189-ad56-b300436c77bf","Quarter 1","5","Round 5","KCC - Training","6","Adelaide Oval","Jack Gunston","19","Forward","2830.78223","219.58999999999997","5","265.04794","7.03407","92.4035328920147340","116.90672","143","40","0","939.79999","1838.0999999046326","8.0000000000","6.0000000000","2.0000000000","4.0000000000","1.0000000000","","1.0000000000","12.0000000000","","","173.5417043469","","3.0000000000","2.0000000000","7276.0000000000"
"2026-04-11T00:00:00Z","183255123","Hawthorn v Western Bulldogs","9793cf60-b001-4db3-a818-956f19d7b23e","Round 05 v Western Bulldogs","0325dfcd-afd9-4feb-9006-dd13f41ca9e6","1eca8998-ad85-4884-b58b-cec022a7d190","Quarter 2","5","Round 5","KCC - Training","6","Adelaide Oval","Jack Gunston","19","Forward","2927.21777","103.96000000000001","3","277.01889","7.34599","107.6532612900758340","113.71627","141","32","0","1076.45996","1631.4700000286102","8.0000000000","6.0000000000","2.0000000000","4.0000000000","1.0000000000","","1.0000000000","12.0000000000","","","173.5417043469","","3.0000000000","2.0000000000","7276.0000000000"
"2026-04-11T00:00:00Z","183255123","Hawthorn v Western Bulldogs","9793cf60-b001-4db3-a818-956f19d7b23e","Round 05 v Western Bulldogs","0325dfcd-afd9-4feb-9006-dd13f41ca9e6","02ec3d94-5fd9-4c7b-8a32-d2ba56c817cd","Quarter 3","5","Round 5","KCC - Training","6","Adelaide Oval","Jack Gunston","19","Forward","2909.37842","55.790000000000006","2","270.13721","6.76072","90.4535589159260040","102.21598","136","31","0","1080.06006","1929.8599998950958","8.0000000000","6.0000000000","2.0000000000","4.0000000000","1.0000000000","","1.0000000000","12.0000000000","","","173.5417043469","","3.0000000000","2.0000000000","7276.0000000000"
"2026-04-11T00:00:00Z","183255123","Hawthorn v Western Bulldogs","9793cf60-b001-4db3-a818-956f19d7b23e","Round 05 v Western Bulldogs","0325dfcd-afd9-4feb-9006-dd13f41ca9e6","409a7b10-d9b7-499a-8400-9b4d84931b66","Quarter 4","5","Round 5","KCC - Training","6","Adelaide Oval","Jack Gunston","19","Forward","2256.31006","78.83999999999999","2","215.69798","7.49181","72.5167412608968900","110.22597","136","30","0","813.44","1866.8600001335144","8.0000000000","6.0000000000","2.0000000000","4.0000000000","1.0000000000","","1.0000000000","12.0000000000","","","173.5417043469","","3.0000000000","2.0000000000","7276.0000000000"
"2026-04-11T00:00:00Z","183255123","Hawthorn v Western Bulldogs","9793cf60-b001-4db3-a818-956f19d7b23e","Round 05 v Western Bulldogs","48b7449c-7b00-4728-8dcf-81959514acff","96317651-73ea-4189-ad56-b300436c77bf","Quarter 1","5","Round 5","KCC - Training","6","Adelaide Oval","Jarman Impey","04","Midfielder","2826.35303","363.74999","12","303.06604","8.01081","92.2589531629391760","126.82052","133","27","0","938.66003","1838.0999999046326","26.0000000000","17.0000000000","9.0000000000","10.0000000000","","","","10.0000000000","2.0000000000","5.0000000000","395.8234279769","4.0000000000","","","7276.0000000000"
"2026-04-11T00:00:00Z","183255123","Hawthorn v Western Bulldogs","9793cf60-b001-4db3-a818-956f19d7b23e","Round 05 v Western Bulldogs","48b7449c-7b00-4728-8dcf-81959514acff","1eca8998-ad85-4884-b58b-cec022a7d190","Quarter 2","5","Round 5","KCC - Training","6","Adelaide Oval","Jarman Impey","04","Midfielder","2958.54736","265.37","8","314.10751","7.85499","108.8054586335556600","117.66711","118","40","0","1050.90002","1631.4700000286102","26.0000000000","17.0000000000","9.0000000000","10.0000000000","","","","10.0000000000","2.0000000000","5.0000000000","395.8234279769","4.0000000000","","","7276.0000000000"
"2026-04-11T00:00:00Z","183255123","Hawthorn v Western Bulldogs","9793cf60-b001-4db3-a818-956f19d7b23e","Round 05 v Western Bulldogs","48b7449c-7b00-4728-8dcf-81959514acff","02ec3d94-5fd9-4c7b-8a32-d2ba56c817cd","Quarter 3","5","Round 5","KCC - Training","6","Adelaide Oval","Jarman Impey","04","Midfielder","3690.25635","482.69999","13","395.87994","8.5332","114.7313178220367280","115.74135","119","55","0","1260.67004","1929.8599998950958","26.0000000000","17.0000000000","9.0000000000","10.0000000000","","","","10.0000000000","2.0000000000","5.0000000000","395.8234279769","4.0000000000","","","7276.0000000000"
"2026-04-11T00:00:00Z","183255123","Hawthorn v Western Bulldogs","9793cf60-b001-4db3-a818-956f19d7b23e","Round 05 v Western Bulldogs","48b7449c-7b00-4728-8dcf-81959514acff","409a7b10-d9b7-499a-8400-9b4d84931b66","Quarter 4","5","Round 5","KCC - Training","6","Adelaide Oval","Jarman Impey","04","Midfielder","3038.12524","347.03999999999996","6","317.9537","7.9489","97.6439124449413080","111","111","46","0","908.27002","1866.8600001335144","26.0000000000","17.0000000000","9.0000000000","10.0000000000","","","","10.0000000000","2.0000000000","5.0000000000","395.8234279769","4.0000000000","","","7276.0000000000"
"2026-04-11T00:00:00Z","183255123","Hawthorn v Western Bulldogs","9793cf60-b001-4db3-a818-956f19d7b23e","Round 05 v Western Bulldogs","036695b3-12e6-43fb-a153-0dea34fd7c41","409a7b10-d9b7-499a-8400-9b4d84931b66","Quarter 4","5","Round 5","KCC - Training","6","Adelaide Oval","Karl Amon","10","Hybrid","2576.52734","249.65","8","256.46381","6.95076","82.8083736268085940","0","0","19","0","999.87","1866.8600001335144","24.0000000000","17.0000000000","7.0000000000","7.0000000000","","","","13.0000000000","1.0000000000","7.0000000000","538.1936821755","6.0000000000","","","7276.0000000000"
"2026-04-11T00:00:00Z","183255123","Hawthorn v Western Bulldogs","9793cf60-b001-4db3-a818-956f19d7b23e","Round 05 v Western Bulldogs","036695b3-12e6-43fb-a153-0dea34fd7c41","02ec3d94-5fd9-4c7b-8a32-d2ba56c817cd","Quarter 3","5","Round 5","KCC - Training","6","Adelaide Oval","Karl Amon","10","Hybrid","4306.8252","595.79001","17","419.0451","7.68074","133.9006518680353680","76","76","50","0","1529.56006","1929.8599998950958","24.0000000000","17.0000000000","7.0000000000","7.0000000000","","","","13.0000000000","1.0000000000","7.0000000000","538.1936821755","6.0000000000","","","7276.0000000000"
"2026-04-11T00:00:00Z","183255123","Hawthorn v Western Bulldogs","9793cf60-b001-4db3-a818-956f19d7b23e","Round 05 v Western Bulldogs","036695b3-12e6-43fb-a153-0dea34fd7c41","1eca8998-ad85-4884-b58b-cec022a7d190","Quarter 2","5","Round 5","KCC - Training","6","Adelaide Oval","Karl Amon","10","Hybrid","2956.33081","405.39998999999995","7","286.46771","7.47551","108.7239413515966500","0","0","30","0","967.70996","1631.4700000286102","24.0000000000","17.0000000000","7.0000000000","7.0000000000","","","","13.0000000000","1.0000000000","7.0000000000","538.1936821755","6.0000000000","","","7276.0000000000"
"2026-04-11T00:00:00Z","183255123","Hawthorn v Western Bulldogs","9793cf60-b001-4db3-a818-956f19d7b23e","Round 05 v Western Bulldogs","036695b3-12e6-43fb-a153-0dea34fd7c41","96317651-73ea-4189-ad56-b300436c77bf","Quarter 1","5","Round 5","KCC - Training","6","Adelaide Oval","Karl Amon","10","Hybrid","3579.77002","238.76001","5","355.38599","7.21395","116.8522937876850540","76.65393","77","43","0","1226.48999","1838.0999999046326","24.0000000000","17.0000000000","7.0000000000","7.0000000000","","","","13.0000000000","1.0000000000","7.0000000000","538.1936821755","6.0000000000","","","7276.0000000000"
"2026-04-11T00:00:00Z","183255123","Hawthorn v Western Bulldogs","9793cf60-b001-4db3-a818-956f19d7b23e","Round 05 v Western Bulldogs","48b7449c-7b00-4728-8dcf-81959514acff","409a7b10-d9b7-499a-8400-9b4d84931b66","Quarter 4","5","Round 5","KCC - Training","6","Adelaide Oval","Jarman Impey","04","Midfielder","3038.12524","347.03999999999996","6","317.9537","7.9489","97.6439124449413080","111","111","46","0","908.27002","1866.8600001335144","26.0000000000","17.0000000000","9.0000000000","5.0000000000","4.0000000000","2.0000000000","1.0000000000","16.0000000000","7.0000000000","6.0000000000","722.7911740051","10.0000000000","","1.0000000000","7276.0000000000"
"2026-04-11T00:00:00Z","183255123","Hawthorn v Western Bulldogs","9793cf60-b001-4db3-a818-956f19d7b23e","Round 05 v Western Bulldogs","48b7449c-7b00-4728-8dcf-81959514acff","02ec3d94-5fd9-4c7b-8a32-d2ba56c817cd","Quarter 3","5","Round 5","KCC - Training","6","Adelaide Oval","Jarman Impey","04","Midfielder","3690.25635","482.69999","13","395.87994","8.5332","114.7313178220367280","115.74135","119","55","0","1260.67004","1929.8599998950958","26.0000000000","17.0000000000","9.0000000000","5.0000000000","4.0000000000","2.0000000000","1.0000000000","16.0000000000","7.0000000000","6.0000000000","722.7911740051","10.0000000000","","1.0000000000","7276.0000000000"
"2026-04-11T00:00:00Z","183255123","Hawthorn v Western Bulldogs","9793cf60-b001-4db3-a818-956f19d7b23e","Round 05 v Western Bulldogs","48b7449c-7b00-4728-8dcf-81959514acff","1eca8998-ad85-4884-b58b-cec022a7d190","Quarter 2","5","Round 5","KCC - Training","6","Adelaide Oval","Jarman Impey","04","Midfielder","2958.54736","265.37","8","314.10751","7.85499","108.8054586335556600","117.66711","118","40","0","1050.90002","1631.4700000286102","26.0000000000","17.0000000000","9.0000000000","5.0000000000","4.0000000000","2.0000000000","1.0000000000","16.0000000000","7.0000000000","6.0000000000","722.7911740051","10.0000000000","","1.0000000000","7276.0000000000"
"2026-04-11T00:00:00Z","183255123","Hawthorn v Western Bulldogs","9793cf60-b001-4db3-a818-956f19d7b23e","Round 05 v Western Bulldogs","48b7449c-7b00-4728-8dcf-81959514acff","96317651-73ea-4189-ad56-b300436c77bf","Quarter 1","5","Round 5","KCC - Training","6","Adelaide Oval","Jarman Impey","04","Midfielder","2826.35303","363.74999","12","303.06604","8.01081","92.2589531629391760","126.82052","133","27","0","938.66003","1838.0999999046326","26.0000000000","17.0000000000","9.0000000000","5.0000000000","4.0000000000","2.0000000000","1.0000000000","16.0000000000","7.0000000000","6.0000000000","722.7911740051","10.0000000000","","1.0000000000","7276.0000000000"
"2026-04-11T00:00:00Z","183255123","Hawthorn v Western Bulldogs","9793cf60-b001-4db3-a818-956f19d7b23e","Round 05 v Western Bulldogs","29708cec-1d8a-451d-a7da-18fca9557adc","96317651-73ea-4189-ad56-b300436c77bf","Quarter 1","5","Round 5","KCC - Training","6","Adelaide Oval","James Sicily","06","Back","3686.63062","304.96000000000004","9","322.88504","7.67956","120.3404805024082260","0","0","32","0","1352.88","1838.0999999046326","24.0000000000","18.0000000000","6.0000000000","13.0000000000","2.0000000000","","2.0000000000","13.0000000000","3.0000000000","9.0000000000","493.3482341901","6.0000000000","","","7276.0000000000"
"2026-04-11T00:00:00Z","183255123","Hawthorn v Western Bulldogs","9793cf60-b001-4db3-a818-956f19d7b23e","Round 05 v Western Bulldogs","29708cec-1d8a-451d-a7da-18fca9557adc","1eca8998-ad85-4884-b58b-cec022a7d190","Quarter 2","5","Round 5","KCC - Training","6","Adelaide Oval","James Sicily","06","Back","2811.02588","179.06","5","243.34273","7.84079","103.3801129025003700","0","0","25","0","1126.71997","1631.4700000286102","24.0000000000","18.0000000000","6.0000000000","13.0000000000","2.0000000000","","2.0000000000","13.0000000000","3.0000000000","9.0000000000","493.3482341901","6.0000000000","","","7276.0000000000"
"2026-04-11T00:00:00Z","183255123","Hawthorn v Western Bulldogs","9793cf60-b001-4db3-a818-956f19d7b23e","Round 05 v Western Bulldogs","29708cec-1d8a-451d-a7da-18fca9557adc","02ec3d94-5fd9-4c7b-8a32-d2ba56c817cd","Quarter 3","5","Round 5","KCC - Training","6","Adelaide Oval","James Sicily","06","Back","3707.33569","187.8","4","318.80472","6.88897","115.2623202782023080","0","0","47","0","1348.30005","1929.8599998950958","24.0000000000","18.0000000000","6.0000000000","13.0000000000","2.0000000000","","2.0000000000","13.0000000000","3.0000000000","9.0000000000","493.3482341901","6.0000000000","","","7276.0000000000"
"2026-04-11T00:00:00Z","183255123","Hawthorn v Western Bulldogs","9793cf60-b001-4db3-a818-956f19d7b23e","Round 05 v Western Bulldogs","29708cec-1d8a-451d-a7da-18fca9557adc","409a7b10-d9b7-499a-8400-9b4d84931b66","Quarter 4","5","Round 5","KCC - Training","6","Adelaide Oval","James Sicily","06","Back","3176.97314","332.16","8","264.06253","8.10532","102.1064184707837340","0","0","35","0","986.70996","1866.8600001335144","24.0000000000","18.0000000000","6.0000000000","13.0000000000","2.0000000000","","2.0000000000","13.0000000000","3.0000000000","9.0000000000","493.3482341901","6.0000000000","","","7276.0000000000"
"2026-04-11T00:00:00Z","183255123","Hawthorn v Western Bulldogs","9793cf60-b001-4db3-a818-956f19d7b23e","Round 05 v Western Bulldogs","6c56e5bd-2cd0-47f8-993f-dcc1d1ebce45","96317651-73ea-4189-ad56-b300436c77bf","Quarter 1","5","Round 5","KCC - Training","6","Adelaide Oval","Tom Barrass","37","Hybrid","2582.06958","162.69","2","221.34483","7.0552","84.2849544682215540","67","67","28","0","765.63995","1838.0999999046326","12.0000000000","10.0000000000","2.0000000000","9.0000000000","2.0000000000","","1.0000000000","7.0000000000","1.0000000000","1.0000000000","112.8907662810","1.0000000000","","","7276.0000000000"
"2026-04-11T00:00:00Z","183255123","Hawthorn v Western Bulldogs","9793cf60-b001-4db3-a818-956f19d7b23e","Round 05 v Western Bulldogs","6c56e5bd-2cd0-47f8-993f-dcc1d1ebce45","1eca8998-ad85-4884-b58b-cec022a7d190","Quarter 2","5","Round 5","KCC - Training","6","Adelaide Oval","Tom Barrass","37","Hybrid","2776.1897","129.88","6","236.53207","7.53426","102.0989549284258560","84.0978","87","25","0","955.46997","1631.4700000286102","12.0000000000","10.0000000000","2.0000000000","9.0000000000","2.0000000000","","1.0000000000","7.0000000000","1.0000000000","1.0000000000","112.8907662810","1.0000000000","","","7276.0000000000"
"2026-04-11T00:00:00Z","183255123","Hawthorn v Western Bulldogs","9793cf60-b001-4db3-a818-956f19d7b23e","Round 05 v Western Bulldogs","6c56e5bd-2cd0-47f8-993f-dcc1d1ebce45","02ec3d94-5fd9-4c7b-8a32-d2ba56c817cd","Quarter 3","5","Round 5","KCC - Training","6","Adelaide Oval","Tom Barrass","37","Hybrid","2924.98389","291.67999999999995","7","235.8309","7.64853","90.9387382553863260","61.22775","80","35","0","800.87","1929.8599998950958","12.0000000000","10.0000000000","2.0000000000","9.0000000000","2.0000000000","","1.0000000000","7.0000000000","1.0000000000","1.0000000000","112.8907662810","1.0000000000","","","7276.0000000000"
"2026-04-11T00:00:00Z","183255123","Hawthorn v Western Bulldogs","9793cf60-b001-4db3-a818-956f19d7b23e","Round 05 v Western Bulldogs","6c56e5bd-2cd0-47f8-993f-dcc1d1ebce45","409a7b10-d9b7-499a-8400-9b4d84931b66","Quarter 4","5","Round 5","KCC - Training","6","Adelaide Oval","Tom Barrass","37","Hybrid","2697.34595","243.56","6","224.95761","7.51877","86.6914267745976900","87.81058","89","30","0","753.39001","1866.8600001335144","12.0000000000","10.0000000000","2.0000000000","9.0000000000","2.0000000000","","1.0000000000","7.0000000000","1.0000000000","1.0000000000","112.8907662810","1.0000000000","","","7276.0000000000"
"2026-04-11T00:00:00Z","183255123","Hawthorn v Western Bulldogs","9793cf60-b001-4db3-a818-956f19d7b23e","Round 05 v Western Bulldogs","52c4e9a4-a9c9-4323-b7b5-9c68cdefcfa3","96317651-73ea-4189-ad56-b300436c77bf","Quarter 1","5","Round 5","KCC - Training","6","Adelaide Oval","Ned Reeves","07","Hybrid","2371.9375","14.78","0","229.40002","5.85955","77.4257385383732640","83","83","33","0","1052.25","1838.0999999046326","8.0000000000","6.0000000000","2.0000000000","3.0000000000","3.0000000000","","","8.0000000000","2.0000000000","3.0000000000","179.8803729192","1.0000000000","","","7276.0000000000"
"2026-04-11T00:00:00Z","183255123","Hawthorn v Western Bulldogs","9793cf60-b001-4db3-a818-956f19d7b23e","Round 05 v Western Bulldogs","52c4e9a4-a9c9-4323-b7b5-9c68cdefcfa3","1eca8998-ad85-4884-b58b-cec022a7d190","Quarter 2","5","Round 5","KCC - Training","6","Adelaide Oval","Ned Reeves","07","Hybrid","1800.92957","36.42","1","172.43791","6.10844","66.2321551717807140","83","83","17","0","848.51001","1631.4700000286102","8.0000000000","6.0000000000","2.0000000000","3.0000000000","3.0000000000","","","8.0000000000","2.0000000000","3.0000000000","179.8803729192","1.0000000000","","","7276.0000000000"
"2026-04-11T00:00:00Z","183255123","Hawthorn v Western Bulldogs","9793cf60-b001-4db3-a818-956f19d7b23e","Round 05 v Western Bulldogs","52c4e9a4-a9c9-4323-b7b5-9c68cdefcfa3","02ec3d94-5fd9-4c7b-8a32-d2ba56c817cd","Quarter 3","5","Round 5","KCC - Training","6","Adelaide Oval","Ned Reeves","07","Hybrid","3085.55811","1.77","0","290.43204","5.55442","95.9310450551146560","83","83","29","0","1300.96997","1929.8599998950958","8.0000000000","6.0000000000","2.0000000000","3.0000000000","3.0000000000","","","8.0000000000","2.0000000000","3.0000000000","179.8803729192","1.0000000000","","","7276.0000000000"
"2026-04-11T00:00:00Z","183255123","Hawthorn v Western Bulldogs","9793cf60-b001-4db3-a818-956f19d7b23e","Round 05 v Western Bulldogs","52c4e9a4-a9c9-4323-b7b5-9c68cdefcfa3","409a7b10-d9b7-499a-8400-9b4d84931b66","Quarter 4","5","Round 5","KCC - Training","6","Adelaide Oval","Ned Reeves","07","Hybrid","1659.83936","33.480000000000004","1","155.47588","6.15686","53.34645425627924973900","0","0","18","0","621.15002","1866.8600001335144","8.0000000000","6.0000000000","2.0000000000","3.0000000000","3.0000000000","","","8.0000000000","2.0000000000","3.0000000000","179.8803729192","1.0000000000","","","7276.0000000000"
"2026-04-11T00:00:00Z","183255123","Hawthorn v Western Bulldogs","9793cf60-b001-4db3-a818-956f19d7b23e","Round 05 v Western Bulldogs","2ca83ae0-85a1-479e-bef1-d06af29b9200","409a7b10-d9b7-499a-8400-9b4d84931b66","Quarter 4","5","Round 5","KCC - Training","6","Adelaide Oval","Blake Hardwick","15","Back","3508.39551","318.78999999999996","9","309.9433","8.37902","112.7581771450163160","78.3089","115","48","0","988.13","1866.8600001335144","25.0000000000","19.0000000000","6.0000000000","10.0000000000","6.0000000000","","2.0000000000","19.0000000000","3.0000000000","3.0000000000","298.8092532704","3.0000000000","","","7276.0000000000"
"2026-04-11T00:00:00Z","183255123","Hawthorn v Western Bulldogs","9793cf60-b001-4db3-a818-956f19d7b23e","Round 05 v Western Bulldogs","2ca83ae0-85a1-479e-bef1-d06af29b9200","02ec3d94-5fd9-4c7b-8a32-d2ba56c817cd","Quarter 3","5","Round 5","KCC - Training","6","Adelaide Oval","Blake Hardwick","15","Back","3185.47925","265.16999999999996","13","294.98322","7.85523","99.0376270871407560","113.21703","117","39","0","1105.46997","1929.8599998950958","25.0000000000","19.0000000000","6.0000000000","10.0000000000","6.0000000000","","2.0000000000","19.0000000000","3.0000000000","3.0000000000","298.8092532704","3.0000000000","","","7276.0000000000"
"2026-04-11T00:00:00Z","183255123","Hawthorn v Western Bulldogs","9793cf60-b001-4db3-a818-956f19d7b23e","Round 05 v Western Bulldogs","2ca83ae0-85a1-479e-bef1-d06af29b9200","1eca8998-ad85-4884-b58b-cec022a7d190","Quarter 2","5","Round 5","KCC - Training","6","Adelaide Oval","Blake Hardwick","15","Back","3453.63306","325.25998999999996","8","314.56946","7.38311","127.0130517854242680","101.75653","116","38","0","1188.27002","1631.4700000286102","25.0000000000","19.0000000000","6.0000000000","10.0000000000","6.0000000000","","2.0000000000","19.0000000000","3.0000000000","3.0000000000","298.8092532704","3.0000000000","","","7276.0000000000"
"2026-04-11T00:00:00Z","183255123","Hawthorn v Western Bulldogs","9793cf60-b001-4db3-a818-956f19d7b23e","Round 05 v Western Bulldogs","2ca83ae0-85a1-479e-bef1-d06af29b9200","96317651-73ea-4189-ad56-b300436c77bf","Quarter 1","5","Round 5","KCC - Training","6","Adelaide Oval","Blake Hardwick","15","Back","3743.85693","330.07000999999997","9","354.06506","7.52082","122.2084847460174660","91.5067","101","55","0","1277.44995","1838.0999999046326","25.0000000000","19.0000000000","6.0000000000","10.0000000000","6.0000000000","","2.0000000000","19.0000000000","3.0000000000","3.0000000000","298.8092532704","3.0000000000","","","7276.0000000000"
"2026-04-11T00:00:00Z","183255123","Hawthorn v Western Bulldogs","9793cf60-b001-4db3-a818-956f19d7b23e","Round 05 v Western Bulldogs","236a3ba1-a655-45e2-bcd2-6ad50b7c42fd","96317651-73ea-4189-ad56-b300436c77bf","Quarter 1","5","Round 5","KCC - Training","6","Adelaide Oval","Mabior Chol","18","Hybrid","2600.37231","374.69997","10","224.11636","8.6874","84.8823995474103780","89.31238","92","26","0","753.27002","1838.0999999046326","1.0000000000","1.0000000000","","","1.0000000000","","","2.0000000000","","","32.0376794673","","","","7276.0000000000"
"2026-04-11T00:00:00Z","183255123","Hawthorn v Western Bulldogs","9793cf60-b001-4db3-a818-956f19d7b23e","Round 05 v Western Bulldogs","d906015c-707c-4176-b45b-c0b21e435310","02ec3d94-5fd9-4c7b-8a32-d2ba56c817cd","Quarter 3","5","Round 5","KCC - Training","6","Adelaide Oval","Josh Battle","24","Hybrid","4062.31592","243.26001000000002","9","399.24542","7.31542","126.2987756693486940","120.14558","121","57","0","1417.5","1929.8599998950958","23.0000000000","18.0000000000","5.0000000000","13.0000000000","1.0000000000","","","5.0000000000","1.0000000000","7.0000000000","329.4476348060","4.0000000000","","","7276.0000000000"
"2026-04-11T00:00:00Z","183255123","Hawthorn v Western Bulldogs","9793cf60-b001-4db3-a818-956f19d7b23e","Round 05 v Western Bulldogs","d906015c-707c-4176-b45b-c0b21e435310","409a7b10-d9b7-499a-8400-9b4d84931b66","Quarter 4","5","Round 5","KCC - Training","6","Adelaide Oval","Josh Battle","24","Hybrid","3612.47681","295.76","6","341.36798","8.5252","116.1033010426590840","123.56546","125","46","0","1110.23999","1866.8600001335144","23.0000000000","18.0000000000","5.0000000000","13.0000000000","1.0000000000","","","5.0000000000","1.0000000000","7.0000000000","329.4476348060","4.0000000000","","","7276.0000000000"
"2026-04-11T00:00:00Z","183255123","Hawthorn v Western Bulldogs","9793cf60-b001-4db3-a818-956f19d7b23e","Round 05 v Western Bulldogs","d906015c-707c-4176-b45b-c0b21e435310","96317651-73ea-4189-ad56-b300436c77bf","Quarter 1","5","Round 5","KCC - Training","6","Adelaide Oval","Josh Battle","24","Hybrid","3761.03857","246.09","8","366.54333","8.29034","122.7693347542071660","119.81898","125","56","0","1222.82996","1838.0999999046326","23.0000000000","18.0000000000","5.0000000000","13.0000000000","1.0000000000","","","5.0000000000","1.0000000000","7.0000000000","329.4476348060","4.0000000000","","","7276.0000000000"
"2026-04-11T00:00:00Z","183255123","Hawthorn v Western Bulldogs","9793cf60-b001-4db3-a818-956f19d7b23e","Round 05 v Western Bulldogs","d906015c-707c-4176-b45b-c0b21e435310","1eca8998-ad85-4884-b58b-cec022a7d190","Quarter 2","5","Round 5","KCC - Training","6","Adelaide Oval","Josh Battle","24","Hybrid","2714.39014","271.38000999999997","10","273.91263","7.95345","99.8261741847192720","117.05945","118","44","0","958.03998","1631.4700000286102","23.0000000000","18.0000000000","5.0000000000","13.0000000000","1.0000000000","","","5.0000000000","1.0000000000","7.0000000000","329.4476348060","4.0000000000","","","7276.0000000000"
"2026-04-11T00:00:00Z","183255123","Hawthorn v Western Bulldogs","9793cf60-b001-4db3-a818-956f19d7b23e","Round 05 v Western Bulldogs","d906015c-707c-4176-b45b-c0b21e435310","409a7b10-d9b7-499a-8400-9b4d84931b66","Quarter 4","5","Round 5","KCC - Training","6","Adelaide Oval","Josh Battle","24","Hybrid","3612.47681","295.76","6","341.36798","8.5252","116.1033010426590840","123.56546","125","46","0","1110.23999","1866.8600001335144","9.0000000000","7.0000000000","2.0000000000","3.0000000000","1.0000000000","","","2.0000000000","","2.0000000000","156.5572811044","2.0000000000","","","7276.0000000000"
"2026-04-11T00:00:00Z","183255123","Hawthorn v Western Bulldogs","9793cf60-b001-4db3-a818-956f19d7b23e","Round 05 v Western Bulldogs","d906015c-707c-4176-b45b-c0b21e435310","02ec3d94-5fd9-4c7b-8a32-d2ba56c817cd","Quarter 3","5","Round 5","KCC - Training","6","Adelaide Oval","Josh Battle","24","Hybrid","4062.31592","243.26001000000002","9","399.24542","7.31542","126.2987756693486940","120.14558","121","57","0","1417.5","1929.8599998950958","9.0000000000","7.0000000000","2.0000000000","3.0000000000","1.0000000000","","","2.0000000000","","2.0000000000","156.5572811044","2.0000000000","","","7276.0000000000"
"2026-04-11T00:00:00Z","183255123","Hawthorn v Western Bulldogs","9793cf60-b001-4db3-a818-956f19d7b23e","Round 05 v Western Bulldogs","d906015c-707c-4176-b45b-c0b21e435310","1eca8998-ad85-4884-b58b-cec022a7d190","Quarter 2","5","Round 5","KCC - Training","6","Adelaide Oval","Josh Battle","24","Hybrid","2714.39014","271.38000999999997","10","273.91263","7.95345","99.8261741847192720","117.05945","118","44","0","958.03998","1631.4700000286102","9.0000000000","7.0000000000","2.0000000000","3.0000000000","1.0000000000","","","2.0000000000","","2.0000000000","156.5572811044","2.0000000000","","","7276.0000000000"
"2026-04-11T00:00:00Z","183255123","Hawthorn v Western Bulldogs","9793cf60-b001-4db3-a818-956f19d7b23e","Round 05 v Western Bulldogs","d906015c-707c-4176-b45b-c0b21e435310","96317651-73ea-4189-ad56-b300436c77bf","Quarter 1","5","Round 5","KCC - Training","6","Adelaide Oval","Josh Battle","24","Hybrid","3761.03857","246.09","8","366.54333","8.29034","122.7693347542071660","119.81898","125","56","0","1222.82996","1838.0999999046326","9.0000000000","7.0000000000","2.0000000000","3.0000000000","1.0000000000","","","2.0000000000","","2.0000000000","156.5572811044","2.0000000000","","","7276.0000000000"
"2026-04-11T00:00:00Z","183255123","Hawthorn v Western Bulldogs","9793cf60-b001-4db3-a818-956f19d7b23e","Round 05 v Western Bulldogs","35159eb5-300f-48c1-b664-b6b12ef66fda","96317651-73ea-4189-ad56-b300436c77bf","Quarter 1","5","Round 5","KCC - Training","6","Adelaide Oval","Mitch Lewis","02","Back","2674.19141","253.29999999999998","7","214.21793","7.11038","87.2920323205074900","69.40198","84","41","0","734.39001","1838.0999999046326","18.0000000000","12.0000000000","6.0000000000","10.0000000000","1.0000000000","","2.0000000000","6.0000000000","4.0000000000","","320.7630135016","1.0000000000","3.0000000000","2.0000000000","7276.0000000000"
"2026-04-11T00:00:00Z","183255123","Hawthorn v Western Bulldogs","9793cf60-b001-4db3-a818-956f19d7b23e","Round 05 v Western Bulldogs","35159eb5-300f-48c1-b664-b6b12ef66fda","1eca8998-ad85-4884-b58b-cec022a7d190","Quarter 2","5","Round 5","KCC - Training","6","Adelaide Oval","Mitch Lewis","02","Back","3251.18262","269.86","9","263.10947","7.84979","119.5676029571975880","87.46324","91","45","0","1082.87","1631.4700000286102","18.0000000000","12.0000000000","6.0000000000","10.0000000000","1.0000000000","","2.0000000000","6.0000000000","4.0000000000","","320.7630135016","1.0000000000","3.0000000000","2.0000000000","7276.0000000000"
"2026-04-11T00:00:00Z","183255123","Hawthorn v Western Bulldogs","9793cf60-b001-4db3-a818-956f19d7b23e","Round 05 v Western Bulldogs","35159eb5-300f-48c1-b664-b6b12ef66fda","02ec3d94-5fd9-4c7b-8a32-d2ba56c817cd","Quarter 3","5","Round 5","KCC - Training","6","Adelaide Oval","Mitch Lewis","02","Back","3055.41113","290.36999","7","251.64474","8.24558","94.9937652523837200","98.41176","101","44","0","961.91003","1929.8599998950958","18.0000000000","12.0000000000","6.0000000000","10.0000000000","1.0000000000","","2.0000000000","6.0000000000","4.0000000000","","320.7630135016","1.0000000000","3.0000000000","2.0000000000","7276.0000000000"
"2026-04-11T00:00:00Z","183255123","Hawthorn v Western Bulldogs","9793cf60-b001-4db3-a818-956f19d7b23e","Round 05 v Western Bulldogs","35159eb5-300f-48c1-b664-b6b12ef66fda","409a7b10-d9b7-499a-8400-9b4d84931b66","Quarter 4","5","Round 5","KCC - Training","6","Adelaide Oval","Mitch Lewis","02","Back","3007.82275","156.19","4","241.90625","6.81305","96.6700047068838360","97","97","37","0","1009.12","1866.8600001335144","18.0000000000","12.0000000000","6.0000000000","10.0000000000","1.0000000000","","2.0000000000","6.0000000000","4.0000000000","","320.7630135016","1.0000000000","3.0000000000","2.0000000000","7276.0000000000"
"2026-04-11T00:00:00Z","183255123","Hawthorn v Western Bulldogs","9793cf60-b001-4db3-a818-956f19d7b23e","Round 05 v Western Bulldogs","78eb8442-e99a-445f-8154-59b764e0c73a","96317651-73ea-4189-ad56-b300436c77bf","Quarter 1","5","Round 5","KCC - Training","6","Adelaide Oval","Lloyd Meek","17","Hybrid","1484.51025","53.93","0","158.80261","5.99857","48.45798106992073971180","0","0","22","0","654.38","1838.0999999046326","16.0000000000","6.0000000000","10.0000000000","3.0000000000","5.0000000000","4.0000000000","1.0000000000","10.0000000000","1.0000000000","","18.6818157949","1.0000000000","1.0000000000","","7276.0000000000"
"2026-04-11T00:00:00Z","183255123","Hawthorn v Western Bulldogs","9793cf60-b001-4db3-a818-956f19d7b23e","Round 05 v Western Bulldogs","78eb8442-e99a-445f-8154-59b764e0c73a","1eca8998-ad85-4884-b58b-cec022a7d190","Quarter 2","5","Round 5","KCC - Training","6","Adelaide Oval","Lloyd Meek","17","Hybrid","2672.52124","71.5","1","262.75952","7.06449","98.2863763337284800","0","0","33","0","1004.63","1631.4700000286102","16.0000000000","6.0000000000","10.0000000000","3.0000000000","5.0000000000","4.0000000000","1.0000000000","10.0000000000","1.0000000000","","18.6818157949","1.0000000000","1.0000000000","","7276.0000000000"
"2026-04-11T00:00:00Z","183255123","Hawthorn v Western Bulldogs","9793cf60-b001-4db3-a818-956f19d7b23e","Round 05 v Western Bulldogs","78eb8442-e99a-445f-8154-59b764e0c73a","409a7b10-d9b7-499a-8400-9b4d84931b66","Quarter 4","5","Round 5","KCC - Training","6","Adelaide Oval","Lloyd Meek","17","Hybrid","3547.4248","164.19000000000003","2","333.53595","7.00472","114.0125601195470880","0","0","36","0","1517.94995","1866.8600001335144","16.0000000000","6.0000000000","10.0000000000","3.0000000000","5.0000000000","4.0000000000","1.0000000000","10.0000000000","1.0000000000","","18.6818157949","1.0000000000","1.0000000000","","7276.0000000000"
"2026-04-11T00:00:00Z","183255123","Hawthorn v Western Bulldogs","9793cf60-b001-4db3-a818-956f19d7b23e","Round 05 v Western Bulldogs","78eb8442-e99a-445f-8154-59b764e0c73a","02ec3d94-5fd9-4c7b-8a32-d2ba56c817cd","Quarter 3","5","Round 5","KCC - Training","6","Adelaide Oval","Lloyd Meek","17","Hybrid","2564.4668","27.009999999999998","1","249.8763","6.5315","79.7301400144901820","0","0","26","0","1202.08997","1929.8599998950958","16.0000000000","6.0000000000","10.0000000000","3.0000000000","5.0000000000","4.0000000000","1.0000000000","10.0000000000","1.0000000000","","18.6818157949","1.0000000000","1.0000000000","","7276.0000000000"
"2026-04-11T00:00:00Z","183255123","Hawthorn v Western Bulldogs","9793cf60-b001-4db3-a818-956f19d7b23e","Round 05 v Western Bulldogs","52c4e9a4-a9c9-4323-b7b5-9c68cdefcfa3","96317651-73ea-4189-ad56-b300436c77bf","Quarter 1","5","Round 5","KCC - Training","6","Adelaide Oval","Ned Reeves","07","Hybrid","2371.9375","14.78","0","229.40002","5.85955","77.4257385383732640","83","83","33","0","1052.25","1838.0999999046326","4.0000000000","2.0000000000","2.0000000000","","2.0000000000","1.0000000000","","6.0000000000","","","13.4682610679","","1.0000000000","","7276.0000000000"
"2026-04-11T00:00:00Z","183255123","Hawthorn v Western Bulldogs","9793cf60-b001-4db3-a818-956f19d7b23e","Round 05 v Western Bulldogs","52c4e9a4-a9c9-4323-b7b5-9c68cdefcfa3","1eca8998-ad85-4884-b58b-cec022a7d190","Quarter 2","5","Round 5","KCC - Training","6","Adelaide Oval","Ned Reeves","07","Hybrid","1800.92957","36.42","1","172.43791","6.10844","66.2321551717807140","83","83","17","0","848.51001","1631.4700000286102","4.0000000000","2.0000000000","2.0000000000","","2.0000000000","1.0000000000","","6.0000000000","","","13.4682610679","","1.0000000000","","7276.0000000000"
"2026-04-11T00:00:00Z","183255123","Hawthorn v Western Bulldogs","9793cf60-b001-4db3-a818-956f19d7b23e","Round 05 v Western Bulldogs","52c4e9a4-a9c9-4323-b7b5-9c68cdefcfa3","02ec3d94-5fd9-4c7b-8a32-d2ba56c817cd","Quarter 3","5","Round 5","KCC - Training","6","Adelaide Oval","Ned Reeves","07","Hybrid","3085.55811","1.77","0","290.43204","5.55442","95.9310450551146560","83","83","29","0","1300.96997","1929.8599998950958","4.0000000000","2.0000000000","2.0000000000","","2.0000000000","1.0000000000","","6.0000000000","","","13.4682610679","","1.0000000000","","7276.0000000000"
"2026-04-11T00:00:00Z","183255123","Hawthorn v Western Bulldogs","9793cf60-b001-4db3-a818-956f19d7b23e","Round 05 v Western Bulldogs","52c4e9a4-a9c9-4323-b7b5-9c68cdefcfa3","409a7b10-d9b7-499a-8400-9b4d84931b66","Quarter 4","5","Round 5","KCC - Training","6","Adelaide Oval","Ned Reeves","07","Hybrid","1659.83936","33.480000000000004","1","155.47588","6.15686","53.34645425627924973900","0","0","18","0","621.15002","1866.8600001335144","4.0000000000","2.0000000000","2.0000000000","","2.0000000000","1.0000000000","","6.0000000000","","","13.4682610679","","1.0000000000","","7276.0000000000"
"2026-04-11T00:00:00Z","183255123","Hawthorn v Western Bulldogs","9793cf60-b001-4db3-a818-956f19d7b23e","Round 05 v Western Bulldogs","8b0242f4-3a3b-4651-949f-17da0062afba","96317651-73ea-4189-ad56-b300436c77bf","Quarter 1","5","Round 5","KCC - Training","6","Adelaide Oval","Dylan Moore","08","Midfielder","3801.15283","585.46","13","400.08633","8.35253","124.0787605744154640","93.35011","133","57","0","1206.46997","1838.0999999046326","22.0000000000","13.0000000000","9.0000000000","4.0000000000","8.0000000000","7.0000000000","","19.0000000000","5.0000000000","","299.8951089843","3.0000000000","","","7276.0000000000"
"2026-04-11T00:00:00Z","183255123","Hawthorn v Western Bulldogs","9793cf60-b001-4db3-a818-956f19d7b23e","Round 05 v Western Bulldogs","8b0242f4-3a3b-4651-949f-17da0062afba","1eca8998-ad85-4884-b58b-cec022a7d190","Quarter 2","5","Round 5","KCC - Training","6","Adelaide Oval","Dylan Moore","08","Midfielder","3281.11084","457.55000000000007","11","332.306","8.3218","120.6682626076775280","108.59366","145","36","0","1187.57996","1631.4700000286102","22.0000000000","13.0000000000","9.0000000000","4.0000000000","8.0000000000","7.0000000000","","19.0000000000","5.0000000000","","299.8951089843","3.0000000000","","","7276.0000000000"
"2026-04-11T00:00:00Z","183255123","Hawthorn v Western Bulldogs","9793cf60-b001-4db3-a818-956f19d7b23e","Round 05 v Western Bulldogs","8b0242f4-3a3b-4651-949f-17da0062afba","02ec3d94-5fd9-4c7b-8a32-d2ba56c817cd","Quarter 3","5","Round 5","KCC - Training","6","Adelaide Oval","Dylan Moore","08","Midfielder","4397.78223","294.37","8","455.5459","7.36691","136.7285366888496540","95.67789","122","64","0","1678.43005","1929.8599998950958","22.0000000000","13.0000000000","9.0000000000","4.0000000000","8.0000000000","7.0000000000","","19.0000000000","5.0000000000","","299.8951089843","3.0000000000","","","7276.0000000000"
"2026-04-11T00:00:00Z","183255123","Hawthorn v Western Bulldogs","9793cf60-b001-4db3-a818-956f19d7b23e","Round 05 v Western Bulldogs","8b0242f4-3a3b-4651-949f-17da0062afba","409a7b10-d9b7-499a-8400-9b4d84931b66","Quarter 4","5","Round 5","KCC - Training","6","Adelaide Oval","Dylan Moore","08","Midfielder","4108.15088","474.24001000000004","12","443.41824","7.75903","132.0340318943956980","99.36385","122","60","0","1355.37","1866.8600001335144","22.0000000000","13.0000000000","9.0000000000","4.0000000000","8.0000000000","7.0000000000","","19.0000000000","5.0000000000","","299.8951089843","3.0000000000","","","7276.0000000000"
"2026-04-11T00:00:00Z","183255123","Hawthorn v Western Bulldogs","9793cf60-b001-4db3-a818-956f19d7b23e","Round 05 v Western Bulldogs","020880cf-4cc3-45b8-ade5-ced73183435f","96317651-73ea-4189-ad56-b300436c77bf","Quarter 1","5","Round 5","KCC - Training","6","Adelaide Oval","Jack Ginnivan","33","Hybrid","3477.10693","334.04999","9","337.94733","7.77967","113.5011238838062740","76.64851","78","48","0","1274.16003","1838.0999999046326","7.0000000000","6.0000000000","1.0000000000","3.0000000000","1.0000000000","","1.0000000000","5.0000000000","2.0000000000","","162.7123545912","1.0000000000","1.0000000000","3.0000000000","7276.0000000000"
"2026-04-11T00:00:00Z","183255123","Hawthorn v Western Bulldogs","9793cf60-b001-4db3-a818-956f19d7b23e","Round 05 v Western Bulldogs","020880cf-4cc3-45b8-ade5-ced73183435f","1eca8998-ad85-4884-b58b-cec022a7d190","Quarter 2","5","Round 5","KCC - Training","6","Adelaide Oval","Jack Ginnivan","33","Hybrid","3353.57983","274.08","7","315.9393","8.33266","123.3334292364992340","78","78","41","0","1242.29004","1631.4700000286102","7.0000000000","6.0000000000","1.0000000000","3.0000000000","1.0000000000","","1.0000000000","5.0000000000","2.0000000000","","162.7123545912","1.0000000000","1.0000000000","3.0000000000","7276.0000000000"
"2026-04-11T00:00:00Z","183255123","Hawthorn v Western Bulldogs","9793cf60-b001-4db3-a818-956f19d7b23e","Round 05 v Western Bulldogs","020880cf-4cc3-45b8-ade5-ced73183435f","02ec3d94-5fd9-4c7b-8a32-d2ba56c817cd","Quarter 3","5","Round 5","KCC - Training","6","Adelaide Oval","Jack Ginnivan","33","Hybrid","3666.50195","360.54001","9","349.62073","7.36431","113.9927854932266160","79.91892","80","56","0","1207.37","1929.8599998950958","7.0000000000","6.0000000000","1.0000000000","3.0000000000","1.0000000000","","1.0000000000","5.0000000000","2.0000000000","","162.7123545912","1.0000000000","1.0000000000","3.0000000000","7276.0000000000"
"2026-04-11T00:00:00Z","183255123","Hawthorn v Western Bulldogs","9793cf60-b001-4db3-a818-956f19d7b23e","Round 05 v Western Bulldogs","020880cf-4cc3-45b8-ade5-ced73183435f","409a7b10-d9b7-499a-8400-9b4d84931b66","Quarter 4","5","Round 5","KCC - Training","6","Adelaide Oval","Jack Ginnivan","33","Hybrid","3266.54761","275.34999999999997","6","320.66748","7.4401","104.9852996935940280","80","80","39","0","1075.46997","1866.8600001335144","7.0000000000","6.0000000000","1.0000000000","3.0000000000","1.0000000000","","1.0000000000","5.0000000000","2.0000000000","","162.7123545912","1.0000000000","1.0000000000","3.0000000000","7276.0000000000"
"2026-04-11T00:00:00Z","183255123","Hawthorn v Western Bulldogs","9793cf60-b001-4db3-a818-956f19d7b23e","Round 05 v Western Bulldogs","dc9a9fa6-3f4c-464e-ae3c-ce8c25ab08d1","409a7b10-d9b7-499a-8400-9b4d84931b66","Quarter 4","5","Round 5","KCC - Training","6","Adelaide Oval","Massimo D'Ambrosio","16","Hybrid","3469.93945","513.6300299999999","11","325.2478","7.36663","111.5222175123523860","113","113","40","0","1172.06006","1866.8600001335144","21.0000000000","20.0000000000","1.0000000000","8.0000000000","4.0000000000","2.0000000000","","11.0000000000","8.0000000000","3.0000000000","653.2250806582","6.0000000000","","","7276.0000000000"
"2026-04-11T00:00:00Z","183255123","Hawthorn v Western Bulldogs","9793cf60-b001-4db3-a818-956f19d7b23e","Round 05 v Western Bulldogs","dc9a9fa6-3f4c-464e-ae3c-ce8c25ab08d1","02ec3d94-5fd9-4c7b-8a32-d2ba56c817cd","Quarter 3","5","Round 5","KCC - Training","6","Adelaide Oval","Massimo D'Ambrosio","16","Hybrid","2912.52979","475.56002","13","257.83945","7.22042","90.5515360748962260","0","0","31","0","900.37","1929.8599998950958","21.0000000000","20.0000000000","1.0000000000","8.0000000000","4.0000000000","2.0000000000","","11.0000000000","8.0000000000","3.0000000000","653.2250806582","6.0000000000","","","7276.0000000000"
"2026-04-11T00:00:00Z","183255123","Hawthorn v Western Bulldogs","9793cf60-b001-4db3-a818-956f19d7b23e","Round 05 v Western Bulldogs","dc9a9fa6-3f4c-464e-ae3c-ce8c25ab08d1","1eca8998-ad85-4884-b58b-cec022a7d190","Quarter 2","5","Round 5","KCC - Training","6","Adelaide Oval","Massimo D'Ambrosio","16","Hybrid","2985.59814","401.45000000000005","10","275.41791","7.72695","109.8002956823347020","0","0","39","0","868.96997","1631.4700000286102","21.0000000000","20.0000000000","1.0000000000","8.0000000000","4.0000000000","2.0000000000","","11.0000000000","8.0000000000","3.0000000000","653.2250806582","6.0000000000","","","7276.0000000000"
"2026-04-11T00:00:00Z","183255123","Hawthorn v Western Bulldogs","9793cf60-b001-4db3-a818-956f19d7b23e","Round 05 v Western Bulldogs","dc9a9fa6-3f4c-464e-ae3c-ce8c25ab08d1","96317651-73ea-4189-ad56-b300436c77bf","Quarter 1","5","Round 5","KCC - Training","6","Adelaide Oval","Massimo D'Ambrosio","16","Hybrid","3704.54395","363.03999","7","347.7504","7.78479","120.9252146300703600","107.01287","117","57","0","1226.25","1838.0999999046326","21.0000000000","20.0000000000","1.0000000000","8.0000000000","4.0000000000","2.0000000000","","11.0000000000","8.0000000000","3.0000000000","653.2250806582","6.0000000000","","","7276.0000000000"
"2026-04-11T00:00:00Z","183255123","Hawthorn v Western Bulldogs","9793cf60-b001-4db3-a818-956f19d7b23e","Round 05 v Western Bulldogs","8b0242f4-3a3b-4651-949f-17da0062afba","409a7b10-d9b7-499a-8400-9b4d84931b66","Quarter 4","5","Round 5","KCC - Training","6","Adelaide Oval","Dylan Moore","08","Midfielder","4108.15088","474.24001000000004","12","443.41824","7.75903","132.0340318943956980","99.36385","122","60","0","1355.37","1866.8600001335144","23.0000000000","8.0000000000","15.0000000000","2.0000000000","2.0000000000","","1.0000000000","12.0000000000","2.0000000000","","262.4328907168","5.0000000000","2.0000000000","1.0000000000","7276.0000000000"
"2026-04-11T00:00:00Z","183255123","Hawthorn v Western Bulldogs","9793cf60-b001-4db3-a818-956f19d7b23e","Round 05 v Western Bulldogs","8b0242f4-3a3b-4651-949f-17da0062afba","02ec3d94-5fd9-4c7b-8a32-d2ba56c817cd","Quarter 3","5","Round 5","KCC - Training","6","Adelaide Oval","Dylan Moore","08","Midfielder","4397.78223","294.37","8","455.5459","7.36691","136.7285366888496540","95.67789","122","64","0","1678.43005","1929.8599998950958","23.0000000000","8.0000000000","15.0000000000","2.0000000000","2.0000000000","","1.0000000000","12.0000000000","2.0000000000","","262.4328907168","5.0000000000","2.0000000000","1.0000000000","7276.0000000000"
"2026-04-11T00:00:00Z","183255123","Hawthorn v Western Bulldogs","9793cf60-b001-4db3-a818-956f19d7b23e","Round 05 v Western Bulldogs","8b0242f4-3a3b-4651-949f-17da0062afba","1eca8998-ad85-4884-b58b-cec022a7d190","Quarter 2","5","Round 5","KCC - Training","6","Adelaide Oval","Dylan Moore","08","Midfielder","3281.11084","457.55000000000007","11","332.306","8.3218","120.6682626076775280","108.59366","145","36","0","1187.57996","1631.4700000286102","23.0000000000","8.0000000000","15.0000000000","2.0000000000","2.0000000000","","1.0000000000","12.0000000000","2.0000000000","","262.4328907168","5.0000000000","2.0000000000","1.0000000000","7276.0000000000"
"2026-04-11T00:00:00Z","183255123","Hawthorn v Western Bulldogs","9793cf60-b001-4db3-a818-956f19d7b23e","Round 05 v Western Bulldogs","8b0242f4-3a3b-4651-949f-17da0062afba","96317651-73ea-4189-ad56-b300436c77bf","Quarter 1","5","Round 5","KCC - Training","6","Adelaide Oval","Dylan Moore","08","Midfielder","3801.15283","585.46","13","400.08633","8.35253","124.0787605744154640","93.35011","133","57","0","1206.46997","1838.0999999046326","23.0000000000","8.0000000000","15.0000000000","2.0000000000","2.0000000000","","1.0000000000","12.0000000000","2.0000000000","","262.4328907168","5.0000000000","2.0000000000","1.0000000000","7276.0000000000"
"2026-04-11T00:00:00Z","183255123","Hawthorn v Western Bulldogs","9793cf60-b001-4db3-a818-956f19d7b23e","Round 05 v Western Bulldogs","ee799c04-c79f-41c9-bd53-176bb21a7077","409a7b10-d9b7-499a-8400-9b4d84931b66","Quarter 4","5","Round 5","KCC - Training","6","Adelaide Oval","Conor Nash","11","Back","3839.1355","276.46999999999997","7","321.16901","7.24489","123.3880044478567860","76.14863","109","43","0","1491.25","1866.8600001335144","18.0000000000","7.0000000000","11.0000000000","4.0000000000","4.0000000000","5.0000000000","","22.0000000000","2.0000000000","2.0000000000","173.7860034190","1.0000000000","","","7276.0000000000"
"2026-04-11T00:00:00Z","183255123","Hawthorn v Western Bulldogs","9793cf60-b001-4db3-a818-956f19d7b23e","Round 05 v Western Bulldogs","ee799c04-c79f-41c9-bd53-176bb21a7077","02ec3d94-5fd9-4c7b-8a32-d2ba56c817cd","Quarter 3","5","Round 5","KCC - Training","6","Adelaide Oval","Conor Nash","11","Back","3747.11377","296.32","7","316.20627","7.89698","116.4990342367950180","101.94067","143","37","0","1441.66992","1929.8599998950958","18.0000000000","7.0000000000","11.0000000000","4.0000000000","4.0000000000","5.0000000000","","22.0000000000","2.0000000000","2.0000000000","173.7860034190","1.0000000000","","","7276.0000000000"
"2026-04-11T00:00:00Z","183255123","Hawthorn v Western Bulldogs","9793cf60-b001-4db3-a818-956f19d7b23e","Round 05 v Western Bulldogs","ee799c04-c79f-41c9-bd53-176bb21a7077","1eca8998-ad85-4884-b58b-cec022a7d190","Quarter 2","5","Round 5","KCC - Training","6","Adelaide Oval","Conor Nash","11","Back","3100.12231","338.63","7","262.74042","7.00968","114.0121109163748560","134.40302","141","33","0","1104.51001","1631.4700000286102","18.0000000000","7.0000000000","11.0000000000","4.0000000000","4.0000000000","5.0000000000","","22.0000000000","2.0000000000","2.0000000000","173.7860034190","1.0000000000","","","7276.0000000000"
"2026-04-11T00:00:00Z","183255123","Hawthorn v Western Bulldogs","9793cf60-b001-4db3-a818-956f19d7b23e","Round 05 v Western Bulldogs","ee799c04-c79f-41c9-bd53-176bb21a7077","96317651-73ea-4189-ad56-b300436c77bf","Quarter 1","5","Round 5","KCC - Training","6","Adelaide Oval","Conor Nash","11","Back","3040.4231","334.51","7","272.24127","7.34271","99.2467145473395900","113.60062","167","46","0","1042.5","1838.0999999046326","18.0000000000","7.0000000000","11.0000000000","4.0000000000","4.0000000000","5.0000000000","","22.0000000000","2.0000000000","2.0000000000","173.7860034190","1.0000000000","","","7276.0000000000"
"2026-04-11T00:00:00Z","183255123","Hawthorn v Western Bulldogs","9793cf60-b001-4db3-a818-956f19d7b23e","Round 05 v Western Bulldogs","0325dfcd-afd9-4feb-9006-dd13f41ca9e6","96317651-73ea-4189-ad56-b300436c77bf","Quarter 1","5","Round 5","KCC - Training","6","Adelaide Oval","Jack Gunston","19","Forward","2830.78223","219.58999999999997","5","265.04794","7.03407","92.4035328920147340","116.90672","143","40","0","939.79999","1838.0999999046326","15.0000000000","9.0000000000","6.0000000000","4.0000000000","3.0000000000","1.0000000000","1.0000000000","12.0000000000","","","225.1606362037","1.0000000000","","","7276.0000000000"
"2026-04-11T00:00:00Z","183255123","Hawthorn v Western Bulldogs","9793cf60-b001-4db3-a818-956f19d7b23e","Round 05 v Western Bulldogs","0325dfcd-afd9-4feb-9006-dd13f41ca9e6","1eca8998-ad85-4884-b58b-cec022a7d190","Quarter 2","5","Round 5","KCC - Training","6","Adelaide Oval","Jack Gunston","19","Forward","2927.21777","103.96000000000001","3","277.01889","7.34599","107.6532612900758340","113.71627","141","32","0","1076.45996","1631.4700000286102","15.0000000000","9.0000000000","6.0000000000","4.0000000000","3.0000000000","1.0000000000","1.0000000000","12.0000000000","","","225.1606362037","1.0000000000","","","7276.0000000000"
"2026-04-11T00:00:00Z","183255123","Hawthorn v Western Bulldogs","9793cf60-b001-4db3-a818-956f19d7b23e","Round 05 v Western Bulldogs","0325dfcd-afd9-4feb-9006-dd13f41ca9e6","02ec3d94-5fd9-4c7b-8a32-d2ba56c817cd","Quarter 3","5","Round 5","KCC - Training","6","Adelaide Oval","Jack Gunston","19","Forward","2909.37842","55.790000000000006","2","270.13721","6.76072","90.4535589159260040","102.21598","136","31","0","1080.06006","1929.8599998950958","15.0000000000","9.0000000000","6.0000000000","4.0000000000","3.0000000000","1.0000000000","1.0000000000","12.0000000000","","","225.1606362037","1.0000000000","","","7276.0000000000"
"2026-04-11T00:00:00Z","183255123","Hawthorn v Western Bulldogs","9793cf60-b001-4db3-a818-956f19d7b23e","Round 05 v Western Bulldogs","0325dfcd-afd9-4feb-9006-dd13f41ca9e6","409a7b10-d9b7-499a-8400-9b4d84931b66","Quarter 4","5","Round 5","KCC - Training","6","Adelaide Oval","Jack Gunston","19","Forward","2256.31006","78.83999999999999","2","215.69798","7.49181","72.5167412608968900","110.22597","136","30","0","813.44","1866.8600001335144","15.0000000000","9.0000000000","6.0000000000","4.0000000000","3.0000000000","1.0000000000","1.0000000000","12.0000000000","","","225.1606362037","1.0000000000","","","7276.0000000000"
"2026-04-11T00:00:00Z","183255123","Hawthorn v Western Bulldogs","9793cf60-b001-4db3-a818-956f19d7b23e","Round 05 v Western Bulldogs","3f2244ab-5c06-42e8-b04c-e304dfa177ba","409a7b10-d9b7-499a-8400-9b4d84931b66","Quarter 4","5","Round 5","KCC - Training","6","Adelaide Oval","Sam Butler","30","Hybrid","2985.16235","363.64","8","252.79794","7.45869","95.9417101374449100","89.27325","118","49","0","956.08002","1866.8600001335144","9.0000000000","7.0000000000","2.0000000000","4.0000000000","7.0000000000","","","14.0000000000","2.0000000000","1.0000000000","97.8566936646","3.0000000000","","","7276.0000000000"
"2026-04-11T00:00:00Z","183255123","Hawthorn v Western Bulldogs","9793cf60-b001-4db3-a818-956f19d7b23e","Round 05 v Western Bulldogs","3f2244ab-5c06-42e8-b04c-e304dfa177ba","02ec3d94-5fd9-4c7b-8a32-d2ba56c817cd","Quarter 3","5","Round 5","KCC - Training","6","Adelaide Oval","Sam Butler","30","Hybrid","3361.41919","474.60001000000005","10","277.38837","8.36111","104.5076593177553280","87.53968","195","36","0","1058.18994","1929.8599998950958","9.0000000000","7.0000000000","2.0000000000","4.0000000000","7.0000000000","","","14.0000000000","2.0000000000","1.0000000000","97.8566936646","3.0000000000","","","7276.0000000000"
"2026-04-11T00:00:00Z","183255123","Hawthorn v Western Bulldogs","9793cf60-b001-4db3-a818-956f19d7b23e","Round 05 v Western Bulldogs","3f2244ab-5c06-42e8-b04c-e304dfa177ba","1eca8998-ad85-4884-b58b-cec022a7d190","Quarter 2","5","Round 5","KCC - Training","6","Adelaide Oval","Sam Butler","30","Hybrid","3253.59668","354.21","10","271.88358","7.14628","119.6563839951556620","79.95999","109","58","0","1100.18994","1631.4700000286102","9.0000000000","7.0000000000","2.0000000000","4.0000000000","7.0000000000","","","14.0000000000","2.0000000000","1.0000000000","97.8566936646","3.0000000000","","","7276.0000000000"
"2026-04-11T00:00:00Z","183255123","Hawthorn v Western Bulldogs","9793cf60-b001-4db3-a818-956f19d7b23e","Round 05 v Western Bulldogs","3f2244ab-5c06-42e8-b04c-e304dfa177ba","96317651-73ea-4189-ad56-b300436c77bf","Quarter 1","5","Round 5","KCC - Training","6","Adelaide Oval","Sam Butler","30","Hybrid","2891.07813","256.61","7","244.87949","7.6797","94.3717359278602860","102.21178","126","50","0","883.71002","1838.0999999046326","9.0000000000","7.0000000000","2.0000000000","4.0000000000","7.0000000000","","","14.0000000000","2.0000000000","1.0000000000","97.8566936646","3.0000000000","","","7276.0000000000"
"2026-04-11T00:00:00Z","183255123","Hawthorn v Western Bulldogs","9793cf60-b001-4db3-a818-956f19d7b23e","Round 05 v Western Bulldogs","aefe152f-bc18-48b5-91a6-ddc9443dffd0","96317651-73ea-4189-ad56-b300436c77bf","Quarter 1","5","Round 5","KCC - Training","6","Adelaide Oval","Flynn Perez","39","Hybrid","3329.07495","222.01","8","289.75177","7.15485","108.6690044123624820","0","0","39","0","1130.39001","1838.0999999046326","13.0000000000","5.0000000000","8.0000000000","1.0000000000","3.0000000000","","","14.0000000000","1.0000000000","","125.4228068264","","","","7276.0000000000"
"2026-04-11T00:00:00Z","183255123","Hawthorn v Western Bulldogs","9793cf60-b001-4db3-a818-956f19d7b23e","Round 05 v Western Bulldogs","aefe152f-bc18-48b5-91a6-ddc9443dffd0","1eca8998-ad85-4884-b58b-cec022a7d190","Quarter 2","5","Round 5","KCC - Training","6","Adelaide Oval","Flynn Perez","39","Hybrid","3201.0896","244.6","6","279.44745","6.83829","117.7253495293397100","0","0","40","0","1235.18994","1631.4700000286102","13.0000000000","5.0000000000","8.0000000000","1.0000000000","3.0000000000","","","14.0000000000","1.0000000000","","125.4228068264","","","","7276.0000000000"
"2026-04-11T00:00:00Z","183255123","Hawthorn v Western Bulldogs","9793cf60-b001-4db3-a818-956f19d7b23e","Round 05 v Western Bulldogs","aefe152f-bc18-48b5-91a6-ddc9443dffd0","02ec3d94-5fd9-4c7b-8a32-d2ba56c817cd","Quarter 3","5","Round 5","KCC - Training","6","Adelaide Oval","Flynn Perez","39","Hybrid","2977.77979","388.94999","11","251.73274","7.70062","92.5801806398972220","0","0","37","0","1028.28003","1929.8599998950958","13.0000000000","5.0000000000","8.0000000000","1.0000000000","3.0000000000","","","14.0000000000","1.0000000000","","125.4228068264","","","","7276.0000000000"
"2026-04-11T00:00:00Z","183255123","Hawthorn v Western Bulldogs","9793cf60-b001-4db3-a818-956f19d7b23e","Round 05 v Western Bulldogs","aefe152f-bc18-48b5-91a6-ddc9443dffd0","409a7b10-d9b7-499a-8400-9b4d84931b66","Quarter 4","5","Round 5","KCC - Training","6","Adelaide Oval","Flynn Perez","39","Hybrid","3249.37598","343.48999","11","284.48212","7.13705","104.4334116034714080","0","0","36","0","1144.13","1866.8600001335144","13.0000000000","5.0000000000","8.0000000000","1.0000000000","3.0000000000","","","14.0000000000","1.0000000000","","125.4228068264","","","","7276.0000000000"
"2026-04-11T00:00:00Z","183255123","Hawthorn v Western Bulldogs","9793cf60-b001-4db3-a818-956f19d7b23e","Round 05 v Western Bulldogs","020880cf-4cc3-45b8-ade5-ced73183435f","409a7b10-d9b7-499a-8400-9b4d84931b66","Quarter 4","5","Round 5","KCC - Training","6","Adelaide Oval","Jack Ginnivan","33","Hybrid","3266.54761","275.34999999999997","6","320.66748","7.4401","104.9852996935940280","80","80","39","0","1075.46997","1866.8600001335144","28.0000000000","19.0000000000","9.0000000000","9.0000000000","1.0000000000","4.0000000000","","11.0000000000","6.0000000000","2.0000000000","463.5396390288","5.0000000000","1.0000000000","1.0000000000","7276.0000000000"
"2026-04-11T00:00:00Z","183255123","Hawthorn v Western Bulldogs","9793cf60-b001-4db3-a818-956f19d7b23e","Round 05 v Western Bulldogs","020880cf-4cc3-45b8-ade5-ced73183435f","02ec3d94-5fd9-4c7b-8a32-d2ba56c817cd","Quarter 3","5","Round 5","KCC - Training","6","Adelaide Oval","Jack Ginnivan","33","Hybrid","3666.50195","360.54001","9","349.62073","7.36431","113.9927854932266160","79.91892","80","56","0","1207.37","1929.8599998950958","28.0000000000","19.0000000000","9.0000000000","9.0000000000","1.0000000000","4.0000000000","","11.0000000000","6.0000000000","2.0000000000","463.5396390288","5.0000000000","1.0000000000","1.0000000000","7276.0000000000"
"2026-04-11T00:00:00Z","183255123","Hawthorn v Western Bulldogs","9793cf60-b001-4db3-a818-956f19d7b23e","Round 05 v Western Bulldogs","020880cf-4cc3-45b8-ade5-ced73183435f","1eca8998-ad85-4884-b58b-cec022a7d190","Quarter 2","5","Round 5","KCC - Training","6","Adelaide Oval","Jack Ginnivan","33","Hybrid","3353.57983","274.08","7","315.9393","8.33266","123.3334292364992340","78","78","41","0","1242.29004","1631.4700000286102","28.0000000000","19.0000000000","9.0000000000","9.0000000000","1.0000000000","4.0000000000","","11.0000000000","6.0000000000","2.0000000000","463.5396390288","5.0000000000","1.0000000000","1.0000000000","7276.0000000000"
"2026-04-11T00:00:00Z","183255123","Hawthorn v Western Bulldogs","9793cf60-b001-4db3-a818-956f19d7b23e","Round 05 v Western Bulldogs","020880cf-4cc3-45b8-ade5-ced73183435f","96317651-73ea-4189-ad56-b300436c77bf","Quarter 1","5","Round 5","KCC - Training","6","Adelaide Oval","Jack Ginnivan","33","Hybrid","3477.10693","334.04999","9","337.94733","7.77967","113.5011238838062740","76.64851","78","48","0","1274.16003","1838.0999999046326","28.0000000000","19.0000000000","9.0000000000","9.0000000000","1.0000000000","4.0000000000","","11.0000000000","6.0000000000","2.0000000000","463.5396390288","5.0000000000","1.0000000000","1.0000000000","7276.0000000000"
"2026-04-11T00:00:00Z","183255123","Hawthorn v Western Bulldogs","9793cf60-b001-4db3-a818-956f19d7b23e","Round 05 v Western Bulldogs","dc9a9fa6-3f4c-464e-ae3c-ce8c25ab08d1","409a7b10-d9b7-499a-8400-9b4d84931b66","Quarter 4","5","Round 5","KCC - Training","6","Adelaide Oval","Massimo D'Ambrosio","16","Hybrid","3469.93945","513.6300299999999","11","325.2478","7.36663","111.5222175123523860","113","113","40","0","1172.06006","1866.8600001335144","10.0000000000","5.0000000000","5.0000000000","4.0000000000","2.0000000000","2.0000000000","1.0000000000","10.0000000000","3.0000000000","","131.1752851675","","1.0000000000","1.0000000000","7276.0000000000"
"2026-04-11T00:00:00Z","183255123","Hawthorn v Western Bulldogs","9793cf60-b001-4db3-a818-956f19d7b23e","Round 05 v Western Bulldogs","dc9a9fa6-3f4c-464e-ae3c-ce8c25ab08d1","02ec3d94-5fd9-4c7b-8a32-d2ba56c817cd","Quarter 3","5","Round 5","KCC - Training","6","Adelaide Oval","Massimo D'Ambrosio","16","Hybrid","2912.52979","475.56002","13","257.83945","7.22042","90.5515360748962260","0","0","31","0","900.37","1929.8599998950958","10.0000000000","5.0000000000","5.0000000000","4.0000000000","2.0000000000","2.0000000000","1.0000000000","10.0000000000","3.0000000000","","131.1752851675","","1.0000000000","1.0000000000","7276.0000000000"
"2026-04-11T00:00:00Z","183255123","Hawthorn v Western Bulldogs","9793cf60-b001-4db3-a818-956f19d7b23e","Round 05 v Western Bulldogs","dc9a9fa6-3f4c-464e-ae3c-ce8c25ab08d1","1eca8998-ad85-4884-b58b-cec022a7d190","Quarter 2","5","Round 5","KCC - Training","6","Adelaide Oval","Massimo D'Ambrosio","16","Hybrid","2985.59814","401.45000000000005","10","275.41791","7.72695","109.8002956823347020","0","0","39","0","868.96997","1631.4700000286102","10.0000000000","5.0000000000","5.0000000000","4.0000000000","2.0000000000","2.0000000000","1.0000000000","10.0000000000","3.0000000000","","131.1752851675","","1.0000000000","1.0000000000","7276.0000000000"
"2026-04-11T00:00:00Z","183255123","Hawthorn v Western Bulldogs","9793cf60-b001-4db3-a818-956f19d7b23e","Round 05 v Western Bulldogs","dc9a9fa6-3f4c-464e-ae3c-ce8c25ab08d1","96317651-73ea-4189-ad56-b300436c77bf","Quarter 1","5","Round 5","KCC - Training","6","Adelaide Oval","Massimo D'Ambrosio","16","Hybrid","3704.54395","363.03999","7","347.7504","7.78479","120.9252146300703600","107.01287","117","57","0","1226.25","1838.0999999046326","10.0000000000","5.0000000000","5.0000000000","4.0000000000","2.0000000000","2.0000000000","1.0000000000","10.0000000000","3.0000000000","","131.1752851675","","1.0000000000","1.0000000000","7276.0000000000"
"2026-04-11T00:00:00Z","183255123","Hawthorn v Western Bulldogs","9793cf60-b001-4db3-a818-956f19d7b23e","Round 05 v Western Bulldogs","7381a6b2-b11c-4f42-85df-1b3b97b11693","96317651-73ea-4189-ad56-b300436c77bf","Quarter 1","5","Round 5","KCC - Training","6","Adelaide Oval","Connor Macdonald","09","Hybrid","3219.2876","413.34","10","327.95486","8.09069","105.0852815461736100","87.51308","103","38","0","1133.06995","1838.0999999046326","23.0000000000","15.0000000000","8.0000000000","6.0000000000","3.0000000000","6.0000000000","1.0000000000","15.0000000000","6.0000000000","1.0000000000","459.9475359815","5.0000000000","1.0000000000","1.0000000000","7276.0000000000"
"2026-04-11T00:00:00Z","183255123","Hawthorn v Western Bulldogs","9793cf60-b001-4db3-a818-956f19d7b23e","Round 05 v Western Bulldogs","7381a6b2-b11c-4f42-85df-1b3b97b11693","1eca8998-ad85-4884-b58b-cec022a7d190","Quarter 2","5","Round 5","KCC - Training","6","Adelaide Oval","Connor Macdonald","09","Hybrid","2950.78735","461.95998999999995","17","295.78735","7.28841","108.5200714673853780","99.75277","102","32","0","1065.25","1631.4700000286102","23.0000000000","15.0000000000","8.0000000000","6.0000000000","3.0000000000","6.0000000000","1.0000000000","15.0000000000","6.0000000000","1.0000000000","459.9475359815","5.0000000000","1.0000000000","1.0000000000","7276.0000000000"
"2026-04-11T00:00:00Z","183255123","Hawthorn v Western Bulldogs","9793cf60-b001-4db3-a818-956f19d7b23e","Round 05 v Western Bulldogs","7381a6b2-b11c-4f42-85df-1b3b97b11693","02ec3d94-5fd9-4c7b-8a32-d2ba56c817cd","Quarter 3","5","Round 5","KCC - Training","6","Adelaide Oval","Connor Macdonald","09","Hybrid","3887.42969","281.36999999999995","7","385.7998","7.23109","120.8615036389576860","102.17803","109","47","0","1427.66003","1929.8599998950958","23.0000000000","15.0000000000","8.0000000000","6.0000000000","3.0000000000","6.0000000000","1.0000000000","15.0000000000","6.0000000000","1.0000000000","459.9475359815","5.0000000000","1.0000000000","1.0000000000","7276.0000000000"
"2026-04-11T00:00:00Z","183255123","Hawthorn v Western Bulldogs","9793cf60-b001-4db3-a818-956f19d7b23e","Round 05 v Western Bulldogs","7381a6b2-b11c-4f42-85df-1b3b97b11693","409a7b10-d9b7-499a-8400-9b4d84931b66","Quarter 4","5","Round 5","KCC - Training","6","Adelaide Oval","Connor Macdonald","09","Hybrid","3336.40625","426.7","10","333.81155","7.80776","107.2305234381170400","105.66166","109","38","0","1114.69995","1866.8600001335144","23.0000000000","15.0000000000","8.0000000000","6.0000000000","3.0000000000","6.0000000000","1.0000000000","15.0000000000","6.0000000000","1.0000000000","459.9475359815","5.0000000000","1.0000000000","1.0000000000","7276.0000000000"
"2026-04-11T00:00:00Z","183255123","Hawthorn v Western Bulldogs","9793cf60-b001-4db3-a818-956f19d7b23e","Round 05 v Western Bulldogs","2794f857-7792-4f4b-b5fc-204ce195a191","96317651-73ea-4189-ad56-b300436c77bf","Quarter 1","5","Round 5","KCC - Training","6","Adelaide Oval","Josh Ward","25","Hybrid","3123.8479","337.86","11","303.04999","7.74877","101.9699004459630060","116.5607","155","45","0","1177.77002","1838.0999999046326","14.0000000000","8.0000000000","6.0000000000","2.0000000000","1.0000000000","1.0000000000","1.0000000000","9.0000000000","1.0000000000","1.0000000000","182.1563201145","2.0000000000","","","7276.0000000000"
"2026-04-11T00:00:00Z","183255123","Hawthorn v Western Bulldogs","9793cf60-b001-4db3-a818-956f19d7b23e","Round 05 v Western Bulldogs","2794f857-7792-4f4b-b5fc-204ce195a191","1eca8998-ad85-4884-b58b-cec022a7d190","Quarter 2","5","Round 5","KCC - Training","6","Adelaide Oval","Josh Ward","25","Hybrid","3485.44092","234.59000000000003","6","328.05914","6.8863","128.1828382969546860","76.89404","133","45","0","1354.01001","1631.4700000286102","14.0000000000","8.0000000000","6.0000000000","2.0000000000","1.0000000000","1.0000000000","1.0000000000","9.0000000000","1.0000000000","1.0000000000","182.1563201145","2.0000000000","","","7276.0000000000"
"2026-04-11T00:00:00Z","183255123","Hawthorn v Western Bulldogs","9793cf60-b001-4db3-a818-956f19d7b23e","Round 05 v Western Bulldogs","2794f857-7792-4f4b-b5fc-204ce195a191","02ec3d94-5fd9-4c7b-8a32-d2ba56c817cd","Quarter 3","5","Round 5","KCC - Training","6","Adelaide Oval","Josh Ward","25","Hybrid","4226.90088","379.44000000000005","11","401.49902","7.66892","131.4157777319526120","86.63294","147","49","0","1697.42993","1929.8599998950958","14.0000000000","8.0000000000","6.0000000000","2.0000000000","1.0000000000","1.0000000000","1.0000000000","9.0000000000","1.0000000000","1.0000000000","182.1563201145","2.0000000000","","","7276.0000000000"
"2026-04-11T00:00:00Z","183255123","Hawthorn v Western Bulldogs","9793cf60-b001-4db3-a818-956f19d7b23e","Round 05 v Western Bulldogs","2794f857-7792-4f4b-b5fc-204ce195a191","409a7b10-d9b7-499a-8400-9b4d84931b66","Quarter 4","5","Round 5","KCC - Training","6","Adelaide Oval","Josh Ward","25","Hybrid","3182.09229","277.19","8","297.70599","7.12683","102.2709455376114720","136.6378","138","36","0","1261.42004","1866.8600001335144","14.0000000000","8.0000000000","6.0000000000","2.0000000000","1.0000000000","1.0000000000","1.0000000000","9.0000000000","1.0000000000","1.0000000000","182.1563201145","2.0000000000","","","7276.0000000000"
"2026-04-11T00:00:00Z","183255123","Hawthorn v Western Bulldogs","9793cf60-b001-4db3-a818-956f19d7b23e","Round 05 v Western Bulldogs","036695b3-12e6-43fb-a153-0dea34fd7c41","96317651-73ea-4189-ad56-b300436c77bf","Quarter 1","5","Round 5","KCC - Training","6","Adelaide Oval","Karl Amon","10","Hybrid","3579.77002","238.76001","5","355.38599","7.21395","116.8522937876850540","76.65393","77","43","0","1226.48999","1838.0999999046326","11.0000000000","8.0000000000","3.0000000000","5.0000000000","","","3.0000000000","10.0000000000","1.0000000000","","143.1200388880","3.0000000000","2.0000000000","2.0000000000","7276.0000000000"
"2026-04-11T00:00:00Z","183255123","Hawthorn v Western Bulldogs","9793cf60-b001-4db3-a818-956f19d7b23e","Round 05 v Western Bulldogs","036695b3-12e6-43fb-a153-0dea34fd7c41","1eca8998-ad85-4884-b58b-cec022a7d190","Quarter 2","5","Round 5","KCC - Training","6","Adelaide Oval","Karl Amon","10","Hybrid","2956.33081","405.39998999999995","7","286.46771","7.47551","108.7239413515966500","0","0","30","0","967.70996","1631.4700000286102","11.0000000000","8.0000000000","3.0000000000","5.0000000000","","","3.0000000000","10.0000000000","1.0000000000","","143.1200388880","3.0000000000","2.0000000000","2.0000000000","7276.0000000000"
"2026-04-11T00:00:00Z","183255123","Hawthorn v Western Bulldogs","9793cf60-b001-4db3-a818-956f19d7b23e","Round 05 v Western Bulldogs","036695b3-12e6-43fb-a153-0dea34fd7c41","02ec3d94-5fd9-4c7b-8a32-d2ba56c817cd","Quarter 3","5","Round 5","KCC - Training","6","Adelaide Oval","Karl Amon","10","Hybrid","4306.8252","595.79001","17","419.0451","7.68074","133.9006518680353680","76","76","50","0","1529.56006","1929.8599998950958","11.0000000000","8.0000000000","3.0000000000","5.0000000000","","","3.0000000000","10.0000000000","1.0000000000","","143.1200388880","3.0000000000","2.0000000000","2.0000000000","7276.0000000000"
"2026-04-11T00:00:00Z","183255123","Hawthorn v Western Bulldogs","9793cf60-b001-4db3-a818-956f19d7b23e","Round 05 v Western Bulldogs","036695b3-12e6-43fb-a153-0dea34fd7c41","409a7b10-d9b7-499a-8400-9b4d84931b66","Quarter 4","5","Round 5","KCC - Training","6","Adelaide Oval","Karl Amon","10","Hybrid","2576.52734","249.65","8","256.46381","6.95076","82.8083736268085940","0","0","19","0","999.87","1866.8600001335144","11.0000000000","8.0000000000","3.0000000000","5.0000000000","","","3.0000000000","10.0000000000","1.0000000000","","143.1200388880","3.0000000000","2.0000000000","2.0000000000","7276.0000000000"
"2026-04-11T00:00:00Z","183255123","Hawthorn v Western Bulldogs","9793cf60-b001-4db3-a818-956f19d7b23e","Round 05 v Western Bulldogs","7381a6b2-b11c-4f42-85df-1b3b97b11693","409a7b10-d9b7-499a-8400-9b4d84931b66","Quarter 4","5","Round 5","KCC - Training","6","Adelaide Oval","Connor Macdonald","09","Hybrid","3336.40625","426.7","10","333.81155","7.80776","107.2305234381170400","105.66166","109","38","0","1114.69995","1866.8600001335144","25.0000000000","7.0000000000","18.0000000000","4.0000000000","7.0000000000","7.0000000000","2.0000000000","23.0000000000","2.0000000000","1.0000000000","142.0873956898","3.0000000000","","","7276.0000000000"
"2026-04-11T00:00:00Z","183255123","Hawthorn v Western Bulldogs","9793cf60-b001-4db3-a818-956f19d7b23e","Round 05 v Western Bulldogs","7381a6b2-b11c-4f42-85df-1b3b97b11693","02ec3d94-5fd9-4c7b-8a32-d2ba56c817cd","Quarter 3","5","Round 5","KCC - Training","6","Adelaide Oval","Connor Macdonald","09","Hybrid","3887.42969","281.36999999999995","7","385.7998","7.23109","120.8615036389576860","102.17803","109","47","0","1427.66003","1929.8599998950958","25.0000000000","7.0000000000","18.0000000000","4.0000000000","7.0000000000","7.0000000000","2.0000000000","23.0000000000","2.0000000000","1.0000000000","142.0873956898","3.0000000000","","","7276.0000000000"
"2026-04-11T00:00:00Z","183255123","Hawthorn v Western Bulldogs","9793cf60-b001-4db3-a818-956f19d7b23e","Round 05 v Western Bulldogs","7381a6b2-b11c-4f42-85df-1b3b97b11693","1eca8998-ad85-4884-b58b-cec022a7d190","Quarter 2","5","Round 5","KCC - Training","6","Adelaide Oval","Connor Macdonald","09","Hybrid","2950.78735","461.95998999999995","17","295.78735","7.28841","108.5200714673853780","99.75277","102","32","0","1065.25","1631.4700000286102","25.0000000000","7.0000000000","18.0000000000","4.0000000000","7.0000000000","7.0000000000","2.0000000000","23.0000000000","2.0000000000","1.0000000000","142.0873956898","3.0000000000","","","7276.0000000000"
"2026-04-11T00:00:00Z","183255123","Hawthorn v Western Bulldogs","9793cf60-b001-4db3-a818-956f19d7b23e","Round 05 v Western Bulldogs","7381a6b2-b11c-4f42-85df-1b3b97b11693","96317651-73ea-4189-ad56-b300436c77bf","Quarter 1","5","Round 5","KCC - Training","6","Adelaide Oval","Connor Macdonald","09","Hybrid","3219.2876","413.34","10","327.95486","8.09069","105.0852815461736100","87.51308","103","38","0","1133.06995","1838.0999999046326","25.0000000000","7.0000000000","18.0000000000","4.0000000000","7.0000000000","7.0000000000","2.0000000000","23.0000000000","2.0000000000","1.0000000000","142.0873956898","3.0000000000","","","7276.0000000000"
"2026-04-11T00:00:00Z","183255123","Hawthorn v Western Bulldogs","9793cf60-b001-4db3-a818-956f19d7b23e","Round 05 v Western Bulldogs","6c56e5bd-2cd0-47f8-993f-dcc1d1ebce45","409a7b10-d9b7-499a-8400-9b4d84931b66","Quarter 4","5","Round 5","KCC - Training","6","Adelaide Oval","Tom Barrass","37","Hybrid","2697.34595","243.56","6","224.95761","7.51877","86.6914267745976900","87.81058","89","30","0","753.39001","1866.8600001335144","17.0000000000","10.0000000000","7.0000000000","5.0000000000","2.0000000000","","","5.0000000000","4.0000000000","4.0000000000","388.0908154490","5.0000000000","","","7276.0000000000"
"2026-04-11T00:00:00Z","183255123","Hawthorn v Western Bulldogs","9793cf60-b001-4db3-a818-956f19d7b23e","Round 05 v Western Bulldogs","6c56e5bd-2cd0-47f8-993f-dcc1d1ebce45","02ec3d94-5fd9-4c7b-8a32-d2ba56c817cd","Quarter 3","5","Round 5","KCC - Training","6","Adelaide Oval","Tom Barrass","37","Hybrid","2924.98389","291.67999999999995","7","235.8309","7.64853","90.9387382553863260","61.22775","80","35","0","800.87","1929.8599998950958","17.0000000000","10.0000000000","7.0000000000","5.0000000000","2.0000000000","","","5.0000000000","4.0000000000","4.0000000000","388.0908154490","5.0000000000","","","7276.0000000000"
"2026-04-11T00:00:00Z","183255123","Hawthorn v Western Bulldogs","9793cf60-b001-4db3-a818-956f19d7b23e","Round 05 v Western Bulldogs","6c56e5bd-2cd0-47f8-993f-dcc1d1ebce45","1eca8998-ad85-4884-b58b-cec022a7d190","Quarter 2","5","Round 5","KCC - Training","6","Adelaide Oval","Tom Barrass","37","Hybrid","2776.1897","129.88","6","236.53207","7.53426","102.0989549284258560","84.0978","87","25","0","955.46997","1631.4700000286102","17.0000000000","10.0000000000","7.0000000000","5.0000000000","2.0000000000","","","5.0000000000","4.0000000000","4.0000000000","388.0908154490","5.0000000000","","","7276.0000000000"
"2026-04-11T00:00:00Z","183255123","Hawthorn v Western Bulldogs","9793cf60-b001-4db3-a818-956f19d7b23e","Round 05 v Western Bulldogs","6c56e5bd-2cd0-47f8-993f-dcc1d1ebce45","96317651-73ea-4189-ad56-b300436c77bf","Quarter 1","5","Round 5","KCC - Training","6","Adelaide Oval","Tom Barrass","37","Hybrid","2582.06958","162.69","2","221.34483","7.0552","84.2849544682215540","67","67","28","0","765.63995","1838.0999999046326","17.0000000000","10.0000000000","7.0000000000","5.0000000000","2.0000000000","","","5.0000000000","4.0000000000","4.0000000000","388.0908154490","5.0000000000","","","7276.0000000000"
"2026-04-11T00:00:00Z","183255123","Hawthorn v Western Bulldogs","9793cf60-b001-4db3-a818-956f19d7b23e","Round 05 v Western Bulldogs","a5e3bb3d-7e57-4dff-9d50-d405f3e1a584","409a7b10-d9b7-499a-8400-9b4d84931b66","Quarter 4","5","Round 5","KCC - Training","6","Adelaide Oval","Jai Newcombe","03","Hybrid","2482.23462","168.47","3","276.3364","7.32218","79.7778500741075940","74","74","36","0","943.77002","1866.8600001335144","28.0000000000","11.0000000000","17.0000000000","3.0000000000","4.0000000000","14.0000000000","3.0000000000","19.0000000000","4.0000000000","1.0000000000","388.4144873361","5.0000000000","1.0000000000","","7276.0000000000"
"2026-04-11T00:00:00Z","183255123","Hawthorn v Western Bulldogs","9793cf60-b001-4db3-a818-956f19d7b23e","Round 05 v Western Bulldogs","a5e3bb3d-7e57-4dff-9d50-d405f3e1a584","02ec3d94-5fd9-4c7b-8a32-d2ba56c817cd","Quarter 3","5","Round 5","KCC - Training","6","Adelaide Oval","Jai Newcombe","03","Hybrid","3640.69971","263.30001","7","389.08737","7.71888","113.1905851263170220","74","74","39","0","1356.85999","1929.8599998950958","28.0000000000","11.0000000000","17.0000000000","3.0000000000","4.0000000000","14.0000000000","3.0000000000","19.0000000000","4.0000000000","1.0000000000","388.4144873361","5.0000000000","1.0000000000","","7276.0000000000"
"2026-04-11T00:00:00Z","183255123","Hawthorn v Western Bulldogs","9793cf60-b001-4db3-a818-956f19d7b23e","Round 05 v Western Bulldogs","a5e3bb3d-7e57-4dff-9d50-d405f3e1a584","1eca8998-ad85-4884-b58b-cec022a7d190","Quarter 2","5","Round 5","KCC - Training","6","Adelaide Oval","Jai Newcombe","03","Hybrid","3322.61621","320.23999999999995","7","352.55426","8.63976","122.1946910433559800","74","74","38","0","1301.15002","1631.4700000286102","28.0000000000","11.0000000000","17.0000000000","3.0000000000","4.0000000000","14.0000000000","3.0000000000","19.0000000000","4.0000000000","1.0000000000","388.4144873361","5.0000000000","1.0000000000","","7276.0000000000"
"2026-04-11T00:00:00Z","183255123","Hawthorn v Western Bulldogs","9793cf60-b001-4db3-a818-956f19d7b23e","Round 05 v Western Bulldogs","a5e3bb3d-7e57-4dff-9d50-d405f3e1a584","96317651-73ea-4189-ad56-b300436c77bf","Quarter 1","5","Round 5","KCC - Training","6","Adelaide Oval","Jai Newcombe","03","Hybrid","3261.10986","310.37998999999996","8","371.31912","7.04143","106.4504605898220480","72.46089","74","59","0","1058.23999","1838.0999999046326","28.0000000000","11.0000000000","17.0000000000","3.0000000000","4.0000000000","14.0000000000","3.0000000000","19.0000000000","4.0000000000","1.0000000000","388.4144873361","5.0000000000","1.0000000000","","7276.0000000000"
"2026-04-11T00:00:00Z","183255123","Hawthorn v Western Bulldogs","9793cf60-b001-4db3-a818-956f19d7b23e","Round 05 v Western Bulldogs","d15ed9ce-f683-4f0e-b12f-c87e4029f11e","1eca8998-ad85-4884-b58b-cec022a7d190","Quarter 2","5","Round 5","KCC - Training","6","Adelaide Oval","Nick Watson","05","Hybrid","2874.35938","244.26","6","272.8154","7.73563","105.7093068196017300","102.99517","103","26","0","1204.64001","1631.4700000286102","12.0000000000","7.0000000000","5.0000000000","2.0000000000","3.0000000000","2.0000000000","","12.0000000000","2.0000000000","","275.1495737568","1.0000000000","1.0000000000","2.0000000000","7276.0000000000"
"2026-04-11T00:00:00Z","183255123","Hawthorn v Western Bulldogs","9793cf60-b001-4db3-a818-956f19d7b23e","Round 05 v Western Bulldogs","d15ed9ce-f683-4f0e-b12f-c87e4029f11e","409a7b10-d9b7-499a-8400-9b4d84931b66","Quarter 4","5","Round 5","KCC - Training","6","Adelaide Oval","Nick Watson","05","Hybrid","3234.89111","254.10999999999996","8","305.41446","8.67507","103.9678747126826820","103.09142","104","34","0","1109.27002","1866.8600001335144","12.0000000000","7.0000000000","5.0000000000","2.0000000000","3.0000000000","2.0000000000","","12.0000000000","2.0000000000","","275.1495737568","1.0000000000","1.0000000000","2.0000000000","7276.0000000000"
"2026-04-11T00:00:00Z","183255123","Hawthorn v Western Bulldogs","9793cf60-b001-4db3-a818-956f19d7b23e","Round 05 v Western Bulldogs","d15ed9ce-f683-4f0e-b12f-c87e4029f11e","02ec3d94-5fd9-4c7b-8a32-d2ba56c817cd","Quarter 3","5","Round 5","KCC - Training","6","Adelaide Oval","Nick Watson","05","Hybrid","3203.42236","285.89001","7","319.81699","8.64033","99.5954844446996100","104.16579","107","38","0","1116.04004","1929.8599998950958","12.0000000000","7.0000000000","5.0000000000","2.0000000000","3.0000000000","2.0000000000","","12.0000000000","2.0000000000","","275.1495737568","1.0000000000","1.0000000000","2.0000000000","7276.0000000000"
"2026-04-11T00:00:00Z","183255123","Hawthorn v Western Bulldogs","9793cf60-b001-4db3-a818-956f19d7b23e","Round 05 v Western Bulldogs","d15ed9ce-f683-4f0e-b12f-c87e4029f11e","96317651-73ea-4189-ad56-b300436c77bf","Quarter 1","5","Round 5","KCC - Training","6","Adelaide Oval","Nick Watson","05","Hybrid","2857.40381","347.33998999999994","9","280.21191","9.05654","93.2725252210952400","97.31201","102","27","0","969.79004","1838.0999999046326","12.0000000000","7.0000000000","5.0000000000","2.0000000000","3.0000000000","2.0000000000","","12.0000000000","2.0000000000","","275.1495737568","1.0000000000","1.0000000000","2.0000000000","7276.0000000000"
"2026-04-11T00:00:00Z","183255123","Hawthorn v Western Bulldogs","9793cf60-b001-4db3-a818-956f19d7b23e","Round 05 v Western Bulldogs","3ba00f82-b1d8-43cd-9263-c8d042a5b2ce","409a7b10-d9b7-499a-8400-9b4d84931b66","Quarter 4","5","Round 5","KCC - Training","6","Adelaide Oval","Cam Mackenzie","28","Hybrid","2968.4917","161.59","5","298.38284","8.01808","95.4059233082619660","77.23041","78","38","0","1131","1866.8600001335144","17.0000000000","9.0000000000","8.0000000000","3.0000000000","4.0000000000","3.0000000000","2.0000000000","16.0000000000","1.0000000000","","152.0437599255","2.0000000000","","1.0000000000","7276.0000000000"
"2026-04-11T00:00:00Z","183255123","Hawthorn v Western Bulldogs","9793cf60-b001-4db3-a818-956f19d7b23e","Round 05 v Western Bulldogs","3ba00f82-b1d8-43cd-9263-c8d042a5b2ce","02ec3d94-5fd9-4c7b-8a32-d2ba56c817cd","Quarter 3","5","Round 5","KCC - Training","6","Adelaide Oval","Cam Mackenzie","28","Hybrid","3329.552","231.74","6","341.24411","7.18276","103.5168976044165660","0","0","49","0","1378.26001","1929.8599998950958","17.0000000000","9.0000000000","8.0000000000","3.0000000000","4.0000000000","3.0000000000","2.0000000000","16.0000000000","1.0000000000","","152.0437599255","2.0000000000","","1.0000000000","7276.0000000000"
"2026-04-11T00:00:00Z","183255123","Hawthorn v Western Bulldogs","9793cf60-b001-4db3-a818-956f19d7b23e","Round 05 v Western Bulldogs","3ba00f82-b1d8-43cd-9263-c8d042a5b2ce","1eca8998-ad85-4884-b58b-cec022a7d190","Quarter 2","5","Round 5","KCC - Training","6","Adelaide Oval","Cam Mackenzie","28","Hybrid","1978.18359","132.65","4","190.25047","7.74494","72.7509640985850660","0","0","25","0","737.44","1631.4700000286102","17.0000000000","9.0000000000","8.0000000000","3.0000000000","4.0000000000","3.0000000000","2.0000000000","16.0000000000","1.0000000000","","152.0437599255","2.0000000000","","1.0000000000","7276.0000000000"
"2026-04-11T00:00:00Z","183255123","Hawthorn v Western Bulldogs","9793cf60-b001-4db3-a818-956f19d7b23e","Round 05 v Western Bulldogs","3ba00f82-b1d8-43cd-9263-c8d042a5b2ce","96317651-73ea-4189-ad56-b300436c77bf","Quarter 1","5","Round 5","KCC - Training","6","Adelaide Oval","Cam Mackenzie","28","Hybrid","3341.3667","243.86999","4","349.37","6.88873","109.0702366630769520","78","78","54","0","1182.38","1838.0999999046326","17.0000000000","9.0000000000","8.0000000000","3.0000000000","4.0000000000","3.0000000000","2.0000000000","16.0000000000","1.0000000000","","152.0437599255","2.0000000000","","1.0000000000","7276.0000000000"
"2026-04-11T00:00:00Z","183255123","Hawthorn v Western Bulldogs","9793cf60-b001-4db3-a818-956f19d7b23e","Round 05 v Western Bulldogs","eedc79b6-c40e-445e-8f0f-78f5c4d301aa","409a7b10-d9b7-499a-8400-9b4d84931b66","Quarter 4","5","Round 5","KCC - Training","6","Adelaide Oval","Josh Weddle","23","Hybrid","4076.77661","462.04999999999995","13","331.97772","7.69072","131.0256776525857260","0","0","49","0","1275.42004","1866.8600001335144","15.0000000000","8.0000000000","7.0000000000","3.0000000000","4.0000000000","1.0000000000","1.0000000000","12.0000000000","3.0000000000","","224.6619581944","2.0000000000","1.0000000000","2.0000000000","7276.0000000000"
"2026-04-11T00:00:00Z","183255123","Hawthorn v Western Bulldogs","9793cf60-b001-4db3-a818-956f19d7b23e","Round 05 v Western Bulldogs","eedc79b6-c40e-445e-8f0f-78f5c4d301aa","02ec3d94-5fd9-4c7b-8a32-d2ba56c817cd","Quarter 3","5","Round 5","KCC - Training","6","Adelaide Oval","Josh Weddle","23","Hybrid","3278.29858","237.64000000000001","5","282.17551","8.45491","101.9234114447121540","93","93","45","0","1188.39001","1929.8599998950958","15.0000000000","8.0000000000","7.0000000000","3.0000000000","4.0000000000","1.0000000000","1.0000000000","12.0000000000","3.0000000000","","224.6619581944","2.0000000000","1.0000000000","2.0000000000","7276.0000000000"
"2026-04-11T00:00:00Z","183255123","Hawthorn v Western Bulldogs","9793cf60-b001-4db3-a818-956f19d7b23e","Round 05 v Western Bulldogs","eedc79b6-c40e-445e-8f0f-78f5c4d301aa","1eca8998-ad85-4884-b58b-cec022a7d190","Quarter 2","5","Round 5","KCC - Training","6","Adelaide Oval","Josh Weddle","23","Hybrid","2995.31934","187.80999999999997","5","256.98459","7.50007","110.1578088453041520","92.66176","93","29","0","1169.85999","1631.4700000286102","15.0000000000","8.0000000000","7.0000000000","3.0000000000","4.0000000000","1.0000000000","1.0000000000","12.0000000000","3.0000000000","","224.6619581944","2.0000000000","1.0000000000","2.0000000000","7276.0000000000"
"2026-04-11T00:00:00Z","183255123","Hawthorn v Western Bulldogs","9793cf60-b001-4db3-a818-956f19d7b23e","Round 05 v Western Bulldogs","eedc79b6-c40e-445e-8f0f-78f5c4d301aa","96317651-73ea-4189-ad56-b300436c77bf","Quarter 1","5","Round 5","KCC - Training","6","Adelaide Oval","Josh Weddle","23","Hybrid","3189.34082","394.2","10","260.39117","8.37271","104.1077467003582440","92","92","28","0","1145.85999","1838.0999999046326","15.0000000000","8.0000000000","7.0000000000","3.0000000000","4.0000000000","1.0000000000","1.0000000000","12.0000000000","3.0000000000","","224.6619581944","2.0000000000","1.0000000000","2.0000000000","7276.0000000000"
"2026-04-11T00:00:00Z","183255123","Hawthorn v Western Bulldogs","9793cf60-b001-4db3-a818-956f19d7b23e","Round 05 v Western Bulldogs","29708cec-1d8a-451d-a7da-18fca9557adc","409a7b10-d9b7-499a-8400-9b4d84931b66","Quarter 4","5","Round 5","KCC - Training","6","Adelaide Oval","James Sicily","06","Back","3176.97314","332.16","8","264.06253","8.10532","102.1064184707837340","0","0","35","0","986.70996","1866.8600001335144","15.0000000000","6.0000000000","9.0000000000","1.0000000000","5.0000000000","","","20.0000000000","1.0000000000","1.0000000000","91.6754511672","2.0000000000","1.0000000000","1.0000000000","7276.0000000000"
"2026-04-11T00:00:00Z","183255123","Hawthorn v Western Bulldogs","9793cf60-b001-4db3-a818-956f19d7b23e","Round 05 v Western Bulldogs","29708cec-1d8a-451d-a7da-18fca9557adc","02ec3d94-5fd9-4c7b-8a32-d2ba56c817cd","Quarter 3","5","Round 5","KCC - Training","6","Adelaide Oval","James Sicily","06","Back","3707.33569","187.8","4","318.80472","6.88897","115.2623202782023080","0","0","47","0","1348.30005","1929.8599998950958","15.0000000000","6.0000000000","9.0000000000","1.0000000000","5.0000000000","","","20.0000000000","1.0000000000","1.0000000000","91.6754511672","2.0000000000","1.0000000000","1.0000000000","7276.0000000000"
"2026-04-11T00:00:00Z","183255123","Hawthorn v Western Bulldogs","9793cf60-b001-4db3-a818-956f19d7b23e","Round 05 v Western Bulldogs","29708cec-1d8a-451d-a7da-18fca9557adc","1eca8998-ad85-4884-b58b-cec022a7d190","Quarter 2","5","Round 5","KCC - Training","6","Adelaide Oval","James Sicily","06","Back","2811.02588","179.06","5","243.34273","7.84079","103.3801129025003700","0","0","25","0","1126.71997","1631.4700000286102","15.0000000000","6.0000000000","9.0000000000","1.0000000000","5.0000000000","","","20.0000000000","1.0000000000","1.0000000000","91.6754511672","2.0000000000","1.0000000000","1.0000000000","7276.0000000000"
"2026-04-11T00:00:00Z","183255123","Hawthorn v Western Bulldogs","9793cf60-b001-4db3-a818-956f19d7b23e","Round 05 v Western Bulldogs","29708cec-1d8a-451d-a7da-18fca9557adc","96317651-73ea-4189-ad56-b300436c77bf","Quarter 1","5","Round 5","KCC - Training","6","Adelaide Oval","James Sicily","06","Back","3686.63062","304.96000000000004","9","322.88504","7.67956","120.3404805024082260","0","0","32","0","1352.88","1838.0999999046326","15.0000000000","6.0000000000","9.0000000000","1.0000000000","5.0000000000","","","20.0000000000","1.0000000000","1.0000000000","91.6754511672","2.0000000000","1.0000000000","1.0000000000","7276.0000000000"
"2026-04-11T00:00:00Z","183255123","Hawthorn v Western Bulldogs","9793cf60-b001-4db3-a818-956f19d7b23e","Round 05 v Western Bulldogs","236a3ba1-a655-45e2-bcd2-6ad50b7c42fd","96317651-73ea-4189-ad56-b300436c77bf","Quarter 1","5","Round 5","KCC - Training","6","Adelaide Oval","Mabior Chol","18","Hybrid","2600.37231","374.69997","10","224.11636","8.6874","84.8823995474103780","89.31238","92","26","0","753.27002","1838.0999999046326","12.0000000000","9.0000000000","3.0000000000","7.0000000000","1.0000000000","","1.0000000000","5.0000000000","2.0000000000","3.0000000000","253.1700854130","4.0000000000","","","7276.0000000000"
"2026-04-11T00:00:00Z","183255123","Hawthorn v Western Bulldogs","9793cf60-b001-4db3-a818-956f19d7b23e","Round 05 v Western Bulldogs","2794f857-7792-4f4b-b5fc-204ce195a191","409a7b10-d9b7-499a-8400-9b4d84931b66","Quarter 4","5","Round 5","KCC - Training","6","Adelaide Oval","Josh Ward","25","Hybrid","3182.09229","277.19","8","297.70599","7.12683","102.2709455376114720","136.6378","138","36","0","1261.42004","1866.8600001335144","8.0000000000","2.0000000000","6.0000000000","","1.0000000000","4.0000000000","1.0000000000","13.0000000000","1.0000000000","1.0000000000","104.9095575605","2.0000000000","","","7276.0000000000"
"2026-04-11T00:00:00Z","183255123","Hawthorn v Western Bulldogs","9793cf60-b001-4db3-a818-956f19d7b23e","Round 05 v Western Bulldogs","2794f857-7792-4f4b-b5fc-204ce195a191","02ec3d94-5fd9-4c7b-8a32-d2ba56c817cd","Quarter 3","5","Round 5","KCC - Training","6","Adelaide Oval","Josh Ward","25","Hybrid","4226.90088","379.44000000000005","11","401.49902","7.66892","131.4157777319526120","86.63294","147","49","0","1697.42993","1929.8599998950958","8.0000000000","2.0000000000","6.0000000000","","1.0000000000","4.0000000000","1.0000000000","13.0000000000","1.0000000000","1.0000000000","104.9095575605","2.0000000000","","","7276.0000000000"
"2026-04-11T00:00:00Z","183255123","Hawthorn v Western Bulldogs","9793cf60-b001-4db3-a818-956f19d7b23e","Round 05 v Western Bulldogs","2794f857-7792-4f4b-b5fc-204ce195a191","1eca8998-ad85-4884-b58b-cec022a7d190","Quarter 2","5","Round 5","KCC - Training","6","Adelaide Oval","Josh Ward","25","Hybrid","3485.44092","234.59000000000003","6","328.05914","6.8863","128.1828382969546860","76.89404","133","45","0","1354.01001","1631.4700000286102","8.0000000000","2.0000000000","6.0000000000","","1.0000000000","4.0000000000","1.0000000000","13.0000000000","1.0000000000","1.0000000000","104.9095575605","2.0000000000","","","7276.0000000000"
"2026-04-11T00:00:00Z","183255123","Hawthorn v Western Bulldogs","9793cf60-b001-4db3-a818-956f19d7b23e","Round 05 v Western Bulldogs","2794f857-7792-4f4b-b5fc-204ce195a191","96317651-73ea-4189-ad56-b300436c77bf","Quarter 1","5","Round 5","KCC - Training","6","Adelaide Oval","Josh Ward","25","Hybrid","3123.8479","337.86","11","303.04999","7.74877","101.9699004459630060","116.5607","155","45","0","1177.77002","1838.0999999046326","8.0000000000","2.0000000000","6.0000000000","","1.0000000000","4.0000000000","1.0000000000","13.0000000000","1.0000000000","1.0000000000","104.9095575605","2.0000000000","","","7276.0000000000"
