"season_id","competition_code","competition_name","season_start_year","season_end_year","match_id","phase_name","phase_code","round_id","round_number","round_name","round_order","match_type_code","match_type_name","status_code","status_name","match_date","match_time","match_utc_start","venue_id","venue_code","venue_name","venue_timezone","home_squad_id","home_squad_code","home_squad_name","home_goals","home_behinds","home_points","away_squad_id","away_squad_code","away_squad_name","away_goals","away_behinds","away_points","winning_squad_id","match_trx_id","rotation_period","rotation_period_secs","rotation_squad_id","rotation_squad_code","rotation_squad_name","off_reason","off_reason_code","off_person_id","off_display_name","off_fullname","off_jumper_number","off_date_of_birth","off_match_age","off_height","off_selected_position_id","off_selected_position_code","off_selected_position_name","off_season_position_id","off_season_position_code","off_season_position_name","on_person_id","on_display_name","on_fullname","on_jumper_number","on_date_of_birth","on_match_age","on_height","on_selected_position_id","on_selected_position_code","on_selected_position_name","on_season_position_id","on_season_position_code","on_season_position_name"
"2026","AFL2026","AFL Premiership Season 2026","2026","2026","183255123","Home & Away","HA","31667","5","Round 5","6","REG","Regular Season","COMP","Complete","2026-04-11T00:00:00Z","19:05:00","2026-04-11T09:35:00Z","6","AO","Adelaide Oval","Australia/Adelaide","80","HAW","Hawthorn","15","14","104","140","WB","Western Bulldogs","8","16","64","80","109","1","0","80","HAW","Hawthorn","Regular","REG","1000887","M.Lewis","Mitch Lewis","2","1998-10-14T00:00:00Z","27.5","199","4159","INT","Interchange","1100","KF","Key Fwd","","","","","","","","","","","","",""
"2026","AFL2026","AFL Premiership Season 2026","2026","2026","183255123","Home & Away","HA","31667","5","Round 5","6","REG","Regular Season","COMP","Complete","2026-04-11T00:00:00Z","19:05:00","2026-04-11T09:35:00Z","6","AO","Adelaide Oval","Australia/Adelaide","80","HAW","Hawthorn","15","14","104","140","WB","Western Bulldogs","8","16","64","80","209","1","0","80","HAW","Hawthorn","Regular","REG","1000980","L.Meek","Lloyd Meek","17","1998-04-22T00:00:00Z","28","203","4160","INT","Interchange","4000","RK","Ruck","","","","","","","","","","","","",""
"2026","AFL2026","AFL Premiership Season 2026","2026","2026","183255123","Home & Away","HA","31667","5","Round 5","6","REG","Regular Season","COMP","Complete","2026-04-11T00:00:00Z","19:05:00","2026-04-11T09:35:00Z","6","AO","Adelaide Oval","Australia/Adelaide","80","HAW","Hawthorn","15","14","104","140","WB","Western Bulldogs","8","16","64","80","309","1","0","80","HAW","Hawthorn","Regular","REG","1023482","C.Mackenzie","Cam Mackenzie","28","2004-01-21T00:00:00Z","22.2","188","4161","INT","Interchange","2000","M","Mid","","","","","","","","","","","","",""
"2026","AFL2026","AFL Premiership Season 2026","2026","2026","183255123","Home & Away","HA","31667","5","Round 5","6","REG","Regular Season","COMP","Complete","2026-04-11T00:00:00Z","19:05:00","2026-04-11T09:35:00Z","6","AO","Adelaide Oval","Australia/Adelaide","80","HAW","Hawthorn","15","14","104","140","WB","Western Bulldogs","8","16","64","80","409","1","0","80","HAW","Hawthorn","Regular","REG","1010708","S.Butler","Sam Butler","30","2003-02-10T00:00:00Z","23.2","184","4162","INT","Interchange","2010","MF","Mid-Fwd","","","","","","","","","","","","",""
"2026","AFL2026","AFL Premiership Season 2026","2026","2026","183255123","Home & Away","HA","31667","5","Round 5","6","REG","Regular Season","COMP","Complete","2026-04-11T00:00:00Z","19:05:00","2026-04-11T09:35:00Z","6","AO","Adelaide Oval","Australia/Adelaide","80","HAW","Hawthorn","15","14","104","140","WB","Western Bulldogs","8","16","64","80","509","1","0","80","HAW","Hawthorn","Regular","REG","1011771","F.Perez","Flynn Perez","39","2001-08-25T00:00:00Z","24.6","187","4163","INT","Interchange","3200","GD","Gen Def","","","","","","","","","","","","",""
"2026","AFL2026","AFL Premiership Season 2026","2026","2026","183255123","Home & Away","HA","31667","5","Round 5","6","REG","Regular Season","COMP","Complete","2026-04-11T00:00:00Z","19:05:00","2026-04-11T09:35:00Z","6","AO","Adelaide Oval","Australia/Adelaide","80","HAW","Hawthorn","15","14","104","140","WB","Western Bulldogs","8","16","64","80","609","1","0","140","WB","Western Bulldogs","Regular","REG","1029456","C.Hynes","Cooper Hynes","6","2006-02-28T00:00:00Z","20.1","190","4159","INT","Interchange","1200","GF","Gen Fwd","","","","","","","","","","","","",""
"2026","AFL2026","AFL Premiership Season 2026","2026","2026","183255123","Home & Away","HA","31667","5","Round 5","6","REG","Regular Season","COMP","Complete","2026-04-11T00:00:00Z","19:05:00","2026-04-11T09:35:00Z","6","AO","Adelaide Oval","Australia/Adelaide","80","HAW","Hawthorn","15","14","104","140","WB","Western Bulldogs","8","16","64","80","709","1","0","140","WB","Western Bulldogs","Regular","REG","1008855","O.Baker","Oskar Baker","13","1998-05-25T00:00:00Z","27.9","184","4160","INT","Interchange","2010","MF","Mid-Fwd","","","","","","","","","","","","",""
"2026","AFL2026","AFL Premiership Season 2026","2026","2026","183255123","Home & Away","HA","31667","5","Round 5","6","REG","Regular Season","COMP","Complete","2026-04-11T00:00:00Z","19:05:00","2026-04-11T09:35:00Z","6","AO","Adelaide Oval","Australia/Adelaide","80","HAW","Hawthorn","15","14","104","140","WB","Western Bulldogs","8","16","64","80","809","1","0","140","WB","Western Bulldogs","Regular","REG","1013996","J.Croft","Jordan Croft","16","2005-05-12T00:00:00Z","20.9","201","4161","INT","Interchange","1100","KF","Key Fwd","","","","","","","","","","","","",""
"2026","AFL2026","AFL Premiership Season 2026","2026","2026","183255123","Home & Away","HA","31667","5","Round 5","6","REG","Regular Season","COMP","Complete","2026-04-11T00:00:00Z","19:05:00","2026-04-11T09:35:00Z","6","AO","Adelaide Oval","Australia/Adelaide","80","HAW","Hawthorn","15","14","104","140","WB","Western Bulldogs","8","16","64","80","909","1","0","140","WB","Western Bulldogs","Regular","REG","1020621","M.Sellwood","Michael Sellwood","37","2003-10-02T00:00:00Z","22.5","186","4162","INT","Interchange","3200","GD","Gen Def","","","","","","","","","","","","",""
"2026","AFL2026","AFL Premiership Season 2026","2026","2026","183255123","Home & Away","HA","31667","5","Round 5","6","REG","Regular Season","COMP","Complete","2026-04-11T00:00:00Z","19:05:00","2026-04-11T09:35:00Z","6","AO","Adelaide Oval","Australia/Adelaide","80","HAW","Hawthorn","15","14","104","140","WB","Western Bulldogs","8","16","64","80","1009","1","0","140","WB","Western Bulldogs","Regular","REG","1036123","S.Davidson","Sam Davidson","42","2001-12-13T00:00:00Z","24.3","191","4163","INT","Interchange","2010","MF","Mid-Fwd","","","","","","","","","","","","",""
"2026","AFL2026","AFL Premiership Season 2026","2026","2026","183255123","Home & Away","HA","31667","5","Round 5","6","REG","Regular Season","COMP","Complete","2026-04-11T00:00:00Z","19:05:00","2026-04-11T09:35:00Z","6","AO","Adelaide Oval","Australia/Adelaide","80","HAW","Hawthorn","15","14","104","140","WB","Western Bulldogs","8","16","64","80","1109","1","237","80","HAW","Hawthorn","Regular","REG","297354","K.Amon","Karl Amon","10","1995-08-19T00:00:00Z","30.6","181","4149","W","Wing","3200","GD","Gen Def","1011771","F.Perez","Flynn Perez","39","2001-08-25T00:00:00Z","24.6","187","4163","INT","Interchange","3200","GD","Gen Def"
"2026","AFL2026","AFL Premiership Season 2026","2026","2026","183255123","Home & Away","HA","31667","5","Round 5","6","REG","Regular Season","COMP","Complete","2026-04-11T00:00:00Z","19:05:00","2026-04-11T09:35:00Z","6","AO","Adelaide Oval","Australia/Adelaide","80","HAW","Hawthorn","15","14","104","140","WB","Western Bulldogs","8","16","64","80","1209","1","338","80","HAW","Hawthorn","Regular","REG","1020895","J.Newcombe","Jai Newcombe","3","2001-08-02T00:00:00Z","24.7","187","4157","OB","On Ball","2000","M","Mid","1023482","C.Mackenzie","Cam Mackenzie","28","2004-01-21T00:00:00Z","22.2","188","4161","INT","Interchange","2000","M","Mid"
"2026","AFL2026","AFL Premiership Season 2026","2026","2026","183255123","Home & Away","HA","31667","5","Round 5","6","REG","Regular Season","COMP","Complete","2026-04-11T00:00:00Z","19:05:00","2026-04-11T09:35:00Z","6","AO","Adelaide Oval","Australia/Adelaide","80","HAW","Hawthorn","15","14","104","140","WB","Western Bulldogs","8","16","64","80","1309","1","340","140","WB","Western Bulldogs","Regular","REG","1000864","L.Bramble","Lachlan Bramble","29","1998-04-19T00:00:00Z","28","182","4144","HBF","Half Back Flank","1200","GF","Gen Fwd","1020621","M.Sellwood","Michael Sellwood","37","2003-10-02T00:00:00Z","22.5","186","4162","INT","Interchange","3200","GD","Gen Def"
"2026","AFL2026","AFL Premiership Season 2026","2026","2026","183255123","Home & Away","HA","31667","5","Round 5","6","REG","Regular Season","COMP","Complete","2026-04-11T00:00:00Z","19:05:00","2026-04-11T09:35:00Z","6","AO","Adelaide Oval","Australia/Adelaide","80","HAW","Hawthorn","15","14","104","140","WB","Western Bulldogs","8","16","64","80","1409","1","381","140","WB","Western Bulldogs","Regular","REG","1006127","R.West","Rhylee West","14","2000-07-12T00:00:00Z","25.7","183","4155","FP","Forward Pocket","1200","GF","Gen Fwd","1008855","O.Baker","Oskar Baker","13","1998-05-25T00:00:00Z","27.9","184","4160","INT","Interchange","2010","MF","Mid-Fwd"
"2026","AFL2026","AFL Premiership Season 2026","2026","2026","183255123","Home & Away","HA","31667","5","Round 5","6","REG","Regular Season","COMP","Complete","2026-04-11T00:00:00Z","19:05:00","2026-04-11T09:35:00Z","6","AO","Adelaide Oval","Australia/Adelaide","80","HAW","Hawthorn","15","14","104","140","WB","Western Bulldogs","8","16","64","80","1509","1","463","140","WB","Western Bulldogs","Regular","REG","1017087","H.Gallagher","Harvey Gallagher","12","2003-09-26T00:00:00Z","22.5","181","4147","W","Wing","4467","W","Wing","1036123","S.Davidson","Sam Davidson","42","2001-12-13T00:00:00Z","24.3","191","4163","INT","Interchange","2010","MF","Mid-Fwd"
"2026","AFL2026","AFL Premiership Season 2026","2026","2026","183255123","Home & Away","HA","31667","5","Round 5","6","REG","Regular Season","COMP","Complete","2026-04-11T00:00:00Z","19:05:00","2026-04-11T09:35:00Z","6","AO","Adelaide Oval","Australia/Adelaide","80","HAW","Hawthorn","15","14","104","140","WB","Western Bulldogs","8","16","64","80","1609","1","478","140","WB","Western Bulldogs","Regular","REG","1034235","J.Dolan","Josh Dolan","26","2006-11-11T00:00:00Z","19.4","177","4153","FFP","Forward Pocket","1200","GF","Gen Fwd","1029456","C.Hynes","Cooper Hynes","6","2006-02-28T00:00:00Z","20.1","190","4159","INT","Interchange","1200","GF","Gen Fwd"
"2026","AFL2026","AFL Premiership Season 2026","2026","2026","183255123","Home & Away","HA","31667","5","Round 5","6","REG","Regular Season","COMP","Complete","2026-04-11T00:00:00Z","19:05:00","2026-04-11T09:35:00Z","6","AO","Adelaide Oval","Australia/Adelaide","80","HAW","Hawthorn","15","14","104","140","WB","Western Bulldogs","8","16","64","80","1709","1","487","80","HAW","Hawthorn","Regular","REG","1005144","M.D'Ambrosio","Massimo D'Ambrosio","16","2003-06-05T00:00:00Z","22.9","178","4147","W","Wing","4467","W","Wing","1010708","S.Butler","Sam Butler","30","2003-02-10T00:00:00Z","23.2","184","4162","INT","Interchange","2010","MF","Mid-Fwd"
"2026","AFL2026","AFL Premiership Season 2026","2026","2026","183255123","Home & Away","HA","31667","5","Round 5","6","REG","Regular Season","COMP","Complete","2026-04-11T00:00:00Z","19:05:00","2026-04-11T09:35:00Z","6","AO","Adelaide Oval","Australia/Adelaide","80","HAW","Hawthorn","15","14","104","140","WB","Western Bulldogs","8","16","64","80","1809","1","521","80","HAW","Hawthorn","Regular","REG","296254","J.Impey","Jarman Impey","4","1995-07-09T00:00:00Z","30.8","178","4143","BP","Back Pocket","3200","GD","Gen Def","1000887","M.Lewis","Mitch Lewis","2","1998-10-14T00:00:00Z","27.5","199","4159","INT","Interchange","1100","KF","Key Fwd"
"2026","AFL2026","AFL Premiership Season 2026","2026","2026","183255123","Home & Away","HA","31667","5","Round 5","6","REG","Regular Season","COMP","Complete","2026-04-11T00:00:00Z","19:05:00","2026-04-11T09:35:00Z","6","AO","Adelaide Oval","Australia/Adelaide","80","HAW","Hawthorn","15","14","104","140","WB","Western Bulldogs","8","16","64","80","1909","1","521","80","HAW","Hawthorn","Regular","REG","994077","M.Chol","Mabior Chol","18","1997-01-29T00:00:00Z","29.2","200","4154","FF","Full Forward","1100","KF","Key Fwd","297354","K.Amon","Karl Amon","10","1995-08-19T00:00:00Z","30.6","181","4149","W","Wing","3200","GD","Gen Def"
"2026","AFL2026","AFL Premiership Season 2026","2026","2026","183255123","Home & Away","HA","31667","5","Round 5","6","REG","Regular Season","COMP","Complete","2026-04-11T00:00:00Z","19:05:00","2026-04-11T09:35:00Z","6","AO","Adelaide Oval","Australia/Adelaide","80","HAW","Hawthorn","15","14","104","140","WB","Western Bulldogs","8","16","64","80","2009","1","579","80","HAW","Hawthorn","Regular","REG","1001024","N.Reeves","Ned Reeves","7","1998-10-31T00:00:00Z","27.4","210","4156","RK","Ruck","4000","RK","Ruck","1000980","L.Meek","Lloyd Meek","17","1998-04-22T00:00:00Z","28","203","4160","INT","Interchange","4000","RK","Ruck"
"2026","AFL2026","AFL Premiership Season 2026","2026","2026","183255123","Home & Away","HA","31667","5","Round 5","6","REG","Regular Season","COMP","Complete","2026-04-11T00:00:00Z","19:05:00","2026-04-11T09:35:00Z","6","AO","Adelaide Oval","Australia/Adelaide","80","HAW","Hawthorn","15","14","104","140","WB","Western Bulldogs","8","16","64","80","2109","1","702","80","HAW","Hawthorn","Regular","REG","1007124","C.Nash","Conor Nash","11","1998-07-28T00:00:00Z","27.7","198","4148","OB","On Ball","2000","M","Mid","1020895","J.Newcombe","Jai Newcombe","3","2001-08-02T00:00:00Z","24.7","187","4157","OB","On Ball","2000","M","Mid"
"2026","AFL2026","AFL Premiership Season 2026","2026","2026","183255123","Home & Away","HA","31667","5","Round 5","6","REG","Regular Season","COMP","Complete","2026-04-11T00:00:00Z","19:05:00","2026-04-11T09:35:00Z","6","AO","Adelaide Oval","Australia/Adelaide","80","HAW","Hawthorn","15","14","104","140","WB","Western Bulldogs","8","16","64","80","2209","1","709","140","WB","Western Bulldogs","Regular","REG","1002404","A.Naughton","Aaron Naughton","33","1999-11-30T00:00:00Z","26.4","196","4154","FF","Full Forward","1100","KF","Key Fwd","1006127","R.West","Rhylee West","14","2000-07-12T00:00:00Z","25.7","183","4155","FP","Forward Pocket","1200","GF","Gen Fwd"
"2026","AFL2026","AFL Premiership Season 2026","2026","2026","183255123","Home & Away","HA","31667","5","Round 5","6","REG","Regular Season","COMP","Complete","2026-04-11T00:00:00Z","19:05:00","2026-04-11T09:35:00Z","6","AO","Adelaide Oval","Australia/Adelaide","80","HAW","Hawthorn","15","14","104","140","WB","Western Bulldogs","8","16","64","80","2309","1","746","140","WB","Western Bulldogs","Regular","REG","1008454","C.Budarick","Connor Budarick","19","2001-04-06T00:00:00Z","25","175","4141","BP","Back Pocket","3200","GD","Gen Def","1013996","J.Croft","Jordan Croft","16","2005-05-12T00:00:00Z","20.9","201","4161","INT","Interchange","1100","KF","Key Fwd"
"2026","AFL2026","AFL Premiership Season 2026","2026","2026","183255123","Home & Away","HA","31667","5","Round 5","6","REG","Regular Season","COMP","Complete","2026-04-11T00:00:00Z","19:05:00","2026-04-11T09:35:00Z","6","AO","Adelaide Oval","Australia/Adelaide","80","HAW","Hawthorn","15","14","104","140","WB","Western Bulldogs","8","16","64","80","2409","1","748","80","HAW","Hawthorn","Regular","REG","1027935","J.Weddle","Josh Weddle","23","2004-05-25T00:00:00Z","21.9","191","4141","BP","Back Pocket","4467","W","Wing","1005144","M.D'Ambrosio","Massimo D'Ambrosio","16","2003-06-05T00:00:00Z","22.9","178","4147","W","Wing","4467","W","Wing"
"2026","AFL2026","AFL Premiership Season 2026","2026","2026","183255123","Home & Away","HA","31667","5","Round 5","6","REG","Regular Season","COMP","Complete","2026-04-11T00:00:00Z","19:05:00","2026-04-11T09:35:00Z","6","AO","Adelaide Oval","Australia/Adelaide","80","HAW","Hawthorn","15","14","104","140","WB","Western Bulldogs","8","16","64","80","2509","1","751","140","WB","Western Bulldogs","Regular","REG","1033076","L.Emmett","Louis Emmett","25","2007-03-23T00:00:00Z","19.1","199","4156","RK","Ruck","4000","RK","Ruck","1000864","L.Bramble","Lachlan Bramble","29","1998-04-19T00:00:00Z","28","182","4144","HBF","Half Back Flank","1200","GF","Gen Fwd"
"2026","AFL2026","AFL Premiership Season 2026","2026","2026","183255123","Home & Away","HA","31667","5","Round 5","6","REG","Regular Season","COMP","Complete","2026-04-11T00:00:00Z","19:05:00","2026-04-11T09:35:00Z","6","AO","Adelaide Oval","Australia/Adelaide","80","HAW","Hawthorn","15","14","104","140","WB","Western Bulldogs","8","16","64","80","2609","1","841","140","WB","Western Bulldogs","Regular","REG","1001398","M.Kennedy","Matthew Kennedy","8","1997-04-06T00:00:00Z","29","188","4157","OB","On Ball","2000","M","Mid","1017087","H.Gallagher","Harvey Gallagher","12","2003-09-26T00:00:00Z","22.5","181","4147","W","Wing","4467","W","Wing"
"2026","AFL2026","AFL Premiership Season 2026","2026","2026","183255123","Home & Away","HA","31667","5","Round 5","6","REG","Regular Season","COMP","Complete","2026-04-11T00:00:00Z","19:05:00","2026-04-11T09:35:00Z","6","AO","Adelaide Oval","Australia/Adelaide","80","HAW","Hawthorn","15","14","104","140","WB","Western Bulldogs","8","16","64","80","2709","1","841","140","WB","Western Bulldogs","Regular","REG","1008280","E.Richards","Ed Richards","20","1999-07-03T00:00:00Z","26.8","188","4158","OB","On Ball","2000","M","Mid","1034235","J.Dolan","Josh Dolan","26","2006-11-11T00:00:00Z","19.4","177","4153","FFP","Forward Pocket","1200","GF","Gen Fwd"
"2026","AFL2026","AFL Premiership Season 2026","2026","2026","183255123","Home & Away","HA","31667","5","Round 5","6","REG","Regular Season","COMP","Complete","2026-04-11T00:00:00Z","19:05:00","2026-04-11T09:35:00Z","6","AO","Adelaide Oval","Australia/Adelaide","80","HAW","Hawthorn","15","14","104","140","WB","Western Bulldogs","8","16","64","80","2809","1","842","80","HAW","Hawthorn","Regular","REG","1023473","N.Watson","Nick Watson","5","2005-02-24T00:00:00Z","21.1","170","4152","HFF","Half Forward Flank","1200","GF","Gen Fwd","994077","M.Chol","Mabior Chol","18","1997-01-29T00:00:00Z","29.2","200","4154","FF","Full Forward","1100","KF","Key Fwd"
"2026","AFL2026","AFL Premiership Season 2026","2026","2026","183255123","Home & Away","HA","31667","5","Round 5","6","REG","Regular Season","COMP","Complete","2026-04-11T00:00:00Z","19:05:00","2026-04-11T09:35:00Z","6","AO","Adelaide Oval","Australia/Adelaide","80","HAW","Hawthorn","15","14","104","140","WB","Western Bulldogs","8","16","64","80","2909","1","1019","140","WB","Western Bulldogs","Regular","REG","996708","B.Dale","Bailey Dale","31","1996-07-22T00:00:00Z","29.7","188","4146","HBF","Half Back Flank","3200","GD","Gen Def","1008454","C.Budarick","Connor Budarick","19","2001-04-06T00:00:00Z","25","175","4141","BP","Back Pocket","3200","GD","Gen Def"
"2026","AFL2026","AFL Premiership Season 2026","2026","2026","183255123","Home & Away","HA","31667","5","Round 5","6","REG","Regular Season","COMP","Complete","2026-04-11T00:00:00Z","19:05:00","2026-04-11T09:35:00Z","6","AO","Adelaide Oval","Australia/Adelaide","80","HAW","Hawthorn","15","14","104","140","WB","Western Bulldogs","8","16","64","80","3009","1","1174","80","HAW","Hawthorn","Regular","REG","993794","B.Hardwick","Blake Hardwick","15","1997-02-05T00:00:00Z","29.2","183","4146","HBF","Half Back Flank","3200","GD","Gen Def","296254","J.Impey","Jarman Impey","4","1995-07-09T00:00:00Z","30.8","178","4143","BP","Back Pocket","3200","GD","Gen Def"
"2026","AFL2026","AFL Premiership Season 2026","2026","2026","183255123","Home & Away","HA","31667","5","Round 5","6","REG","Regular Season","COMP","Complete","2026-04-11T00:00:00Z","19:05:00","2026-04-11T09:35:00Z","6","AO","Adelaide Oval","Australia/Adelaide","80","HAW","Hawthorn","15","14","104","140","WB","Western Bulldogs","8","16","64","80","3109","1","1249","80","HAW","Hawthorn","Regular","REG","1012857","J.Ginnivan","Jack Ginnivan","33","2002-12-09T00:00:00Z","23.3","185","4151","CHF","Centre Half Forward","1200","GF","Gen Fwd","1027935","J.Weddle","Josh Weddle","23","2004-05-25T00:00:00Z","21.9","191","4141","BP","Back Pocket","4467","W","Wing"
"2026","AFL2026","AFL Premiership Season 2026","2026","2026","183255123","Home & Away","HA","31667","5","Round 5","6","REG","Regular Season","COMP","Complete","2026-04-11T00:00:00Z","19:05:00","2026-04-11T09:35:00Z","6","AO","Adelaide Oval","Australia/Adelaide","80","HAW","Hawthorn","15","14","104","140","WB","Western Bulldogs","8","16","64","80","3209","1","1252","140","WB","Western Bulldogs","Regular","REG","1017126","S.Darcy","Sam Darcy","10","2003-07-19T00:00:00Z","22.7","208","4151","CHF","Centre Half Forward","1100","KF","Key Fwd","1002404","A.Naughton","Aaron Naughton","33","1999-11-30T00:00:00Z","26.4","196","4154","FF","Full Forward","1100","KF","Key Fwd"
"2026","AFL2026","AFL Premiership Season 2026","2026","2026","183255123","Home & Away","HA","31667","5","Round 5","6","REG","Regular Season","COMP","Complete","2026-04-11T00:00:00Z","19:05:00","2026-04-11T09:35:00Z","6","AO","Adelaide Oval","Australia/Adelaide","80","HAW","Hawthorn","15","14","104","140","WB","Western Bulldogs","8","16","64","80","3309","1","1263","80","HAW","Hawthorn","Regular","REG","990290","T.Barrass","Tom Barrass","37","1995-10-08T00:00:00Z","30.5","197","4142","FB","Full Back","3100","KD","Key Def","1001024","N.Reeves","Ned Reeves","7","1998-10-31T00:00:00Z","27.4","210","4156","RK","Ruck","4000","RK","Ruck"
"2026","AFL2026","AFL Premiership Season 2026","2026","2026","183255123","Home & Away","HA","31667","5","Round 5","6","REG","Regular Season","COMP","Complete","2026-04-11T00:00:00Z","19:05:00","2026-04-11T09:35:00Z","6","AO","Adelaide Oval","Australia/Adelaide","80","HAW","Hawthorn","15","14","104","140","WB","Western Bulldogs","8","16","64","80","3409","1","1263","80","HAW","Hawthorn","Regular","REG","1006314","D.Moore","Dylan Moore","8","1999-08-04T00:00:00Z","26.7","177","4153","FFP","Forward Pocket","1200","GF","Gen Fwd","1007124","C.Nash","Conor Nash","11","1998-07-28T00:00:00Z","27.7","198","4148","OB","On Ball","2000","M","Mid"
"2026","AFL2026","AFL Premiership Season 2026","2026","2026","183255123","Home & Away","HA","31667","5","Round 5","6","REG","Regular Season","COMP","Complete","2026-04-11T00:00:00Z","19:05:00","2026-04-11T09:35:00Z","6","AO","Adelaide Oval","Australia/Adelaide","80","HAW","Hawthorn","15","14","104","140","WB","Western Bulldogs","8","16","64","80","3509","1","1263","80","HAW","Hawthorn","Regular","REG","1017110","J.Ward","Josh Ward","25","2003-08-15T00:00:00Z","22.7","183","4158","OB","On Ball","2000","M","Mid","1023473","N.Watson","Nick Watson","5","2005-02-24T00:00:00Z","21.1","170","4152","HFF","Half Forward Flank","1200","GF","Gen Fwd"
"2026","AFL2026","AFL Premiership Season 2026","2026","2026","183255123","Home & Away","HA","31667","5","Round 5","6","REG","Regular Season","COMP","Complete","2026-04-11T00:00:00Z","19:05:00","2026-04-11T09:35:00Z","6","AO","Adelaide Oval","Australia/Adelaide","80","HAW","Hawthorn","15","14","104","140","WB","Western Bulldogs","8","16","64","80","3609","1","1263","80","HAW","Hawthorn","Regular","REG","1000980","L.Meek","Lloyd Meek","17","1998-04-22T00:00:00Z","28","203","4160","INT","Interchange","4000","RK","Ruck","993794","B.Hardwick","Blake Hardwick","15","1997-02-05T00:00:00Z","29.2","183","4146","HBF","Half Back Flank","3200","GD","Gen Def"
"2026","AFL2026","AFL Premiership Season 2026","2026","2026","183255123","Home & Away","HA","31667","5","Round 5","6","REG","Regular Season","COMP","Complete","2026-04-11T00:00:00Z","19:05:00","2026-04-11T09:35:00Z","6","AO","Adelaide Oval","Australia/Adelaide","80","HAW","Hawthorn","15","14","104","140","WB","Western Bulldogs","8","16","64","80","3709","1","1266","140","WB","Western Bulldogs","Regular","REG","1017939","R.Sanders","Ryley Sanders","9","2005-01-21T00:00:00Z","21.2","186","4150","HFF","Half Forward Flank","2000","M","Mid","1001398","M.Kennedy","Matthew Kennedy","8","1997-04-06T00:00:00Z","29","188","4157","OB","On Ball","2000","M","Mid"
"2026","AFL2026","AFL Premiership Season 2026","2026","2026","183255123","Home & Away","HA","31667","5","Round 5","6","REG","Regular Season","COMP","Complete","2026-04-11T00:00:00Z","19:05:00","2026-04-11T09:35:00Z","6","AO","Adelaide Oval","Australia/Adelaide","80","HAW","Hawthorn","15","14","104","140","WB","Western Bulldogs","8","16","64","80","3809","1","1285","140","WB","Western Bulldogs","Regular","REG","297373","M.Bontempelli","Marcus Bontempelli","4","1995-11-24T00:00:00Z","30.4","194","4148","OB","On Ball","2000","M","Mid","1008280","E.Richards","Ed Richards","20","1999-07-03T00:00:00Z","26.8","188","4158","OB","On Ball","2000","M","Mid"
"2026","AFL2026","AFL Premiership Season 2026","2026","2026","183255123","Home & Away","HA","31667","5","Round 5","6","REG","Regular Season","COMP","Complete","2026-04-11T00:00:00Z","19:05:00","2026-04-11T09:35:00Z","6","AO","Adelaide Oval","Australia/Adelaide","80","HAW","Hawthorn","15","14","104","140","WB","Western Bulldogs","8","16","64","80","3909","1","1460","140","WB","Western Bulldogs","Regular","REG","1020621","M.Sellwood","Michael Sellwood","37","2003-10-02T00:00:00Z","22.5","186","4162","INT","Interchange","3200","GD","Gen Def","996708","B.Dale","Bailey Dale","31","1996-07-22T00:00:00Z","29.7","188","4146","HBF","Half Back Flank","3200","GD","Gen Def"
"2026","AFL2026","AFL Premiership Season 2026","2026","2026","183255123","Home & Away","HA","31667","5","Round 5","6","REG","Regular Season","COMP","Complete","2026-04-11T00:00:00Z","19:05:00","2026-04-11T09:35:00Z","6","AO","Adelaide Oval","Australia/Adelaide","80","HAW","Hawthorn","15","14","104","140","WB","Western Bulldogs","8","16","64","80","4009","1","1467","80","HAW","Hawthorn","Regular","REG","1017094","C.Macdonald","Connor Macdonald","9","2003-01-13T00:00:00Z","23.2","185","4150","HFF","Half Forward Flank","1200","GF","Gen Fwd","1012857","J.Ginnivan","Jack Ginnivan","33","2002-12-09T00:00:00Z","23.3","185","4151","CHF","Centre Half Forward","1200","GF","Gen Fwd"
"2026","AFL2026","AFL Premiership Season 2026","2026","2026","183255123","Home & Away","HA","31667","5","Round 5","6","REG","Regular Season","COMP","Complete","2026-04-11T00:00:00Z","19:05:00","2026-04-11T09:35:00Z","6","AO","Adelaide Oval","Australia/Adelaide","80","HAW","Hawthorn","15","14","104","140","WB","Western Bulldogs","8","16","64","80","4109","1","1473","80","HAW","Hawthorn","Regular","REG","291351","J.Gunston","Jack Gunston","19","1991-10-16T00:00:00Z","34.5","193","4155","FP","Forward Pocket","1100","KF","Key Fwd","1006314","D.Moore","Dylan Moore","8","1999-08-04T00:00:00Z","26.7","177","4153","FFP","Forward Pocket","1200","GF","Gen Fwd"
"2026","AFL2026","AFL Premiership Season 2026","2026","2026","183255123","Home & Away","HA","31667","5","Round 5","6","REG","Regular Season","COMP","Complete","2026-04-11T00:00:00Z","19:05:00","2026-04-11T09:35:00Z","6","AO","Adelaide Oval","Australia/Adelaide","80","HAW","Hawthorn","15","14","104","140","WB","Western Bulldogs","8","16","64","80","4209","1","1480","140","WB","Western Bulldogs","Regular","REG","1013996","J.Croft","Jordan Croft","16","2005-05-12T00:00:00Z","20.9","201","4161","INT","Interchange","1100","KF","Key Fwd","1033076","L.Emmett","Louis Emmett","25","2007-03-23T00:00:00Z","19.1","199","4156","RK","Ruck","4000","RK","Ruck"
"2026","AFL2026","AFL Premiership Season 2026","2026","2026","183255123","Home & Away","HA","31667","5","Round 5","6","REG","Regular Season","COMP","Complete","2026-04-11T00:00:00Z","19:05:00","2026-04-11T09:35:00Z","6","AO","Adelaide Oval","Australia/Adelaide","80","HAW","Hawthorn","15","14","104","140","WB","Western Bulldogs","8","16","64","80","4309","1","1671","80","HAW","Hawthorn","Injured - Out for the game","OUT","994077","M.Chol","Mabior Chol","18","1997-01-29T00:00:00Z","29.2","200","4154","FF","Full Forward","1100","KF","Key Fwd","990290","T.Barrass","Tom Barrass","37","1995-10-08T00:00:00Z","30.5","197","4142","FB","Full Back","3100","KD","Key Def"
"2026","AFL2026","AFL Premiership Season 2026","2026","2026","183255123","Home & Away","HA","31667","5","Round 5","6","REG","Regular Season","COMP","Complete","2026-04-11T00:00:00Z","19:05:00","2026-04-11T09:35:00Z","6","AO","Adelaide Oval","Australia/Adelaide","80","HAW","Hawthorn","15","14","104","140","WB","Western Bulldogs","8","16","64","80","1000109","2","0","80","HAW","Hawthorn","Regular","REG","1011771","F.Perez","Flynn Perez","39","2001-08-25T00:00:00Z","24.6","187","4163","INT","Interchange","3200","GD","Gen Def","1017110","J.Ward","Josh Ward","25","2003-08-15T00:00:00Z","22.7","183","4158","OB","On Ball","2000","M","Mid"
"2026","AFL2026","AFL Premiership Season 2026","2026","2026","183255123","Home & Away","HA","31667","5","Round 5","6","REG","Regular Season","COMP","Complete","2026-04-11T00:00:00Z","19:05:00","2026-04-11T09:35:00Z","6","AO","Adelaide Oval","Australia/Adelaide","80","HAW","Hawthorn","15","14","104","140","WB","Western Bulldogs","8","16","64","80","1000209","2","0","80","HAW","Hawthorn","Regular","REG","1023482","C.Mackenzie","Cam Mackenzie","28","2004-01-21T00:00:00Z","22.2","188","4161","INT","Interchange","2000","M","Mid","1000980","L.Meek","Lloyd Meek","17","1998-04-22T00:00:00Z","28","203","4160","INT","Interchange","4000","RK","Ruck"
"2026","AFL2026","AFL Premiership Season 2026","2026","2026","183255123","Home & Away","HA","31667","5","Round 5","6","REG","Regular Season","COMP","Complete","2026-04-11T00:00:00Z","19:05:00","2026-04-11T09:35:00Z","6","AO","Adelaide Oval","Australia/Adelaide","80","HAW","Hawthorn","15","14","104","140","WB","Western Bulldogs","8","16","64","80","1000309","2","0","80","HAW","Hawthorn","Regular","REG","1027935","J.Weddle","Josh Weddle","23","2004-05-25T00:00:00Z","21.9","191","4141","BP","Back Pocket","4467","W","Wing","1017094","C.Macdonald","Connor Macdonald","9","2003-01-13T00:00:00Z","23.2","185","4150","HFF","Half Forward Flank","1200","GF","Gen Fwd"
"2026","AFL2026","AFL Premiership Season 2026","2026","2026","183255123","Home & Away","HA","31667","5","Round 5","6","REG","Regular Season","COMP","Complete","2026-04-11T00:00:00Z","19:05:00","2026-04-11T09:35:00Z","6","AO","Adelaide Oval","Australia/Adelaide","80","HAW","Hawthorn","15","14","104","140","WB","Western Bulldogs","8","16","64","80","1000409","2","0","80","HAW","Hawthorn","Regular","REG","1001024","N.Reeves","Ned Reeves","7","1998-10-31T00:00:00Z","27.4","210","4156","RK","Ruck","4000","RK","Ruck","291351","J.Gunston","Jack Gunston","19","1991-10-16T00:00:00Z","34.5","193","4155","FP","Forward Pocket","1100","KF","Key Fwd"
"2026","AFL2026","AFL Premiership Season 2026","2026","2026","183255123","Home & Away","HA","31667","5","Round 5","6","REG","Regular Season","COMP","Complete","2026-04-11T00:00:00Z","19:05:00","2026-04-11T09:35:00Z","6","AO","Adelaide Oval","Australia/Adelaide","80","HAW","Hawthorn","15","14","104","140","WB","Western Bulldogs","8","16","64","80","1000509","2","0","140","WB","Western Bulldogs","Regular","REG","1027704","J.Freijah","Joel Freijah","27","2005-11-14T00:00:00Z","20.4","191","4152","HFF","Half Forward Flank","2010","MF","Mid-Fwd","1017126","S.Darcy","Sam Darcy","10","2003-07-19T00:00:00Z","22.7","208","4151","CHF","Centre Half Forward","1100","KF","Key Fwd"
"2026","AFL2026","AFL Premiership Season 2026","2026","2026","183255123","Home & Away","HA","31667","5","Round 5","6","REG","Regular Season","COMP","Complete","2026-04-11T00:00:00Z","19:05:00","2026-04-11T09:35:00Z","6","AO","Adelaide Oval","Australia/Adelaide","80","HAW","Hawthorn","15","14","104","140","WB","Western Bulldogs","8","16","64","80","1000609","2","0","140","WB","Western Bulldogs","Regular","REG","1032966","J.O'Donnell","James O'Donnell","18","2002-08-31T00:00:00Z","23.6","197","4145","CHB","Centre Half Back","3100","KD","Key Def","1017939","R.Sanders","Ryley Sanders","9","2005-01-21T00:00:00Z","21.2","186","4150","HFF","Half Forward Flank","2000","M","Mid"
"2026","AFL2026","AFL Premiership Season 2026","2026","2026","183255123","Home & Away","HA","31667","5","Round 5","6","REG","Regular Season","COMP","Complete","2026-04-11T00:00:00Z","19:05:00","2026-04-11T09:35:00Z","6","AO","Adelaide Oval","Australia/Adelaide","80","HAW","Hawthorn","15","14","104","140","WB","Western Bulldogs","8","16","64","80","1000709","2","0","140","WB","Western Bulldogs","Regular","REG","1008855","O.Baker","Oskar Baker","13","1998-05-25T00:00:00Z","27.9","184","4160","INT","Interchange","2010","MF","Mid-Fwd","297373","M.Bontempelli","Marcus Bontempelli","4","1995-11-24T00:00:00Z","30.4","194","4148","OB","On Ball","2000","M","Mid"
"2026","AFL2026","AFL Premiership Season 2026","2026","2026","183255123","Home & Away","HA","31667","5","Round 5","6","REG","Regular Season","COMP","Complete","2026-04-11T00:00:00Z","19:05:00","2026-04-11T09:35:00Z","6","AO","Adelaide Oval","Australia/Adelaide","80","HAW","Hawthorn","15","14","104","140","WB","Western Bulldogs","8","16","64","80","1000809","2","0","140","WB","Western Bulldogs","Regular","REG","1036123","S.Davidson","Sam Davidson","42","2001-12-13T00:00:00Z","24.3","191","4163","INT","Interchange","2010","MF","Mid-Fwd","1020621","M.Sellwood","Michael Sellwood","37","2003-10-02T00:00:00Z","22.5","186","4162","INT","Interchange","3200","GD","Gen Def"
"2026","AFL2026","AFL Premiership Season 2026","2026","2026","183255123","Home & Away","HA","31667","5","Round 5","6","REG","Regular Season","COMP","Complete","2026-04-11T00:00:00Z","19:05:00","2026-04-11T09:35:00Z","6","AO","Adelaide Oval","Australia/Adelaide","80","HAW","Hawthorn","15","14","104","140","WB","Western Bulldogs","8","16","64","80","1000909","2","0","140","WB","Western Bulldogs","Regular","REG","1029456","C.Hynes","Cooper Hynes","6","2006-02-28T00:00:00Z","20.1","190","4159","INT","Interchange","1200","GF","Gen Fwd","1013996","J.Croft","Jordan Croft","16","2005-05-12T00:00:00Z","20.9","201","4161","INT","Interchange","1100","KF","Key Fwd"
"2026","AFL2026","AFL Premiership Season 2026","2026","2026","183255123","Home & Away","HA","31667","5","Round 5","6","REG","Regular Season","COMP","Complete","2026-04-11T00:00:00Z","19:05:00","2026-04-11T09:35:00Z","6","AO","Adelaide Oval","Australia/Adelaide","80","HAW","Hawthorn","15","14","104","140","WB","Western Bulldogs","8","16","64","80","1001009","2","238","140","WB","Western Bulldogs","Regular","REG","1017087","H.Gallagher","Harvey Gallagher","12","2003-09-26T00:00:00Z","22.5","181","4147","W","Wing","4467","W","Wing","1036123","S.Davidson","Sam Davidson","42","2001-12-13T00:00:00Z","24.3","191","4163","INT","Interchange","2010","MF","Mid-Fwd"
"2026","AFL2026","AFL Premiership Season 2026","2026","2026","183255123","Home & Away","HA","31667","5","Round 5","6","REG","Regular Season","COMP","Complete","2026-04-11T00:00:00Z","19:05:00","2026-04-11T09:35:00Z","6","AO","Adelaide Oval","Australia/Adelaide","80","HAW","Hawthorn","15","14","104","140","WB","Western Bulldogs","8","16","64","80","1001109","2","241","140","WB","Western Bulldogs","Regular","REG","1034235","J.Dolan","Josh Dolan","26","2006-11-11T00:00:00Z","19.4","177","4153","FFP","Forward Pocket","1200","GF","Gen Fwd","1029456","C.Hynes","Cooper Hynes","6","2006-02-28T00:00:00Z","20.1","190","4159","INT","Interchange","1200","GF","Gen Fwd"
"2026","AFL2026","AFL Premiership Season 2026","2026","2026","183255123","Home & Away","HA","31667","5","Round 5","6","REG","Regular Season","COMP","Complete","2026-04-11T00:00:00Z","19:05:00","2026-04-11T09:35:00Z","6","AO","Adelaide Oval","Australia/Adelaide","80","HAW","Hawthorn","15","14","104","140","WB","Western Bulldogs","8","16","64","80","1001209","2","249","80","HAW","Hawthorn","Regular","REG","297566","J.Sicily","James Sicily","6","1995-01-06T00:00:00Z","31.3","188","4145","CHB","Centre Half Back","3100","KD","Key Def","1011771","F.Perez","Flynn Perez","39","2001-08-25T00:00:00Z","24.6","187","4163","INT","Interchange","3200","GD","Gen Def"
"2026","AFL2026","AFL Premiership Season 2026","2026","2026","183255123","Home & Away","HA","31667","5","Round 5","6","REG","Regular Season","COMP","Complete","2026-04-11T00:00:00Z","19:05:00","2026-04-11T09:35:00Z","6","AO","Adelaide Oval","Australia/Adelaide","80","HAW","Hawthorn","15","14","104","140","WB","Western Bulldogs","8","16","64","80","1001309","2","249","80","HAW","Hawthorn","Regular","REG","1017094","C.Macdonald","Connor Macdonald","9","2003-01-13T00:00:00Z","23.2","185","4150","HFF","Half Forward Flank","1200","GF","Gen Fwd","1027935","J.Weddle","Josh Weddle","23","2004-05-25T00:00:00Z","21.9","191","4141","BP","Back Pocket","4467","W","Wing"
"2026","AFL2026","AFL Premiership Season 2026","2026","2026","183255123","Home & Away","HA","31667","5","Round 5","6","REG","Regular Season","COMP","Complete","2026-04-11T00:00:00Z","19:05:00","2026-04-11T09:35:00Z","6","AO","Adelaide Oval","Australia/Adelaide","80","HAW","Hawthorn","15","14","104","140","WB","Western Bulldogs","8","16","64","80","1001409","2","377","80","HAW","Hawthorn","Regular","REG","1000980","L.Meek","Lloyd Meek","17","1998-04-22T00:00:00Z","28","203","4160","INT","Interchange","4000","RK","Ruck","1001024","N.Reeves","Ned Reeves","7","1998-10-31T00:00:00Z","27.4","210","4156","RK","Ruck","4000","RK","Ruck"
"2026","AFL2026","AFL Premiership Season 2026","2026","2026","183255123","Home & Away","HA","31667","5","Round 5","6","REG","Regular Season","COMP","Complete","2026-04-11T00:00:00Z","19:05:00","2026-04-11T09:35:00Z","6","AO","Adelaide Oval","Australia/Adelaide","80","HAW","Hawthorn","15","14","104","140","WB","Western Bulldogs","8","16","64","80","1001509","2","384","80","HAW","Hawthorn","Regular","REG","1020895","J.Newcombe","Jai Newcombe","3","2001-08-02T00:00:00Z","24.7","187","4157","OB","On Ball","2000","M","Mid","1023482","C.Mackenzie","Cam Mackenzie","28","2004-01-21T00:00:00Z","22.2","188","4161","INT","Interchange","2000","M","Mid"
"2026","AFL2026","AFL Premiership Season 2026","2026","2026","183255123","Home & Away","HA","31667","5","Round 5","6","REG","Regular Season","COMP","Complete","2026-04-11T00:00:00Z","19:05:00","2026-04-11T09:35:00Z","6","AO","Adelaide Oval","Australia/Adelaide","80","HAW","Hawthorn","15","14","104","140","WB","Western Bulldogs","8","16","64","80","1001609","2","410","140","WB","Western Bulldogs","Regular","REG","1006127","R.West","Rhylee West","14","2000-07-12T00:00:00Z","25.7","183","4155","FP","Forward Pocket","1200","GF","Gen Fwd","1027704","J.Freijah","Joel Freijah","27","2005-11-14T00:00:00Z","20.4","191","4152","HFF","Half Forward Flank","2010","MF","Mid-Fwd"
"2026","AFL2026","AFL Premiership Season 2026","2026","2026","183255123","Home & Away","HA","31667","5","Round 5","6","REG","Regular Season","COMP","Complete","2026-04-11T00:00:00Z","19:05:00","2026-04-11T09:35:00Z","6","AO","Adelaide Oval","Australia/Adelaide","80","HAW","Hawthorn","15","14","104","140","WB","Western Bulldogs","8","16","64","80","1001709","2","443","140","WB","Western Bulldogs","Regular","REG","1013996","J.Croft","Jordan Croft","16","2005-05-12T00:00:00Z","20.9","201","4161","INT","Interchange","1100","KF","Key Fwd","1008855","O.Baker","Oskar Baker","13","1998-05-25T00:00:00Z","27.9","184","4160","INT","Interchange","2010","MF","Mid-Fwd"
"2026","AFL2026","AFL Premiership Season 2026","2026","2026","183255123","Home & Away","HA","31667","5","Round 5","6","REG","Regular Season","COMP","Complete","2026-04-11T00:00:00Z","19:05:00","2026-04-11T09:35:00Z","6","AO","Adelaide Oval","Australia/Adelaide","80","HAW","Hawthorn","15","14","104","140","WB","Western Bulldogs","8","16","64","80","1001809","2","447","80","HAW","Hawthorn","Regular","REG","296254","J.Impey","Jarman Impey","4","1995-07-09T00:00:00Z","30.8","178","4143","BP","Back Pocket","3200","GD","Gen Def","297566","J.Sicily","James Sicily","6","1995-01-06T00:00:00Z","31.3","188","4145","CHB","Centre Half Back","3100","KD","Key Def"
"2026","AFL2026","AFL Premiership Season 2026","2026","2026","183255123","Home & Away","HA","31667","5","Round 5","6","REG","Regular Season","COMP","Complete","2026-04-11T00:00:00Z","19:05:00","2026-04-11T09:35:00Z","6","AO","Adelaide Oval","Australia/Adelaide","80","HAW","Hawthorn","15","14","104","140","WB","Western Bulldogs","8","16","64","80","1001909","2","506","140","WB","Western Bulldogs","Regular","REG","1001398","M.Kennedy","Matthew Kennedy","8","1997-04-06T00:00:00Z","29","188","4157","OB","On Ball","2000","M","Mid","1034235","J.Dolan","Josh Dolan","26","2006-11-11T00:00:00Z","19.4","177","4153","FFP","Forward Pocket","1200","GF","Gen Fwd"
"2026","AFL2026","AFL Premiership Season 2026","2026","2026","183255123","Home & Away","HA","31667","5","Round 5","6","REG","Regular Season","COMP","Complete","2026-04-11T00:00:00Z","19:05:00","2026-04-11T09:35:00Z","6","AO","Adelaide Oval","Australia/Adelaide","80","HAW","Hawthorn","15","14","104","140","WB","Western Bulldogs","8","16","64","80","1002009","2","592","140","WB","Western Bulldogs","Regular","REG","1008280","E.Richards","Ed Richards","20","1999-07-03T00:00:00Z","26.8","188","4158","OB","On Ball","2000","M","Mid","1017087","H.Gallagher","Harvey Gallagher","12","2003-09-26T00:00:00Z","22.5","181","4147","W","Wing","4467","W","Wing"
"2026","AFL2026","AFL Premiership Season 2026","2026","2026","183255123","Home & Away","HA","31667","5","Round 5","6","REG","Regular Season","COMP","Complete","2026-04-11T00:00:00Z","19:05:00","2026-04-11T09:35:00Z","6","AO","Adelaide Oval","Australia/Adelaide","80","HAW","Hawthorn","15","14","104","140","WB","Western Bulldogs","8","16","64","80","1002109","2","617","80","HAW","Hawthorn","Regular","REG","1005144","M.D'Ambrosio","Massimo D'Ambrosio","16","2003-06-05T00:00:00Z","22.9","178","4147","W","Wing","4467","W","Wing","1017094","C.Macdonald","Connor Macdonald","9","2003-01-13T00:00:00Z","23.2","185","4150","HFF","Half Forward Flank","1200","GF","Gen Fwd"
"2026","AFL2026","AFL Premiership Season 2026","2026","2026","183255123","Home & Away","HA","31667","5","Round 5","6","REG","Regular Season","COMP","Complete","2026-04-11T00:00:00Z","19:05:00","2026-04-11T09:35:00Z","6","AO","Adelaide Oval","Australia/Adelaide","80","HAW","Hawthorn","15","14","104","140","WB","Western Bulldogs","8","16","64","80","1002209","2","619","140","WB","Western Bulldogs","Regular","REG","1000864","L.Bramble","Lachlan Bramble","29","1998-04-19T00:00:00Z","28","182","4144","HBF","Half Back Flank","1200","GF","Gen Fwd","1032966","J.O'Donnell","James O'Donnell","18","2002-08-31T00:00:00Z","23.6","197","4145","CHB","Centre Half Back","3100","KD","Key Def"
"2026","AFL2026","AFL Premiership Season 2026","2026","2026","183255123","Home & Away","HA","31667","5","Round 5","6","REG","Regular Season","COMP","Complete","2026-04-11T00:00:00Z","19:05:00","2026-04-11T09:35:00Z","6","AO","Adelaide Oval","Australia/Adelaide","80","HAW","Hawthorn","15","14","104","140","WB","Western Bulldogs","8","16","64","80","1002309","2","648","80","HAW","Hawthorn","Regular","REG","1007124","C.Nash","Conor Nash","11","1998-07-28T00:00:00Z","27.7","198","4148","OB","On Ball","2000","M","Mid","1020895","J.Newcombe","Jai Newcombe","3","2001-08-02T00:00:00Z","24.7","187","4157","OB","On Ball","2000","M","Mid"
"2026","AFL2026","AFL Premiership Season 2026","2026","2026","183255123","Home & Away","HA","31667","5","Round 5","6","REG","Regular Season","COMP","Complete","2026-04-11T00:00:00Z","19:05:00","2026-04-11T09:35:00Z","6","AO","Adelaide Oval","Australia/Adelaide","80","HAW","Hawthorn","15","14","104","140","WB","Western Bulldogs","8","16","64","80","1002409","2","756","80","HAW","Hawthorn","Regular","REG","297354","K.Amon","Karl Amon","10","1995-08-19T00:00:00Z","30.6","181","4149","W","Wing","3200","GD","Gen Def","296254","J.Impey","Jarman Impey","4","1995-07-09T00:00:00Z","30.8","178","4143","BP","Back Pocket","3200","GD","Gen Def"
"2026","AFL2026","AFL Premiership Season 2026","2026","2026","183255123","Home & Away","HA","31667","5","Round 5","6","REG","Regular Season","COMP","Complete","2026-04-11T00:00:00Z","19:05:00","2026-04-11T09:35:00Z","6","AO","Adelaide Oval","Australia/Adelaide","80","HAW","Hawthorn","15","14","104","140","WB","Western Bulldogs","8","16","64","80","1002509","2","764","140","WB","Western Bulldogs","Regular","REG","1002404","A.Naughton","Aaron Naughton","33","1999-11-30T00:00:00Z","26.4","196","4154","FF","Full Forward","1100","KF","Key Fwd","1006127","R.West","Rhylee West","14","2000-07-12T00:00:00Z","25.7","183","4155","FP","Forward Pocket","1200","GF","Gen Fwd"
"2026","AFL2026","AFL Premiership Season 2026","2026","2026","183255123","Home & Away","HA","31667","5","Round 5","6","REG","Regular Season","COMP","Complete","2026-04-11T00:00:00Z","19:05:00","2026-04-11T09:35:00Z","6","AO","Adelaide Oval","Australia/Adelaide","80","HAW","Hawthorn","15","14","104","140","WB","Western Bulldogs","8","16","64","80","1002609","2","841","80","HAW","Hawthorn","Regular","REG","1023473","N.Watson","Nick Watson","5","2005-02-24T00:00:00Z","21.1","170","4152","HFF","Half Forward Flank","1200","GF","Gen Fwd","1000980","L.Meek","Lloyd Meek","17","1998-04-22T00:00:00Z","28","203","4160","INT","Interchange","4000","RK","Ruck"
"2026","AFL2026","AFL Premiership Season 2026","2026","2026","183255123","Home & Away","HA","31667","5","Round 5","6","REG","Regular Season","COMP","Complete","2026-04-11T00:00:00Z","19:05:00","2026-04-11T09:35:00Z","6","AO","Adelaide Oval","Australia/Adelaide","80","HAW","Hawthorn","15","14","104","140","WB","Western Bulldogs","8","16","64","80","1002709","2","844","140","WB","Western Bulldogs","Regular","REG","1033076","L.Emmett","Louis Emmett","25","2007-03-23T00:00:00Z","19.1","199","4156","RK","Ruck","4000","RK","Ruck","1013996","J.Croft","Jordan Croft","16","2005-05-12T00:00:00Z","20.9","201","4161","INT","Interchange","1100","KF","Key Fwd"
"2026","AFL2026","AFL Premiership Season 2026","2026","2026","183255123","Home & Away","HA","31667","5","Round 5","6","REG","Regular Season","COMP","Complete","2026-04-11T00:00:00Z","19:05:00","2026-04-11T09:35:00Z","6","AO","Adelaide Oval","Australia/Adelaide","80","HAW","Hawthorn","15","14","104","140","WB","Western Bulldogs","8","16","64","80","1002809","2","854","140","WB","Western Bulldogs","Regular","REG","1017939","R.Sanders","Ryley Sanders","9","2005-01-21T00:00:00Z","21.2","186","4150","HFF","Half Forward Flank","2000","M","Mid","1001398","M.Kennedy","Matthew Kennedy","8","1997-04-06T00:00:00Z","29","188","4157","OB","On Ball","2000","M","Mid"
"2026","AFL2026","AFL Premiership Season 2026","2026","2026","183255123","Home & Away","HA","31667","5","Round 5","6","REG","Regular Season","COMP","Complete","2026-04-11T00:00:00Z","19:05:00","2026-04-11T09:35:00Z","6","AO","Adelaide Oval","Australia/Adelaide","80","HAW","Hawthorn","15","14","104","140","WB","Western Bulldogs","8","16","64","80","1002909","2","854","140","WB","Western Bulldogs","Regular","REG","297373","M.Bontempelli","Marcus Bontempelli","4","1995-11-24T00:00:00Z","30.4","194","4148","OB","On Ball","2000","M","Mid","1008280","E.Richards","Ed Richards","20","1999-07-03T00:00:00Z","26.8","188","4158","OB","On Ball","2000","M","Mid"
"2026","AFL2026","AFL Premiership Season 2026","2026","2026","183255123","Home & Away","HA","31667","5","Round 5","6","REG","Regular Season","COMP","Complete","2026-04-11T00:00:00Z","19:05:00","2026-04-11T09:35:00Z","6","AO","Adelaide Oval","Australia/Adelaide","80","HAW","Hawthorn","15","14","104","140","WB","Western Bulldogs","8","16","64","80","1003009","2","943","140","WB","Western Bulldogs","Regular","REG","1008454","C.Budarick","Connor Budarick","19","2001-04-06T00:00:00Z","25","175","4141","BP","Back Pocket","3200","GD","Gen Def","1000864","L.Bramble","Lachlan Bramble","29","1998-04-19T00:00:00Z","28","182","4144","HBF","Half Back Flank","1200","GF","Gen Fwd"
"2026","AFL2026","AFL Premiership Season 2026","2026","2026","183255123","Home & Away","HA","31667","5","Round 5","6","REG","Regular Season","COMP","Complete","2026-04-11T00:00:00Z","19:05:00","2026-04-11T09:35:00Z","6","AO","Adelaide Oval","Australia/Adelaide","80","HAW","Hawthorn","15","14","104","140","WB","Western Bulldogs","8","16","64","80","1003109","2","964","80","HAW","Hawthorn","Regular","REG","1010708","S.Butler","Sam Butler","30","2003-02-10T00:00:00Z","23.2","184","4162","INT","Interchange","2010","MF","Mid-Fwd","1005144","M.D'Ambrosio","Massimo D'Ambrosio","16","2003-06-05T00:00:00Z","22.9","178","4147","W","Wing","4467","W","Wing"
"2026","AFL2026","AFL Premiership Season 2026","2026","2026","183255123","Home & Away","HA","31667","5","Round 5","6","REG","Regular Season","COMP","Complete","2026-04-11T00:00:00Z","19:05:00","2026-04-11T09:35:00Z","6","AO","Adelaide Oval","Australia/Adelaide","80","HAW","Hawthorn","15","14","104","140","WB","Western Bulldogs","8","16","64","80","1003209","2","971","80","HAW","Hawthorn","Regular","REG","1017110","J.Ward","Josh Ward","25","2003-08-15T00:00:00Z","22.7","183","4158","OB","On Ball","2000","M","Mid","1007124","C.Nash","Conor Nash","11","1998-07-28T00:00:00Z","27.7","198","4148","OB","On Ball","2000","M","Mid"
"2026","AFL2026","AFL Premiership Season 2026","2026","2026","183255123","Home & Away","HA","31667","5","Round 5","6","REG","Regular Season","COMP","Complete","2026-04-11T00:00:00Z","19:05:00","2026-04-11T09:35:00Z","6","AO","Adelaide Oval","Australia/Adelaide","80","HAW","Hawthorn","15","14","104","140","WB","Western Bulldogs","8","16","64","80","1003309","2","1086","140","WB","Western Bulldogs","Regular","REG","1017126","S.Darcy","Sam Darcy","10","2003-07-19T00:00:00Z","22.7","208","4151","CHF","Centre Half Forward","1100","KF","Key Fwd","1002404","A.Naughton","Aaron Naughton","33","1999-11-30T00:00:00Z","26.4","196","4154","FF","Full Forward","1100","KF","Key Fwd"
"2026","AFL2026","AFL Premiership Season 2026","2026","2026","183255123","Home & Away","HA","31667","5","Round 5","6","REG","Regular Season","COMP","Complete","2026-04-11T00:00:00Z","19:05:00","2026-04-11T09:35:00Z","6","AO","Adelaide Oval","Australia/Adelaide","80","HAW","Hawthorn","15","14","104","140","WB","Western Bulldogs","8","16","64","80","1003409","2","1094","80","HAW","Hawthorn","Regular","REG","998134","J.Battle","Josh Battle","24","1998-09-01T00:00:00Z","27.6","193","4144","HBF","Half Back Flank","3100","KD","Key Def","297354","K.Amon","Karl Amon","10","1995-08-19T00:00:00Z","30.6","181","4149","W","Wing","3200","GD","Gen Def"
"2026","AFL2026","AFL Premiership Season 2026","2026","2026","183255123","Home & Away","HA","31667","5","Round 5","6","REG","Regular Season","COMP","Complete","2026-04-11T00:00:00Z","19:05:00","2026-04-11T09:35:00Z","6","AO","Adelaide Oval","Australia/Adelaide","80","HAW","Hawthorn","15","14","104","140","WB","Western Bulldogs","8","16","64","80","1003509","2","1114","140","WB","Western Bulldogs","Regular","REG","1008855","O.Baker","Oskar Baker","13","1998-05-25T00:00:00Z","27.9","184","4160","INT","Interchange","2010","MF","Mid-Fwd","1033076","L.Emmett","Louis Emmett","25","2007-03-23T00:00:00Z","19.1","199","4156","RK","Ruck","4000","RK","Ruck"
"2026","AFL2026","AFL Premiership Season 2026","2026","2026","183255123","Home & Away","HA","31667","5","Round 5","6","REG","Regular Season","COMP","Complete","2026-04-11T00:00:00Z","19:05:00","2026-04-11T09:35:00Z","6","AO","Adelaide Oval","Australia/Adelaide","80","HAW","Hawthorn","15","14","104","140","WB","Western Bulldogs","8","16","64","80","1003609","2","1121","140","WB","Western Bulldogs","Regular","REG","992351","B.Williams","Bailey Williams","34","1997-10-10T00:00:00Z","28.5","190","4149","W","Wing","4467","W","Wing","297373","M.Bontempelli","Marcus Bontempelli","4","1995-11-24T00:00:00Z","30.4","194","4148","OB","On Ball","2000","M","Mid"
"2026","AFL2026","AFL Premiership Season 2026","2026","2026","183255123","Home & Away","HA","31667","5","Round 5","6","REG","Regular Season","COMP","Complete","2026-04-11T00:00:00Z","19:05:00","2026-04-11T09:35:00Z","6","AO","Adelaide Oval","Australia/Adelaide","80","HAW","Hawthorn","15","14","104","140","WB","Western Bulldogs","8","16","64","80","1003709","2","1123","80","HAW","Hawthorn","Regular","REG","1001024","N.Reeves","Ned Reeves","7","1998-10-31T00:00:00Z","27.4","210","4156","RK","Ruck","4000","RK","Ruck","1023473","N.Watson","Nick Watson","5","2005-02-24T00:00:00Z","21.1","170","4152","HFF","Half Forward Flank","1200","GF","Gen Fwd"
"2026","AFL2026","AFL Premiership Season 2026","2026","2026","183255123","Home & Away","HA","31667","5","Round 5","6","REG","Regular Season","COMP","Complete","2026-04-11T00:00:00Z","19:05:00","2026-04-11T09:35:00Z","6","AO","Adelaide Oval","Australia/Adelaide","80","HAW","Hawthorn","15","14","104","140","WB","Western Bulldogs","8","16","64","80","1003809","2","1194","140","WB","Western Bulldogs","Regular","REG","1029456","C.Hynes","Cooper Hynes","6","2006-02-28T00:00:00Z","20.1","190","4159","INT","Interchange","1200","GF","Gen Fwd","1017939","R.Sanders","Ryley Sanders","9","2005-01-21T00:00:00Z","21.2","186","4150","HFF","Half Forward Flank","2000","M","Mid"
"2026","AFL2026","AFL Premiership Season 2026","2026","2026","183255123","Home & Away","HA","31667","5","Round 5","6","REG","Regular Season","COMP","Complete","2026-04-11T00:00:00Z","19:05:00","2026-04-11T09:35:00Z","6","AO","Adelaide Oval","Australia/Adelaide","80","HAW","Hawthorn","15","14","104","140","WB","Western Bulldogs","8","16","64","80","1003909","2","1247","80","HAW","Hawthorn","Regular","REG","1023482","C.Mackenzie","Cam Mackenzie","28","2004-01-21T00:00:00Z","22.2","188","4161","INT","Interchange","2000","M","Mid","1017110","J.Ward","Josh Ward","25","2003-08-15T00:00:00Z","22.7","183","4158","OB","On Ball","2000","M","Mid"
"2026","AFL2026","AFL Premiership Season 2026","2026","2026","183255123","Home & Away","HA","31667","5","Round 5","6","REG","Regular Season","COMP","Complete","2026-04-11T00:00:00Z","19:05:00","2026-04-11T09:35:00Z","6","AO","Adelaide Oval","Australia/Adelaide","80","HAW","Hawthorn","15","14","104","140","WB","Western Bulldogs","8","16","64","80","1004009","2","1258","80","HAW","Hawthorn","Regular","REG","1006314","D.Moore","Dylan Moore","8","1999-08-04T00:00:00Z","26.7","177","4153","FFP","Forward Pocket","1200","GF","Gen Fwd","1010708","S.Butler","Sam Butler","30","2003-02-10T00:00:00Z","23.2","184","4162","INT","Interchange","2010","MF","Mid-Fwd"
"2026","AFL2026","AFL Premiership Season 2026","2026","2026","183255123","Home & Away","HA","31667","5","Round 5","6","REG","Regular Season","COMP","Complete","2026-04-11T00:00:00Z","19:05:00","2026-04-11T09:35:00Z","6","AO","Adelaide Oval","Australia/Adelaide","80","HAW","Hawthorn","15","14","104","140","WB","Western Bulldogs","8","16","64","80","1004109","2","1479","140","WB","Western Bulldogs","Regular","REG","1006127","R.West","Rhylee West","14","2000-07-12T00:00:00Z","25.7","183","4155","FP","Forward Pocket","1200","GF","Gen Fwd","1017126","S.Darcy","Sam Darcy","10","2003-07-19T00:00:00Z","22.7","208","4151","CHF","Centre Half Forward","1100","KF","Key Fwd"
"2026","AFL2026","AFL Premiership Season 2026","2026","2026","183255123","Home & Away","HA","31667","5","Round 5","6","REG","Regular Season","COMP","Complete","2026-04-11T00:00:00Z","19:05:00","2026-04-11T09:35:00Z","6","AO","Adelaide Oval","Australia/Adelaide","80","HAW","Hawthorn","15","14","104","140","WB","Western Bulldogs","8","16","64","80","1004209","2","1484","80","HAW","Hawthorn","Regular","REG","990290","T.Barrass","Tom Barrass","37","1995-10-08T00:00:00Z","30.5","197","4142","FB","Full Back","3100","KD","Key Def","998134","J.Battle","Josh Battle","24","1998-09-01T00:00:00Z","27.6","193","4144","HBF","Half Back Flank","3100","KD","Key Def"
"2026","AFL2026","AFL Premiership Season 2026","2026","2026","183255123","Home & Away","HA","31667","5","Round 5","6","REG","Regular Season","COMP","Complete","2026-04-11T00:00:00Z","19:05:00","2026-04-11T09:35:00Z","6","AO","Adelaide Oval","Australia/Adelaide","80","HAW","Hawthorn","15","14","104","140","WB","Western Bulldogs","8","16","64","80","1004309","2","1487","140","WB","Western Bulldogs","Regular","REG","996708","B.Dale","Bailey Dale","31","1996-07-22T00:00:00Z","29.7","188","4146","HBF","Half Back Flank","3200","GD","Gen Def","1008454","C.Budarick","Connor Budarick","19","2001-04-06T00:00:00Z","25","175","4141","BP","Back Pocket","3200","GD","Gen Def"
"2026","AFL2026","AFL Premiership Season 2026","2026","2026","183255123","Home & Away","HA","31667","5","Round 5","6","REG","Regular Season","COMP","Complete","2026-04-11T00:00:00Z","19:05:00","2026-04-11T09:35:00Z","6","AO","Adelaide Oval","Australia/Adelaide","80","HAW","Hawthorn","15","14","104","140","WB","Western Bulldogs","8","16","64","80","1004409","2","1493","80","HAW","Hawthorn","Regular","REG","1000887","M.Lewis","Mitch Lewis","2","1998-10-14T00:00:00Z","27.5","199","4159","INT","Interchange","1100","KF","Key Fwd","1001024","N.Reeves","Ned Reeves","7","1998-10-31T00:00:00Z","27.4","210","4156","RK","Ruck","4000","RK","Ruck"
"2026","AFL2026","AFL Premiership Season 2026","2026","2026","183255123","Home & Away","HA","31667","5","Round 5","6","REG","Regular Season","COMP","Complete","2026-04-11T00:00:00Z","19:05:00","2026-04-11T09:35:00Z","6","AO","Adelaide Oval","Australia/Adelaide","80","HAW","Hawthorn","15","14","104","140","WB","Western Bulldogs","8","16","64","80","1004509","2","1512","140","WB","Western Bulldogs","Regular","REG","1017087","H.Gallagher","Harvey Gallagher","12","2003-09-26T00:00:00Z","22.5","181","4147","W","Wing","4467","W","Wing","992351","B.Williams","Bailey Williams","34","1997-10-10T00:00:00Z","28.5","190","4149","W","Wing","4467","W","Wing"
"2026","AFL2026","AFL Premiership Season 2026","2026","2026","183255123","Home & Away","HA","31667","5","Round 5","6","REG","Regular Season","COMP","Complete","2026-04-11T00:00:00Z","19:05:00","2026-04-11T09:35:00Z","6","AO","Adelaide Oval","Australia/Adelaide","80","HAW","Hawthorn","15","14","104","140","WB","Western Bulldogs","8","16","64","80","1004609","2","1513","80","HAW","Hawthorn","Regular","REG","1012857","J.Ginnivan","Jack Ginnivan","33","2002-12-09T00:00:00Z","23.3","185","4151","CHF","Centre Half Forward","1200","GF","Gen Fwd","1006314","D.Moore","Dylan Moore","8","1999-08-04T00:00:00Z","26.7","177","4153","FFP","Forward Pocket","1200","GF","Gen Fwd"
"2026","AFL2026","AFL Premiership Season 2026","2026","2026","183255123","Home & Away","HA","31667","5","Round 5","6","REG","Regular Season","COMP","Complete","2026-04-11T00:00:00Z","19:05:00","2026-04-11T09:35:00Z","6","AO","Adelaide Oval","Australia/Adelaide","80","HAW","Hawthorn","15","14","104","140","WB","Western Bulldogs","8","16","64","80","1004709","2","1532","140","WB","Western Bulldogs","Regular","REG","1034235","J.Dolan","Josh Dolan","26","2006-11-11T00:00:00Z","19.4","177","4153","FFP","Forward Pocket","1200","GF","Gen Fwd","1029456","C.Hynes","Cooper Hynes","6","2006-02-28T00:00:00Z","20.1","190","4159","INT","Interchange","1200","GF","Gen Fwd"
"2026","AFL2026","AFL Premiership Season 2026","2026","2026","183255123","Home & Away","HA","31667","5","Round 5","6","REG","Regular Season","COMP","Complete","2026-04-11T00:00:00Z","19:05:00","2026-04-11T09:35:00Z","6","AO","Adelaide Oval","Australia/Adelaide","80","HAW","Hawthorn","15","14","104","140","WB","Western Bulldogs","8","16","64","80","2000109","3","0","80","HAW","Hawthorn","Regular","REG","1011771","F.Perez","Flynn Perez","39","2001-08-25T00:00:00Z","24.6","187","4163","INT","Interchange","3200","GD","Gen Def","990290","T.Barrass","Tom Barrass","37","1995-10-08T00:00:00Z","30.5","197","4142","FB","Full Back","3100","KD","Key Def"
"2026","AFL2026","AFL Premiership Season 2026","2026","2026","183255123","Home & Away","HA","31667","5","Round 5","6","REG","Regular Season","COMP","Complete","2026-04-11T00:00:00Z","19:05:00","2026-04-11T09:35:00Z","6","AO","Adelaide Oval","Australia/Adelaide","80","HAW","Hawthorn","15","14","104","140","WB","Western Bulldogs","8","16","64","80","2000209","3","0","80","HAW","Hawthorn","Regular","REG","1017094","C.Macdonald","Connor Macdonald","9","2003-01-13T00:00:00Z","23.2","185","4150","HFF","Half Forward Flank","1200","GF","Gen Fwd","1000887","M.Lewis","Mitch Lewis","2","1998-10-14T00:00:00Z","27.5","199","4159","INT","Interchange","1100","KF","Key Fwd"
"2026","AFL2026","AFL Premiership Season 2026","2026","2026","183255123","Home & Away","HA","31667","5","Round 5","6","REG","Regular Season","COMP","Complete","2026-04-11T00:00:00Z","19:05:00","2026-04-11T09:35:00Z","6","AO","Adelaide Oval","Australia/Adelaide","80","HAW","Hawthorn","15","14","104","140","WB","Western Bulldogs","8","16","64","80","2000309","3","0","80","HAW","Hawthorn","Regular","REG","1000980","L.Meek","Lloyd Meek","17","1998-04-22T00:00:00Z","28","203","4160","INT","Interchange","4000","RK","Ruck","1012857","J.Ginnivan","Jack Ginnivan","33","2002-12-09T00:00:00Z","23.3","185","4151","CHF","Centre Half Forward","1200","GF","Gen Fwd"
"2026","AFL2026","AFL Premiership Season 2026","2026","2026","183255123","Home & Away","HA","31667","5","Round 5","6","REG","Regular Season","COMP","Complete","2026-04-11T00:00:00Z","19:05:00","2026-04-11T09:35:00Z","6","AO","Adelaide Oval","Australia/Adelaide","80","HAW","Hawthorn","15","14","104","140","WB","Western Bulldogs","8","16","64","80","2000409","3","0","140","WB","Western Bulldogs","Regular","REG","1020621","M.Sellwood","Michael Sellwood","37","2003-10-02T00:00:00Z","22.5","186","4162","INT","Interchange","3200","GD","Gen Def","1006127","R.West","Rhylee West","14","2000-07-12T00:00:00Z","25.7","183","4155","FP","Forward Pocket","1200","GF","Gen Fwd"
"2026","AFL2026","AFL Premiership Season 2026","2026","2026","183255123","Home & Away","HA","31667","5","Round 5","6","REG","Regular Season","COMP","Complete","2026-04-11T00:00:00Z","19:05:00","2026-04-11T09:35:00Z","6","AO","Adelaide Oval","Australia/Adelaide","80","HAW","Hawthorn","15","14","104","140","WB","Western Bulldogs","8","16","64","80","2000509","3","0","140","WB","Western Bulldogs","Regular","REG","1001398","M.Kennedy","Matthew Kennedy","8","1997-04-06T00:00:00Z","29","188","4157","OB","On Ball","2000","M","Mid","996708","B.Dale","Bailey Dale","31","1996-07-22T00:00:00Z","29.7","188","4146","HBF","Half Back Flank","3200","GD","Gen Def"
"2026","AFL2026","AFL Premiership Season 2026","2026","2026","183255123","Home & Away","HA","31667","5","Round 5","6","REG","Regular Season","COMP","Complete","2026-04-11T00:00:00Z","19:05:00","2026-04-11T09:35:00Z","6","AO","Adelaide Oval","Australia/Adelaide","80","HAW","Hawthorn","15","14","104","140","WB","Western Bulldogs","8","16","64","80","2000609","3","144","80","HAW","Hawthorn","Regular","REG","1010708","S.Butler","Sam Butler","30","2003-02-10T00:00:00Z","23.2","184","4162","INT","Interchange","2010","MF","Mid-Fwd","1017094","C.Macdonald","Connor Macdonald","9","2003-01-13T00:00:00Z","23.2","185","4150","HFF","Half Forward Flank","1200","GF","Gen Fwd"
"2026","AFL2026","AFL Premiership Season 2026","2026","2026","183255123","Home & Away","HA","31667","5","Round 5","6","REG","Regular Season","COMP","Complete","2026-04-11T00:00:00Z","19:05:00","2026-04-11T09:35:00Z","6","AO","Adelaide Oval","Australia/Adelaide","80","HAW","Hawthorn","15","14","104","140","WB","Western Bulldogs","8","16","64","80","2000709","3","261","80","HAW","Hawthorn","Regular","REG","1020895","J.Newcombe","Jai Newcombe","3","2001-08-02T00:00:00Z","24.7","187","4157","OB","On Ball","2000","M","Mid","1023482","C.Mackenzie","Cam Mackenzie","28","2004-01-21T00:00:00Z","22.2","188","4161","INT","Interchange","2000","M","Mid"
"2026","AFL2026","AFL Premiership Season 2026","2026","2026","183255123","Home & Away","HA","31667","5","Round 5","6","REG","Regular Season","COMP","Complete","2026-04-11T00:00:00Z","19:05:00","2026-04-11T09:35:00Z","6","AO","Adelaide Oval","Australia/Adelaide","80","HAW","Hawthorn","15","14","104","140","WB","Western Bulldogs","8","16","64","80","2000809","3","336","140","WB","Western Bulldogs","Regular","REG","1006127","R.West","Rhylee West","14","2000-07-12T00:00:00Z","25.7","183","4155","FP","Forward Pocket","1200","GF","Gen Fwd","1034235","J.Dolan","Josh Dolan","26","2006-11-11T00:00:00Z","19.4","177","4153","FFP","Forward Pocket","1200","GF","Gen Fwd"
"2026","AFL2026","AFL Premiership Season 2026","2026","2026","183255123","Home & Away","HA","31667","5","Round 5","6","REG","Regular Season","COMP","Complete","2026-04-11T00:00:00Z","19:05:00","2026-04-11T09:35:00Z","6","AO","Adelaide Oval","Australia/Adelaide","80","HAW","Hawthorn","15","14","104","140","WB","Western Bulldogs","8","16","64","80","2000909","3","452","140","WB","Western Bulldogs","Regular","REG","1013996","J.Croft","Jordan Croft","16","2005-05-12T00:00:00Z","20.9","201","4161","INT","Interchange","1100","KF","Key Fwd","1008855","O.Baker","Oskar Baker","13","1998-05-25T00:00:00Z","27.9","184","4160","INT","Interchange","2010","MF","Mid-Fwd"
"2026","AFL2026","AFL Premiership Season 2026","2026","2026","183255123","Home & Away","HA","31667","5","Round 5","6","REG","Regular Season","COMP","Complete","2026-04-11T00:00:00Z","19:05:00","2026-04-11T09:35:00Z","6","AO","Adelaide Oval","Australia/Adelaide","80","HAW","Hawthorn","15","14","104","140","WB","Western Bulldogs","8","16","64","80","2001009","3","473","80","HAW","Hawthorn","Regular","REG","297354","K.Amon","Karl Amon","10","1995-08-19T00:00:00Z","30.6","181","4149","W","Wing","3200","GD","Gen Def","1011771","F.Perez","Flynn Perez","39","2001-08-25T00:00:00Z","24.6","187","4163","INT","Interchange","3200","GD","Gen Def"
"2026","AFL2026","AFL Premiership Season 2026","2026","2026","183255123","Home & Away","HA","31667","5","Round 5","6","REG","Regular Season","COMP","Complete","2026-04-11T00:00:00Z","19:05:00","2026-04-11T09:35:00Z","6","AO","Adelaide Oval","Australia/Adelaide","80","HAW","Hawthorn","15","14","104","140","WB","Western Bulldogs","8","16","64","80","2001109","3","484","140","WB","Western Bulldogs","Regular","REG","1036123","S.Davidson","Sam Davidson","42","2001-12-13T00:00:00Z","24.3","191","4163","INT","Interchange","2010","MF","Mid-Fwd","1017087","H.Gallagher","Harvey Gallagher","12","2003-09-26T00:00:00Z","22.5","181","4147","W","Wing","4467","W","Wing"
"2026","AFL2026","AFL Premiership Season 2026","2026","2026","183255123","Home & Away","HA","31667","5","Round 5","6","REG","Regular Season","COMP","Complete","2026-04-11T00:00:00Z","19:05:00","2026-04-11T09:35:00Z","6","AO","Adelaide Oval","Australia/Adelaide","80","HAW","Hawthorn","15","14","104","140","WB","Western Bulldogs","8","16","64","80","2001209","3","558","140","WB","Western Bulldogs","Regular","REG","1029456","C.Hynes","Cooper Hynes","6","2006-02-28T00:00:00Z","20.1","190","4159","INT","Interchange","1200","GF","Gen Fwd","1001398","M.Kennedy","Matthew Kennedy","8","1997-04-06T00:00:00Z","29","188","4157","OB","On Ball","2000","M","Mid"
"2026","AFL2026","AFL Premiership Season 2026","2026","2026","183255123","Home & Away","HA","31667","5","Round 5","6","REG","Regular Season","COMP","Complete","2026-04-11T00:00:00Z","19:05:00","2026-04-11T09:35:00Z","6","AO","Adelaide Oval","Australia/Adelaide","80","HAW","Hawthorn","15","14","104","140","WB","Western Bulldogs","8","16","64","80","2001309","3","599","80","HAW","Hawthorn","Regular","REG","296254","J.Impey","Jarman Impey","4","1995-07-09T00:00:00Z","30.8","178","4143","BP","Back Pocket","3200","GD","Gen Def","1000980","L.Meek","Lloyd Meek","17","1998-04-22T00:00:00Z","28","203","4160","INT","Interchange","4000","RK","Ruck"
"2026","AFL2026","AFL Premiership Season 2026","2026","2026","183255123","Home & Away","HA","31667","5","Round 5","6","REG","Regular Season","COMP","Complete","2026-04-11T00:00:00Z","19:05:00","2026-04-11T09:35:00Z","6","AO","Adelaide Oval","Australia/Adelaide","80","HAW","Hawthorn","15","14","104","140","WB","Western Bulldogs","8","16","64","80","2001409","3","599","80","HAW","Hawthorn","Regular","REG","1001024","N.Reeves","Ned Reeves","7","1998-10-31T00:00:00Z","27.4","210","4156","RK","Ruck","4000","RK","Ruck","1010708","S.Butler","Sam Butler","30","2003-02-10T00:00:00Z","23.2","184","4162","INT","Interchange","2010","MF","Mid-Fwd"
"2026","AFL2026","AFL Premiership Season 2026","2026","2026","183255123","Home & Away","HA","31667","5","Round 5","6","REG","Regular Season","COMP","Complete","2026-04-11T00:00:00Z","19:05:00","2026-04-11T09:35:00Z","6","AO","Adelaide Oval","Australia/Adelaide","80","HAW","Hawthorn","15","14","104","140","WB","Western Bulldogs","8","16","64","80","2001509","3","599","80","HAW","Hawthorn","Regular","REG","1012857","J.Ginnivan","Jack Ginnivan","33","2002-12-09T00:00:00Z","23.3","185","4151","CHF","Centre Half Forward","1200","GF","Gen Fwd","297354","K.Amon","Karl Amon","10","1995-08-19T00:00:00Z","30.6","181","4149","W","Wing","3200","GD","Gen Def"
"2026","AFL2026","AFL Premiership Season 2026","2026","2026","183255123","Home & Away","HA","31667","5","Round 5","6","REG","Regular Season","COMP","Complete","2026-04-11T00:00:00Z","19:05:00","2026-04-11T09:35:00Z","6","AO","Adelaide Oval","Australia/Adelaide","80","HAW","Hawthorn","15","14","104","140","WB","Western Bulldogs","8","16","64","80","2001609","3","613","80","HAW","Hawthorn","Regular","REG","1017110","J.Ward","Josh Ward","25","2003-08-15T00:00:00Z","22.7","183","4158","OB","On Ball","2000","M","Mid","1020895","J.Newcombe","Jai Newcombe","3","2001-08-02T00:00:00Z","24.7","187","4157","OB","On Ball","2000","M","Mid"
"2026","AFL2026","AFL Premiership Season 2026","2026","2026","183255123","Home & Away","HA","31667","5","Round 5","6","REG","Regular Season","COMP","Complete","2026-04-11T00:00:00Z","19:05:00","2026-04-11T09:35:00Z","6","AO","Adelaide Oval","Australia/Adelaide","80","HAW","Hawthorn","15","14","104","140","WB","Western Bulldogs","8","16","64","80","2001709","3","764","140","WB","Western Bulldogs","Regular","REG","1002404","A.Naughton","Aaron Naughton","33","1999-11-30T00:00:00Z","26.4","196","4154","FF","Full Forward","1100","KF","Key Fwd","1006127","R.West","Rhylee West","14","2000-07-12T00:00:00Z","25.7","183","4155","FP","Forward Pocket","1200","GF","Gen Fwd"
"2026","AFL2026","AFL Premiership Season 2026","2026","2026","183255123","Home & Away","HA","31667","5","Round 5","6","REG","Regular Season","COMP","Complete","2026-04-11T00:00:00Z","19:05:00","2026-04-11T09:35:00Z","6","AO","Adelaide Oval","Australia/Adelaide","80","HAW","Hawthorn","15","14","104","140","WB","Western Bulldogs","8","16","64","80","2001809","3","764","140","WB","Western Bulldogs","Regular","REG","1033076","L.Emmett","Louis Emmett","25","2007-03-23T00:00:00Z","19.1","199","4156","RK","Ruck","4000","RK","Ruck","1013996","J.Croft","Jordan Croft","16","2005-05-12T00:00:00Z","20.9","201","4161","INT","Interchange","1100","KF","Key Fwd"
"2026","AFL2026","AFL Premiership Season 2026","2026","2026","183255123","Home & Away","HA","31667","5","Round 5","6","REG","Regular Season","COMP","Complete","2026-04-11T00:00:00Z","19:05:00","2026-04-11T09:35:00Z","6","AO","Adelaide Oval","Australia/Adelaide","80","HAW","Hawthorn","15","14","104","140","WB","Western Bulldogs","8","16","64","80","2001909","3","773","140","WB","Western Bulldogs","Regular","REG","1008280","E.Richards","Ed Richards","20","1999-07-03T00:00:00Z","26.8","188","4158","OB","On Ball","2000","M","Mid","1036123","S.Davidson","Sam Davidson","42","2001-12-13T00:00:00Z","24.3","191","4163","INT","Interchange","2010","MF","Mid-Fwd"
"2026","AFL2026","AFL Premiership Season 2026","2026","2026","183255123","Home & Away","HA","31667","5","Round 5","6","REG","Regular Season","COMP","Complete","2026-04-11T00:00:00Z","19:05:00","2026-04-11T09:35:00Z","6","AO","Adelaide Oval","Australia/Adelaide","80","HAW","Hawthorn","15","14","104","140","WB","Western Bulldogs","8","16","64","80","2002009","3","788","140","WB","Western Bulldogs","Regular","REG","1008454","C.Budarick","Connor Budarick","19","2001-04-06T00:00:00Z","25","175","4141","BP","Back Pocket","3200","GD","Gen Def","1020621","M.Sellwood","Michael Sellwood","37","2003-10-02T00:00:00Z","22.5","186","4162","INT","Interchange","3200","GD","Gen Def"
"2026","AFL2026","AFL Premiership Season 2026","2026","2026","183255123","Home & Away","HA","31667","5","Round 5","6","REG","Regular Season","COMP","Complete","2026-04-11T00:00:00Z","19:05:00","2026-04-11T09:35:00Z","6","AO","Adelaide Oval","Australia/Adelaide","80","HAW","Hawthorn","15","14","104","140","WB","Western Bulldogs","8","16","64","80","2002109","3","898","80","HAW","Hawthorn","Regular","REG","291351","J.Gunston","Jack Gunston","19","1991-10-16T00:00:00Z","34.5","193","4155","FP","Forward Pocket","1100","KF","Key Fwd","296254","J.Impey","Jarman Impey","4","1995-07-09T00:00:00Z","30.8","178","4143","BP","Back Pocket","3200","GD","Gen Def"
"2026","AFL2026","AFL Premiership Season 2026","2026","2026","183255123","Home & Away","HA","31667","5","Round 5","6","REG","Regular Season","COMP","Complete","2026-04-11T00:00:00Z","19:05:00","2026-04-11T09:35:00Z","6","AO","Adelaide Oval","Australia/Adelaide","80","HAW","Hawthorn","15","14","104","140","WB","Western Bulldogs","8","16","64","80","2002209","3","898","80","HAW","Hawthorn","Regular","REG","1023473","N.Watson","Nick Watson","5","2005-02-24T00:00:00Z","21.1","170","4152","HFF","Half Forward Flank","1200","GF","Gen Fwd","1001024","N.Reeves","Ned Reeves","7","1998-10-31T00:00:00Z","27.4","210","4156","RK","Ruck","4000","RK","Ruck"
"2026","AFL2026","AFL Premiership Season 2026","2026","2026","183255123","Home & Away","HA","31667","5","Round 5","6","REG","Regular Season","COMP","Complete","2026-04-11T00:00:00Z","19:05:00","2026-04-11T09:35:00Z","6","AO","Adelaide Oval","Australia/Adelaide","80","HAW","Hawthorn","15","14","104","140","WB","Western Bulldogs","8","16","64","80","2002309","3","898","80","HAW","Hawthorn","Regular","REG","990290","T.Barrass","Tom Barrass","37","1995-10-08T00:00:00Z","30.5","197","4142","FB","Full Back","3100","KD","Key Def","1017110","J.Ward","Josh Ward","25","2003-08-15T00:00:00Z","22.7","183","4158","OB","On Ball","2000","M","Mid"
"2026","AFL2026","AFL Premiership Season 2026","2026","2026","183255123","Home & Away","HA","31667","5","Round 5","6","REG","Regular Season","COMP","Complete","2026-04-11T00:00:00Z","19:05:00","2026-04-11T09:35:00Z","6","AO","Adelaide Oval","Australia/Adelaide","80","HAW","Hawthorn","15","14","104","140","WB","Western Bulldogs","8","16","64","80","2002409","3","899","140","WB","Western Bulldogs","Regular","REG","1017939","R.Sanders","Ryley Sanders","9","2005-01-21T00:00:00Z","21.2","186","4150","HFF","Half Forward Flank","2000","M","Mid","1029456","C.Hynes","Cooper Hynes","6","2006-02-28T00:00:00Z","20.1","190","4159","INT","Interchange","1200","GF","Gen Fwd"
"2026","AFL2026","AFL Premiership Season 2026","2026","2026","183255123","Home & Away","HA","31667","5","Round 5","6","REG","Regular Season","COMP","Complete","2026-04-11T00:00:00Z","19:05:00","2026-04-11T09:35:00Z","6","AO","Adelaide Oval","Australia/Adelaide","80","HAW","Hawthorn","15","14","104","140","WB","Western Bulldogs","8","16","64","80","2002509","3","903","80","HAW","Hawthorn","Regular","REG","1005144","M.D'Ambrosio","Massimo D'Ambrosio","16","2003-06-05T00:00:00Z","22.9","178","4147","W","Wing","4467","W","Wing","1012857","J.Ginnivan","Jack Ginnivan","33","2002-12-09T00:00:00Z","23.3","185","4151","CHF","Centre Half Forward","1200","GF","Gen Fwd"
"2026","AFL2026","AFL Premiership Season 2026","2026","2026","183255123","Home & Away","HA","31667","5","Round 5","6","REG","Regular Season","COMP","Complete","2026-04-11T00:00:00Z","19:05:00","2026-04-11T09:35:00Z","6","AO","Adelaide Oval","Australia/Adelaide","80","HAW","Hawthorn","15","14","104","140","WB","Western Bulldogs","8","16","64","80","2002609","3","1158","140","WB","Western Bulldogs","Regular","REG","297373","M.Bontempelli","Marcus Bontempelli","4","1995-11-24T00:00:00Z","30.4","194","4148","OB","On Ball","2000","M","Mid","1008280","E.Richards","Ed Richards","20","1999-07-03T00:00:00Z","26.8","188","4158","OB","On Ball","2000","M","Mid"
"2026","AFL2026","AFL Premiership Season 2026","2026","2026","183255123","Home & Away","HA","31667","5","Round 5","6","REG","Regular Season","COMP","Complete","2026-04-11T00:00:00Z","19:05:00","2026-04-11T09:35:00Z","6","AO","Adelaide Oval","Australia/Adelaide","80","HAW","Hawthorn","15","14","104","140","WB","Western Bulldogs","8","16","64","80","2002709","3","1162","140","WB","Western Bulldogs","Regular","REG","1017126","S.Darcy","Sam Darcy","10","2003-07-19T00:00:00Z","22.7","208","4151","CHF","Centre Half Forward","1100","KF","Key Fwd","1002404","A.Naughton","Aaron Naughton","33","1999-11-30T00:00:00Z","26.4","196","4154","FF","Full Forward","1100","KF","Key Fwd"
"2026","AFL2026","AFL Premiership Season 2026","2026","2026","183255123","Home & Away","HA","31667","5","Round 5","6","REG","Regular Season","COMP","Complete","2026-04-11T00:00:00Z","19:05:00","2026-04-11T09:35:00Z","6","AO","Adelaide Oval","Australia/Adelaide","80","HAW","Hawthorn","15","14","104","140","WB","Western Bulldogs","8","16","64","80","2002809","3","1193","140","WB","Western Bulldogs","Regular","REG","1027704","J.Freijah","Joel Freijah","27","2005-11-14T00:00:00Z","20.4","191","4152","HFF","Half Forward Flank","2010","MF","Mid-Fwd","1017939","R.Sanders","Ryley Sanders","9","2005-01-21T00:00:00Z","21.2","186","4150","HFF","Half Forward Flank","2000","M","Mid"
"2026","AFL2026","AFL Premiership Season 2026","2026","2026","183255123","Home & Away","HA","31667","5","Round 5","6","REG","Regular Season","COMP","Complete","2026-04-11T00:00:00Z","19:05:00","2026-04-11T09:35:00Z","6","AO","Adelaide Oval","Australia/Adelaide","80","HAW","Hawthorn","15","14","104","140","WB","Western Bulldogs","8","16","64","80","2002909","3","1203","80","HAW","Hawthorn","Regular","REG","1027935","J.Weddle","Josh Weddle","23","2004-05-25T00:00:00Z","21.9","191","4141","BP","Back Pocket","4467","W","Wing","1023473","N.Watson","Nick Watson","5","2005-02-24T00:00:00Z","21.1","170","4152","HFF","Half Forward Flank","1200","GF","Gen Fwd"
"2026","AFL2026","AFL Premiership Season 2026","2026","2026","183255123","Home & Away","HA","31667","5","Round 5","6","REG","Regular Season","COMP","Complete","2026-04-11T00:00:00Z","19:05:00","2026-04-11T09:35:00Z","6","AO","Adelaide Oval","Australia/Adelaide","80","HAW","Hawthorn","15","14","104","140","WB","Western Bulldogs","8","16","64","80","2003009","3","1206","80","HAW","Hawthorn","Regular","REG","1000887","M.Lewis","Mitch Lewis","2","1998-10-14T00:00:00Z","27.5","199","4159","INT","Interchange","1100","KF","Key Fwd","291351","J.Gunston","Jack Gunston","19","1991-10-16T00:00:00Z","34.5","193","4155","FP","Forward Pocket","1100","KF","Key Fwd"
"2026","AFL2026","AFL Premiership Season 2026","2026","2026","183255123","Home & Away","HA","31667","5","Round 5","6","REG","Regular Season","COMP","Complete","2026-04-11T00:00:00Z","19:05:00","2026-04-11T09:35:00Z","6","AO","Adelaide Oval","Australia/Adelaide","80","HAW","Hawthorn","15","14","104","140","WB","Western Bulldogs","8","16","64","80","2003109","3","1210","140","WB","Western Bulldogs","Regular","REG","996708","B.Dale","Bailey Dale","31","1996-07-22T00:00:00Z","29.7","188","4146","HBF","Half Back Flank","3200","GD","Gen Def","1008454","C.Budarick","Connor Budarick","19","2001-04-06T00:00:00Z","25","175","4141","BP","Back Pocket","3200","GD","Gen Def"
"2026","AFL2026","AFL Premiership Season 2026","2026","2026","183255123","Home & Away","HA","31667","5","Round 5","6","REG","Regular Season","COMP","Complete","2026-04-11T00:00:00Z","19:05:00","2026-04-11T09:35:00Z","6","AO","Adelaide Oval","Australia/Adelaide","80","HAW","Hawthorn","15","14","104","140","WB","Western Bulldogs","8","16","64","80","2003209","3","1272","80","HAW","Hawthorn","Regular","REG","1007124","C.Nash","Conor Nash","11","1998-07-28T00:00:00Z","27.7","198","4148","OB","On Ball","2000","M","Mid","1005144","M.D'Ambrosio","Massimo D'Ambrosio","16","2003-06-05T00:00:00Z","22.9","178","4147","W","Wing","4467","W","Wing"
"2026","AFL2026","AFL Premiership Season 2026","2026","2026","183255123","Home & Away","HA","31667","5","Round 5","6","REG","Regular Season","COMP","Complete","2026-04-11T00:00:00Z","19:05:00","2026-04-11T09:35:00Z","6","AO","Adelaide Oval","Australia/Adelaide","80","HAW","Hawthorn","15","14","104","140","WB","Western Bulldogs","8","16","64","80","2003309","3","1285","80","HAW","Hawthorn","Regular","REG","993794","B.Hardwick","Blake Hardwick","15","1997-02-05T00:00:00Z","29.2","183","4146","HBF","Half Back Flank","3200","GD","Gen Def","990290","T.Barrass","Tom Barrass","37","1995-10-08T00:00:00Z","30.5","197","4142","FB","Full Back","3100","KD","Key Def"
"2026","AFL2026","AFL Premiership Season 2026","2026","2026","183255123","Home & Away","HA","31667","5","Round 5","6","REG","Regular Season","COMP","Complete","2026-04-11T00:00:00Z","19:05:00","2026-04-11T09:35:00Z","6","AO","Adelaide Oval","Australia/Adelaide","80","HAW","Hawthorn","15","14","104","140","WB","Western Bulldogs","8","16","64","80","2003409","3","1369","140","WB","Western Bulldogs","Regular","REG","1000864","L.Bramble","Lachlan Bramble","29","1998-04-19T00:00:00Z","28","182","4144","HBF","Half Back Flank","1200","GF","Gen Fwd","996708","B.Dale","Bailey Dale","31","1996-07-22T00:00:00Z","29.7","188","4146","HBF","Half Back Flank","3200","GD","Gen Def"
"2026","AFL2026","AFL Premiership Season 2026","2026","2026","183255123","Home & Away","HA","31667","5","Round 5","6","REG","Regular Season","COMP","Complete","2026-04-11T00:00:00Z","19:05:00","2026-04-11T09:35:00Z","6","AO","Adelaide Oval","Australia/Adelaide","80","HAW","Hawthorn","15","14","104","140","WB","Western Bulldogs","8","16","64","80","2003509","3","1591","140","WB","Western Bulldogs","Regular","REG","1008855","O.Baker","Oskar Baker","13","1998-05-25T00:00:00Z","27.9","184","4160","INT","Interchange","2010","MF","Mid-Fwd","297373","M.Bontempelli","Marcus Bontempelli","4","1995-11-24T00:00:00Z","30.4","194","4148","OB","On Ball","2000","M","Mid"
"2026","AFL2026","AFL Premiership Season 2026","2026","2026","183255123","Home & Away","HA","31667","5","Round 5","6","REG","Regular Season","COMP","Complete","2026-04-11T00:00:00Z","19:05:00","2026-04-11T09:35:00Z","6","AO","Adelaide Oval","Australia/Adelaide","80","HAW","Hawthorn","15","14","104","140","WB","Western Bulldogs","8","16","64","80","2003609","3","1600","80","HAW","Hawthorn","Regular","REG","1005144","M.D'Ambrosio","Massimo D'Ambrosio","16","2003-06-05T00:00:00Z","22.9","178","4147","W","Wing","4467","W","Wing","1027935","J.Weddle","Josh Weddle","23","2004-05-25T00:00:00Z","21.9","191","4141","BP","Back Pocket","4467","W","Wing"
"2026","AFL2026","AFL Premiership Season 2026","2026","2026","183255123","Home & Away","HA","31667","5","Round 5","6","REG","Regular Season","COMP","Complete","2026-04-11T00:00:00Z","19:05:00","2026-04-11T09:35:00Z","6","AO","Adelaide Oval","Australia/Adelaide","80","HAW","Hawthorn","15","14","104","140","WB","Western Bulldogs","8","16","64","80","2003709","3","1630","140","WB","Western Bulldogs","Regular","REG","1034235","J.Dolan","Josh Dolan","26","2006-11-11T00:00:00Z","19.4","177","4153","FFP","Forward Pocket","1200","GF","Gen Fwd","1017126","S.Darcy","Sam Darcy","10","2003-07-19T00:00:00Z","22.7","208","4151","CHF","Centre Half Forward","1100","KF","Key Fwd"
"2026","AFL2026","AFL Premiership Season 2026","2026","2026","183255123","Home & Away","HA","31667","5","Round 5","6","REG","Regular Season","COMP","Complete","2026-04-11T00:00:00Z","19:05:00","2026-04-11T09:35:00Z","6","AO","Adelaide Oval","Australia/Adelaide","80","HAW","Hawthorn","15","14","104","140","WB","Western Bulldogs","8","16","64","80","2003809","3","1638","140","WB","Western Bulldogs","Regular","REG","1029456","C.Hynes","Cooper Hynes","6","2006-02-28T00:00:00Z","20.1","190","4159","INT","Interchange","1200","GF","Gen Fwd","1027704","J.Freijah","Joel Freijah","27","2005-11-14T00:00:00Z","20.4","191","4152","HFF","Half Forward Flank","2010","MF","Mid-Fwd"
"2026","AFL2026","AFL Premiership Season 2026","2026","2026","183255123","Home & Away","HA","31667","5","Round 5","6","REG","Regular Season","COMP","Complete","2026-04-11T00:00:00Z","19:05:00","2026-04-11T09:35:00Z","6","AO","Adelaide Oval","Australia/Adelaide","80","HAW","Hawthorn","15","14","104","140","WB","Western Bulldogs","8","16","64","80","2003909","3","1642","80","HAW","Hawthorn","Regular","REG","1023482","C.Mackenzie","Cam Mackenzie","28","2004-01-21T00:00:00Z","22.2","188","4161","INT","Interchange","2000","M","Mid","1000887","M.Lewis","Mitch Lewis","2","1998-10-14T00:00:00Z","27.5","199","4159","INT","Interchange","1100","KF","Key Fwd"
"2026","AFL2026","AFL Premiership Season 2026","2026","2026","183255123","Home & Away","HA","31667","5","Round 5","6","REG","Regular Season","COMP","Complete","2026-04-11T00:00:00Z","19:05:00","2026-04-11T09:35:00Z","6","AO","Adelaide Oval","Australia/Adelaide","80","HAW","Hawthorn","15","14","104","140","WB","Western Bulldogs","8","16","64","80","2004009","3","1642","80","HAW","Hawthorn","Regular","REG","1010708","S.Butler","Sam Butler","30","2003-02-10T00:00:00Z","23.2","184","4162","INT","Interchange","2010","MF","Mid-Fwd","1007124","C.Nash","Conor Nash","11","1998-07-28T00:00:00Z","27.7","198","4148","OB","On Ball","2000","M","Mid"
"2026","AFL2026","AFL Premiership Season 2026","2026","2026","183255123","Home & Away","HA","31667","5","Round 5","6","REG","Regular Season","COMP","Complete","2026-04-11T00:00:00Z","19:05:00","2026-04-11T09:35:00Z","6","AO","Adelaide Oval","Australia/Adelaide","80","HAW","Hawthorn","15","14","104","140","WB","Western Bulldogs","8","16","64","80","2004109","3","1647","140","WB","Western Bulldogs","Regular","REG","992351","B.Williams","Bailey Williams","34","1997-10-10T00:00:00Z","28.5","190","4149","W","Wing","4467","W","Wing","1000864","L.Bramble","Lachlan Bramble","29","1998-04-19T00:00:00Z","28","182","4144","HBF","Half Back Flank","1200","GF","Gen Fwd"
"2026","AFL2026","AFL Premiership Season 2026","2026","2026","183255123","Home & Away","HA","31667","5","Round 5","6","REG","Regular Season","COMP","Complete","2026-04-11T00:00:00Z","19:05:00","2026-04-11T09:35:00Z","6","AO","Adelaide Oval","Australia/Adelaide","80","HAW","Hawthorn","15","14","104","140","WB","Western Bulldogs","8","16","64","80","2004209","3","1731","80","HAW","Hawthorn","Regular","REG","1011771","F.Perez","Flynn Perez","39","2001-08-25T00:00:00Z","24.6","187","4163","INT","Interchange","3200","GD","Gen Def","993794","B.Hardwick","Blake Hardwick","15","1997-02-05T00:00:00Z","29.2","183","4146","HBF","Half Back Flank","3200","GD","Gen Def"
"2026","AFL2026","AFL Premiership Season 2026","2026","2026","183255123","Home & Away","HA","31667","5","Round 5","6","REG","Regular Season","COMP","Complete","2026-04-11T00:00:00Z","19:05:00","2026-04-11T09:35:00Z","6","AO","Adelaide Oval","Australia/Adelaide","80","HAW","Hawthorn","15","14","104","140","WB","Western Bulldogs","8","16","64","80","2004309","3","1731","80","HAW","Hawthorn","Regular","REG","1000980","L.Meek","Lloyd Meek","17","1998-04-22T00:00:00Z","28","203","4160","INT","Interchange","4000","RK","Ruck","1010708","S.Butler","Sam Butler","30","2003-02-10T00:00:00Z","23.2","184","4162","INT","Interchange","2010","MF","Mid-Fwd"
"2026","AFL2026","AFL Premiership Season 2026","2026","2026","183255123","Home & Away","HA","31667","5","Round 5","6","REG","Regular Season","COMP","Complete","2026-04-11T00:00:00Z","19:05:00","2026-04-11T09:35:00Z","6","AO","Adelaide Oval","Australia/Adelaide","80","HAW","Hawthorn","15","14","104","140","WB","Western Bulldogs","8","16","64","80","3000109","4","0","80","HAW","Hawthorn","Regular","REG","1001024","N.Reeves","Ned Reeves","7","1998-10-31T00:00:00Z","27.4","210","4156","RK","Ruck","4000","RK","Ruck","1005144","M.D'Ambrosio","Massimo D'Ambrosio","16","2003-06-05T00:00:00Z","22.9","178","4147","W","Wing","4467","W","Wing"
"2026","AFL2026","AFL Premiership Season 2026","2026","2026","183255123","Home & Away","HA","31667","5","Round 5","6","REG","Regular Season","COMP","Complete","2026-04-11T00:00:00Z","19:05:00","2026-04-11T09:35:00Z","6","AO","Adelaide Oval","Australia/Adelaide","80","HAW","Hawthorn","15","14","104","140","WB","Western Bulldogs","8","16","64","80","3000209","4","0","80","HAW","Hawthorn","Regular","REG","1010708","S.Butler","Sam Butler","30","2003-02-10T00:00:00Z","23.2","184","4162","INT","Interchange","2010","MF","Mid-Fwd","1000980","L.Meek","Lloyd Meek","17","1998-04-22T00:00:00Z","28","203","4160","INT","Interchange","4000","RK","Ruck"
"2026","AFL2026","AFL Premiership Season 2026","2026","2026","183255123","Home & Away","HA","31667","5","Round 5","6","REG","Regular Season","COMP","Complete","2026-04-11T00:00:00Z","19:05:00","2026-04-11T09:35:00Z","6","AO","Adelaide Oval","Australia/Adelaide","80","HAW","Hawthorn","15","14","104","140","WB","Western Bulldogs","8","16","64","80","3000309","4","0","140","WB","Western Bulldogs","Regular","REG","1001398","M.Kennedy","Matthew Kennedy","8","1997-04-06T00:00:00Z","29","188","4157","OB","On Ball","2000","M","Mid","1034235","J.Dolan","Josh Dolan","26","2006-11-11T00:00:00Z","19.4","177","4153","FFP","Forward Pocket","1200","GF","Gen Fwd"
"2026","AFL2026","AFL Premiership Season 2026","2026","2026","183255123","Home & Away","HA","31667","5","Round 5","6","REG","Regular Season","COMP","Complete","2026-04-11T00:00:00Z","19:05:00","2026-04-11T09:35:00Z","6","AO","Adelaide Oval","Australia/Adelaide","80","HAW","Hawthorn","15","14","104","140","WB","Western Bulldogs","8","16","64","80","3000409","4","0","140","WB","Western Bulldogs","Regular","REG","1006127","R.West","Rhylee West","14","2000-07-12T00:00:00Z","25.7","183","4155","FP","Forward Pocket","1200","GF","Gen Fwd","1029456","C.Hynes","Cooper Hynes","6","2006-02-28T00:00:00Z","20.1","190","4159","INT","Interchange","1200","GF","Gen Fwd"
"2026","AFL2026","AFL Premiership Season 2026","2026","2026","183255123","Home & Away","HA","31667","5","Round 5","6","REG","Regular Season","COMP","Complete","2026-04-11T00:00:00Z","19:05:00","2026-04-11T09:35:00Z","6","AO","Adelaide Oval","Australia/Adelaide","80","HAW","Hawthorn","15","14","104","140","WB","Western Bulldogs","8","16","64","80","3000509","4","0","140","WB","Western Bulldogs","Regular","REG","1020621","M.Sellwood","Michael Sellwood","37","2003-10-02T00:00:00Z","22.5","186","4162","INT","Interchange","3200","GD","Gen Def","992351","B.Williams","Bailey Williams","34","1997-10-10T00:00:00Z","28.5","190","4149","W","Wing","4467","W","Wing"
"2026","AFL2026","AFL Premiership Season 2026","2026","2026","183255123","Home & Away","HA","31667","5","Round 5","6","REG","Regular Season","COMP","Complete","2026-04-11T00:00:00Z","19:05:00","2026-04-11T09:35:00Z","6","AO","Adelaide Oval","Australia/Adelaide","80","HAW","Hawthorn","15","14","104","140","WB","Western Bulldogs","8","16","64","80","3000609","4","141","80","HAW","Hawthorn","Regular","REG","1020895","J.Newcombe","Jai Newcombe","3","2001-08-02T00:00:00Z","24.7","187","4157","OB","On Ball","2000","M","Mid","1023482","C.Mackenzie","Cam Mackenzie","28","2004-01-21T00:00:00Z","22.2","188","4161","INT","Interchange","2000","M","Mid"
"2026","AFL2026","AFL Premiership Season 2026","2026","2026","183255123","Home & Away","HA","31667","5","Round 5","6","REG","Regular Season","COMP","Complete","2026-04-11T00:00:00Z","19:05:00","2026-04-11T09:35:00Z","6","AO","Adelaide Oval","Australia/Adelaide","80","HAW","Hawthorn","15","14","104","140","WB","Western Bulldogs","8","16","64","80","3000709","4","218","140","WB","Western Bulldogs","Regular","REG","1029456","C.Hynes","Cooper Hynes","6","2006-02-28T00:00:00Z","20.1","190","4159","INT","Interchange","1200","GF","Gen Fwd","1001398","M.Kennedy","Matthew Kennedy","8","1997-04-06T00:00:00Z","29","188","4157","OB","On Ball","2000","M","Mid"
"2026","AFL2026","AFL Premiership Season 2026","2026","2026","183255123","Home & Away","HA","31667","5","Round 5","6","REG","Regular Season","COMP","Complete","2026-04-11T00:00:00Z","19:05:00","2026-04-11T09:35:00Z","6","AO","Adelaide Oval","Australia/Adelaide","80","HAW","Hawthorn","15","14","104","140","WB","Western Bulldogs","8","16","64","80","3000809","4","221","140","WB","Western Bulldogs","Regular","REG","1036123","S.Davidson","Sam Davidson","42","2001-12-13T00:00:00Z","24.3","191","4163","INT","Interchange","2010","MF","Mid-Fwd","1008855","O.Baker","Oskar Baker","13","1998-05-25T00:00:00Z","27.9","184","4160","INT","Interchange","2010","MF","Mid-Fwd"
"2026","AFL2026","AFL Premiership Season 2026","2026","2026","183255123","Home & Away","HA","31667","5","Round 5","6","REG","Regular Season","COMP","Complete","2026-04-11T00:00:00Z","19:05:00","2026-04-11T09:35:00Z","6","AO","Adelaide Oval","Australia/Adelaide","80","HAW","Hawthorn","15","14","104","140","WB","Western Bulldogs","8","16","64","80","3000909","4","302","80","HAW","Hawthorn","Regular","REG","297566","J.Sicily","James Sicily","6","1995-01-06T00:00:00Z","31.3","188","4145","CHB","Centre Half Back","3100","KD","Key Def","1011771","F.Perez","Flynn Perez","39","2001-08-25T00:00:00Z","24.6","187","4163","INT","Interchange","3200","GD","Gen Def"
"2026","AFL2026","AFL Premiership Season 2026","2026","2026","183255123","Home & Away","HA","31667","5","Round 5","6","REG","Regular Season","COMP","Complete","2026-04-11T00:00:00Z","19:05:00","2026-04-11T09:35:00Z","6","AO","Adelaide Oval","Australia/Adelaide","80","HAW","Hawthorn","15","14","104","140","WB","Western Bulldogs","8","16","64","80","3001009","4","304","140","WB","Western Bulldogs","Regular","REG","1002404","A.Naughton","Aaron Naughton","33","1999-11-30T00:00:00Z","26.4","196","4154","FF","Full Forward","1100","KF","Key Fwd","1006127","R.West","Rhylee West","14","2000-07-12T00:00:00Z","25.7","183","4155","FP","Forward Pocket","1200","GF","Gen Fwd"
"2026","AFL2026","AFL Premiership Season 2026","2026","2026","183255123","Home & Away","HA","31667","5","Round 5","6","REG","Regular Season","COMP","Complete","2026-04-11T00:00:00Z","19:05:00","2026-04-11T09:35:00Z","6","AO","Adelaide Oval","Australia/Adelaide","80","HAW","Hawthorn","15","14","104","140","WB","Western Bulldogs","8","16","64","80","3001109","4","309","140","WB","Western Bulldogs","Regular","REG","1008454","C.Budarick","Connor Budarick","19","2001-04-06T00:00:00Z","25","175","4141","BP","Back Pocket","3200","GD","Gen Def","1020621","M.Sellwood","Michael Sellwood","37","2003-10-02T00:00:00Z","22.5","186","4162","INT","Interchange","3200","GD","Gen Def"
"2026","AFL2026","AFL Premiership Season 2026","2026","2026","183255123","Home & Away","HA","31667","5","Round 5","6","REG","Regular Season","COMP","Complete","2026-04-11T00:00:00Z","19:05:00","2026-04-11T09:35:00Z","6","AO","Adelaide Oval","Australia/Adelaide","80","HAW","Hawthorn","15","14","104","140","WB","Western Bulldogs","8","16","64","80","3001209","4","456","140","WB","Western Bulldogs","Regular","REG","990740","R.Lobb","Rory Lobb","7","1993-02-09T00:00:00Z","33.2","207","4143","BP","Back Pocket","3100","KD","Key Def","1033076","L.Emmett","Louis Emmett","25","2007-03-23T00:00:00Z","19.1","199","4156","RK","Ruck","4000","RK","Ruck"
"2026","AFL2026","AFL Premiership Season 2026","2026","2026","183255123","Home & Away","HA","31667","5","Round 5","6","REG","Regular Season","COMP","Complete","2026-04-11T00:00:00Z","19:05:00","2026-04-11T09:35:00Z","6","AO","Adelaide Oval","Australia/Adelaide","80","HAW","Hawthorn","15","14","104","140","WB","Western Bulldogs","8","16","64","80","3001309","4","463","80","HAW","Hawthorn","Regular","REG","1012857","J.Ginnivan","Jack Ginnivan","33","2002-12-09T00:00:00Z","23.3","185","4151","CHF","Centre Half Forward","1200","GF","Gen Fwd","1001024","N.Reeves","Ned Reeves","7","1998-10-31T00:00:00Z","27.4","210","4156","RK","Ruck","4000","RK","Ruck"
"2026","AFL2026","AFL Premiership Season 2026","2026","2026","183255123","Home & Away","HA","31667","5","Round 5","6","REG","Regular Season","COMP","Complete","2026-04-11T00:00:00Z","19:05:00","2026-04-11T09:35:00Z","6","AO","Adelaide Oval","Australia/Adelaide","80","HAW","Hawthorn","15","14","104","140","WB","Western Bulldogs","8","16","64","80","3001409","4","463","80","HAW","Hawthorn","Regular","REG","1023473","N.Watson","Nick Watson","5","2005-02-24T00:00:00Z","21.1","170","4152","HFF","Half Forward Flank","1200","GF","Gen Fwd","1010708","S.Butler","Sam Butler","30","2003-02-10T00:00:00Z","23.2","184","4162","INT","Interchange","2010","MF","Mid-Fwd"
"2026","AFL2026","AFL Premiership Season 2026","2026","2026","183255123","Home & Away","HA","31667","5","Round 5","6","REG","Regular Season","COMP","Complete","2026-04-11T00:00:00Z","19:05:00","2026-04-11T09:35:00Z","6","AO","Adelaide Oval","Australia/Adelaide","80","HAW","Hawthorn","15","14","104","140","WB","Western Bulldogs","8","16","64","80","3001509","4","469","80","HAW","Hawthorn","Regular","REG","296254","J.Impey","Jarman Impey","4","1995-07-09T00:00:00Z","30.8","178","4143","BP","Back Pocket","3200","GD","Gen Def","1020895","J.Newcombe","Jai Newcombe","3","2001-08-02T00:00:00Z","24.7","187","4157","OB","On Ball","2000","M","Mid"
"2026","AFL2026","AFL Premiership Season 2026","2026","2026","183255123","Home & Away","HA","31667","5","Round 5","6","REG","Regular Season","COMP","Complete","2026-04-11T00:00:00Z","19:05:00","2026-04-11T09:35:00Z","6","AO","Adelaide Oval","Australia/Adelaide","80","HAW","Hawthorn","15","14","104","140","WB","Western Bulldogs","8","16","64","80","3001609","4","469","80","HAW","Hawthorn","Regular","REG","1017110","J.Ward","Josh Ward","25","2003-08-15T00:00:00Z","22.7","183","4158","OB","On Ball","2000","M","Mid","297566","J.Sicily","James Sicily","6","1995-01-06T00:00:00Z","31.3","188","4145","CHB","Centre Half Back","3100","KD","Key Def"
"2026","AFL2026","AFL Premiership Season 2026","2026","2026","183255123","Home & Away","HA","31667","5","Round 5","6","REG","Regular Season","COMP","Complete","2026-04-11T00:00:00Z","19:05:00","2026-04-11T09:35:00Z","6","AO","Adelaide Oval","Australia/Adelaide","80","HAW","Hawthorn","15","14","104","140","WB","Western Bulldogs","8","16","64","80","3001709","4","608","140","WB","Western Bulldogs","Regular","REG","1008280","E.Richards","Ed Richards","20","1999-07-03T00:00:00Z","26.8","188","4158","OB","On Ball","2000","M","Mid","1029456","C.Hynes","Cooper Hynes","6","2006-02-28T00:00:00Z","20.1","190","4159","INT","Interchange","1200","GF","Gen Fwd"
"2026","AFL2026","AFL Premiership Season 2026","2026","2026","183255123","Home & Away","HA","31667","5","Round 5","6","REG","Regular Season","COMP","Complete","2026-04-11T00:00:00Z","19:05:00","2026-04-11T09:35:00Z","6","AO","Adelaide Oval","Australia/Adelaide","80","HAW","Hawthorn","15","14","104","140","WB","Western Bulldogs","8","16","64","80","3001809","4","608","140","WB","Western Bulldogs","Regular","REG","1017939","R.Sanders","Ryley Sanders","9","2005-01-21T00:00:00Z","21.2","186","4150","HFF","Half Forward Flank","2000","M","Mid","1036123","S.Davidson","Sam Davidson","42","2001-12-13T00:00:00Z","24.3","191","4163","INT","Interchange","2010","MF","Mid-Fwd"
"2026","AFL2026","AFL Premiership Season 2026","2026","2026","183255123","Home & Away","HA","31667","5","Round 5","6","REG","Regular Season","COMP","Complete","2026-04-11T00:00:00Z","19:05:00","2026-04-11T09:35:00Z","6","AO","Adelaide Oval","Australia/Adelaide","80","HAW","Hawthorn","15","14","104","140","WB","Western Bulldogs","8","16","64","80","3001909","4","618","140","WB","Western Bulldogs","Regular","REG","996708","B.Dale","Bailey Dale","31","1996-07-22T00:00:00Z","29.7","188","4146","HBF","Half Back Flank","3200","GD","Gen Def","1008454","C.Budarick","Connor Budarick","19","2001-04-06T00:00:00Z","25","175","4141","BP","Back Pocket","3200","GD","Gen Def"
"2026","AFL2026","AFL Premiership Season 2026","2026","2026","183255123","Home & Away","HA","31667","5","Round 5","6","REG","Regular Season","COMP","Complete","2026-04-11T00:00:00Z","19:05:00","2026-04-11T09:35:00Z","6","AO","Adelaide Oval","Australia/Adelaide","80","HAW","Hawthorn","15","14","104","140","WB","Western Bulldogs","8","16","64","80","3002009","4","620","80","HAW","Hawthorn","Regular","REG","1000980","L.Meek","Lloyd Meek","17","1998-04-22T00:00:00Z","28","203","4160","INT","Interchange","4000","RK","Ruck","1023473","N.Watson","Nick Watson","5","2005-02-24T00:00:00Z","21.1","170","4152","HFF","Half Forward Flank","1200","GF","Gen Fwd"
"2026","AFL2026","AFL Premiership Season 2026","2026","2026","183255123","Home & Away","HA","31667","5","Round 5","6","REG","Regular Season","COMP","Complete","2026-04-11T00:00:00Z","19:05:00","2026-04-11T09:35:00Z","6","AO","Adelaide Oval","Australia/Adelaide","80","HAW","Hawthorn","15","14","104","140","WB","Western Bulldogs","8","16","64","80","3002109","4","762","80","HAW","Hawthorn","Regular","REG","1005144","M.D'Ambrosio","Massimo D'Ambrosio","16","2003-06-05T00:00:00Z","22.9","178","4147","W","Wing","4467","W","Wing","1012857","J.Ginnivan","Jack Ginnivan","33","2002-12-09T00:00:00Z","23.3","185","4151","CHF","Centre Half Forward","1200","GF","Gen Fwd"
"2026","AFL2026","AFL Premiership Season 2026","2026","2026","183255123","Home & Away","HA","31667","5","Round 5","6","REG","Regular Season","COMP","Complete","2026-04-11T00:00:00Z","19:05:00","2026-04-11T09:35:00Z","6","AO","Adelaide Oval","Australia/Adelaide","80","HAW","Hawthorn","15","14","104","140","WB","Western Bulldogs","8","16","64","80","3002209","4","765","140","WB","Western Bulldogs","Regular","REG","1013996","J.Croft","Jordan Croft","16","2005-05-12T00:00:00Z","20.9","201","4161","INT","Interchange","1100","KF","Key Fwd","1002404","A.Naughton","Aaron Naughton","33","1999-11-30T00:00:00Z","26.4","196","4154","FF","Full Forward","1100","KF","Key Fwd"
"2026","AFL2026","AFL Premiership Season 2026","2026","2026","183255123","Home & Away","HA","31667","5","Round 5","6","REG","Regular Season","COMP","Complete","2026-04-11T00:00:00Z","19:05:00","2026-04-11T09:35:00Z","6","AO","Adelaide Oval","Australia/Adelaide","80","HAW","Hawthorn","15","14","104","140","WB","Western Bulldogs","8","16","64","80","3002309","4","807","80","HAW","Hawthorn","Regular","REG","297354","K.Amon","Karl Amon","10","1995-08-19T00:00:00Z","30.6","181","4149","W","Wing","3200","GD","Gen Def","296254","J.Impey","Jarman Impey","4","1995-07-09T00:00:00Z","30.8","178","4143","BP","Back Pocket","3200","GD","Gen Def"
"2026","AFL2026","AFL Premiership Season 2026","2026","2026","183255123","Home & Away","HA","31667","5","Round 5","6","REG","Regular Season","COMP","Complete","2026-04-11T00:00:00Z","19:05:00","2026-04-11T09:35:00Z","6","AO","Adelaide Oval","Australia/Adelaide","80","HAW","Hawthorn","15","14","104","140","WB","Western Bulldogs","8","16","64","80","3002409","4","814","140","WB","Western Bulldogs","Regular","REG","1008855","O.Baker","Oskar Baker","13","1998-05-25T00:00:00Z","27.9","184","4160","INT","Interchange","2010","MF","Mid-Fwd","990740","R.Lobb","Rory Lobb","7","1993-02-09T00:00:00Z","33.2","207","4143","BP","Back Pocket","3100","KD","Key Def"
"2026","AFL2026","AFL Premiership Season 2026","2026","2026","183255123","Home & Away","HA","31667","5","Round 5","6","REG","Regular Season","COMP","Complete","2026-04-11T00:00:00Z","19:05:00","2026-04-11T09:35:00Z","6","AO","Adelaide Oval","Australia/Adelaide","80","HAW","Hawthorn","15","14","104","140","WB","Western Bulldogs","8","16","64","80","3002509","4","823","80","HAW","Hawthorn","Regular","REG","291351","J.Gunston","Jack Gunston","19","1991-10-16T00:00:00Z","34.5","193","4155","FP","Forward Pocket","1100","KF","Key Fwd","1000980","L.Meek","Lloyd Meek","17","1998-04-22T00:00:00Z","28","203","4160","INT","Interchange","4000","RK","Ruck"
"2026","AFL2026","AFL Premiership Season 2026","2026","2026","183255123","Home & Away","HA","31667","5","Round 5","6","REG","Regular Season","COMP","Complete","2026-04-11T00:00:00Z","19:05:00","2026-04-11T09:35:00Z","6","AO","Adelaide Oval","Australia/Adelaide","80","HAW","Hawthorn","15","14","104","140","WB","Western Bulldogs","8","16","64","80","3002609","4","845","140","WB","Western Bulldogs","Regular","REG","1034235","J.Dolan","Josh Dolan","26","2006-11-11T00:00:00Z","19.4","177","4153","FFP","Forward Pocket","1200","GF","Gen Fwd","1008280","E.Richards","Ed Richards","20","1999-07-03T00:00:00Z","26.8","188","4158","OB","On Ball","2000","M","Mid"
"2026","AFL2026","AFL Premiership Season 2026","2026","2026","183255123","Home & Away","HA","31667","5","Round 5","6","REG","Regular Season","COMP","Complete","2026-04-11T00:00:00Z","19:05:00","2026-04-11T09:35:00Z","6","AO","Adelaide Oval","Australia/Adelaide","80","HAW","Hawthorn","15","14","104","140","WB","Western Bulldogs","8","16","64","80","3002709","4","854","140","WB","Western Bulldogs","Regular","REG","1027704","J.Freijah","Joel Freijah","27","2005-11-14T00:00:00Z","20.4","191","4152","HFF","Half Forward Flank","2010","MF","Mid-Fwd","1017939","R.Sanders","Ryley Sanders","9","2005-01-21T00:00:00Z","21.2","186","4150","HFF","Half Forward Flank","2000","M","Mid"
"2026","AFL2026","AFL Premiership Season 2026","2026","2026","183255123","Home & Away","HA","31667","5","Round 5","6","REG","Regular Season","COMP","Complete","2026-04-11T00:00:00Z","19:05:00","2026-04-11T09:35:00Z","6","AO","Adelaide Oval","Australia/Adelaide","80","HAW","Hawthorn","15","14","104","140","WB","Western Bulldogs","8","16","64","80","3002809","4","1006","80","HAW","Hawthorn","Regular","REG","1007124","C.Nash","Conor Nash","11","1998-07-28T00:00:00Z","27.7","198","4148","OB","On Ball","2000","M","Mid","1017110","J.Ward","Josh Ward","25","2003-08-15T00:00:00Z","22.7","183","4158","OB","On Ball","2000","M","Mid"
"2026","AFL2026","AFL Premiership Season 2026","2026","2026","183255123","Home & Away","HA","31667","5","Round 5","6","REG","Regular Season","COMP","Complete","2026-04-11T00:00:00Z","19:05:00","2026-04-11T09:35:00Z","6","AO","Adelaide Oval","Australia/Adelaide","80","HAW","Hawthorn","15","14","104","140","WB","Western Bulldogs","8","16","64","80","3002909","4","1007","140","WB","Western Bulldogs","Regular","REG","1000864","L.Bramble","Lachlan Bramble","29","1998-04-19T00:00:00Z","28","182","4144","HBF","Half Back Flank","1200","GF","Gen Fwd","996708","B.Dale","Bailey Dale","31","1996-07-22T00:00:00Z","29.7","188","4146","HBF","Half Back Flank","3200","GD","Gen Def"
"2026","AFL2026","AFL Premiership Season 2026","2026","2026","183255123","Home & Away","HA","31667","5","Round 5","6","REG","Regular Season","COMP","Complete","2026-04-11T00:00:00Z","19:05:00","2026-04-11T09:35:00Z","6","AO","Adelaide Oval","Australia/Adelaide","80","HAW","Hawthorn","15","14","104","140","WB","Western Bulldogs","8","16","64","80","3003009","4","1007","140","WB","Western Bulldogs","Regular","REG","1033076","L.Emmett","Louis Emmett","25","2007-03-23T00:00:00Z","19.1","199","4156","RK","Ruck","4000","RK","Ruck","1013996","J.Croft","Jordan Croft","16","2005-05-12T00:00:00Z","20.9","201","4161","INT","Interchange","1100","KF","Key Fwd"
"2026","AFL2026","AFL Premiership Season 2026","2026","2026","183255123","Home & Away","HA","31667","5","Round 5","6","REG","Regular Season","COMP","Complete","2026-04-11T00:00:00Z","19:05:00","2026-04-11T09:35:00Z","6","AO","Adelaide Oval","Australia/Adelaide","80","HAW","Hawthorn","15","14","104","140","WB","Western Bulldogs","8","16","64","80","3003109","4","1092","80","HAW","Hawthorn","Regular","REG","1001024","N.Reeves","Ned Reeves","7","1998-10-31T00:00:00Z","27.4","210","4156","RK","Ruck","4000","RK","Ruck","291351","J.Gunston","Jack Gunston","19","1991-10-16T00:00:00Z","34.5","193","4155","FP","Forward Pocket","1100","KF","Key Fwd"
"2026","AFL2026","AFL Premiership Season 2026","2026","2026","183255123","Home & Away","HA","31667","5","Round 5","6","REG","Regular Season","COMP","Complete","2026-04-11T00:00:00Z","19:05:00","2026-04-11T09:35:00Z","6","AO","Adelaide Oval","Australia/Adelaide","80","HAW","Hawthorn","15","14","104","140","WB","Western Bulldogs","8","16","64","80","3003209","4","1141","80","HAW","Hawthorn","Regular","REG","1023482","C.Mackenzie","Cam Mackenzie","28","2004-01-21T00:00:00Z","22.2","188","4161","INT","Interchange","2000","M","Mid","1007124","C.Nash","Conor Nash","11","1998-07-28T00:00:00Z","27.7","198","4148","OB","On Ball","2000","M","Mid"
"2026","AFL2026","AFL Premiership Season 2026","2026","2026","183255123","Home & Away","HA","31667","5","Round 5","6","REG","Regular Season","COMP","Complete","2026-04-11T00:00:00Z","19:05:00","2026-04-11T09:35:00Z","6","AO","Adelaide Oval","Australia/Adelaide","80","HAW","Hawthorn","15","14","104","140","WB","Western Bulldogs","8","16","64","80","3003309","4","1158","140","WB","Western Bulldogs","Injured - Out for the game","OUT","1008280","E.Richards","Ed Richards","20","1999-07-03T00:00:00Z","26.8","188","4158","OB","On Ball","2000","M","Mid","1027704","J.Freijah","Joel Freijah","27","2005-11-14T00:00:00Z","20.4","191","4152","HFF","Half Forward Flank","2010","MF","Mid-Fwd"
"2026","AFL2026","AFL Premiership Season 2026","2026","2026","183255123","Home & Away","HA","31667","5","Round 5","6","REG","Regular Season","COMP","Complete","2026-04-11T00:00:00Z","19:05:00","2026-04-11T09:35:00Z","6","AO","Adelaide Oval","Australia/Adelaide","80","HAW","Hawthorn","15","14","104","140","WB","Western Bulldogs","8","16","64","80","3003409","4","1166","80","HAW","Hawthorn","Regular","REG","1017094","C.Macdonald","Connor Macdonald","9","2003-01-13T00:00:00Z","23.2","185","4150","HFF","Half Forward Flank","1200","GF","Gen Fwd","1005144","M.D'Ambrosio","Massimo D'Ambrosio","16","2003-06-05T00:00:00Z","22.9","178","4147","W","Wing","4467","W","Wing"
"2026","AFL2026","AFL Premiership Season 2026","2026","2026","183255123","Home & Away","HA","31667","5","Round 5","6","REG","Regular Season","COMP","Complete","2026-04-11T00:00:00Z","19:05:00","2026-04-11T09:35:00Z","6","AO","Adelaide Oval","Australia/Adelaide","80","HAW","Hawthorn","15","14","104","140","WB","Western Bulldogs","8","16","64","80","3003509","4","1272","80","HAW","Hawthorn","Regular","REG","990290","T.Barrass","Tom Barrass","37","1995-10-08T00:00:00Z","30.5","197","4142","FB","Full Back","3100","KD","Key Def","297354","K.Amon","Karl Amon","10","1995-08-19T00:00:00Z","30.6","181","4149","W","Wing","3200","GD","Gen Def"
"2026","AFL2026","AFL Premiership Season 2026","2026","2026","183255123","Home & Away","HA","31667","5","Round 5","6","REG","Regular Season","COMP","Complete","2026-04-11T00:00:00Z","19:05:00","2026-04-11T09:35:00Z","6","AO","Adelaide Oval","Australia/Adelaide","80","HAW","Hawthorn","15","14","104","140","WB","Western Bulldogs","8","16","64","80","3003609","4","1377","140","WB","Western Bulldogs","Regular","REG","1017087","H.Gallagher","Harvey Gallagher","12","2003-09-26T00:00:00Z","22.5","181","4147","W","Wing","4467","W","Wing","1034235","J.Dolan","Josh Dolan","26","2006-11-11T00:00:00Z","19.4","177","4153","FFP","Forward Pocket","1200","GF","Gen Fwd"
"2026","AFL2026","AFL Premiership Season 2026","2026","2026","183255123","Home & Away","HA","31667","5","Round 5","6","REG","Regular Season","COMP","Complete","2026-04-11T00:00:00Z","19:05:00","2026-04-11T09:35:00Z","6","AO","Adelaide Oval","Australia/Adelaide","80","HAW","Hawthorn","15","14","104","140","WB","Western Bulldogs","8","16","64","80","3003709","4","1425","140","WB","Western Bulldogs","Regular","REG","998782","B.Khamis","Buku Khamis","24","2000-03-24T00:00:00Z","26","191","4142","FB","Full Back","3100","KD","Key Def","1000864","L.Bramble","Lachlan Bramble","29","1998-04-19T00:00:00Z","28","182","4144","HBF","Half Back Flank","1200","GF","Gen Fwd"
"2026","AFL2026","AFL Premiership Season 2026","2026","2026","183255123","Home & Away","HA","31667","5","Round 5","6","REG","Regular Season","COMP","Complete","2026-04-11T00:00:00Z","19:05:00","2026-04-11T09:35:00Z","6","AO","Adelaide Oval","Australia/Adelaide","80","HAW","Hawthorn","15","14","104","140","WB","Western Bulldogs","8","16","64","80","3003809","4","1432","80","HAW","Hawthorn","Regular","REG","1020895","J.Newcombe","Jai Newcombe","3","2001-08-02T00:00:00Z","24.7","187","4157","OB","On Ball","2000","M","Mid","1023482","C.Mackenzie","Cam Mackenzie","28","2004-01-21T00:00:00Z","22.2","188","4161","INT","Interchange","2000","M","Mid"
"2026","AFL2026","AFL Premiership Season 2026","2026","2026","183255123","Home & Away","HA","31667","5","Round 5","6","REG","Regular Season","COMP","Complete","2026-04-11T00:00:00Z","19:05:00","2026-04-11T09:35:00Z","6","AO","Adelaide Oval","Australia/Adelaide","80","HAW","Hawthorn","15","14","104","140","WB","Western Bulldogs","8","16","64","80","3003909","4","1432","80","HAW","Hawthorn","Regular","REG","291351","J.Gunston","Jack Gunston","19","1991-10-16T00:00:00Z","34.5","193","4155","FP","Forward Pocket","1100","KF","Key Fwd","1017094","C.Macdonald","Connor Macdonald","9","2003-01-13T00:00:00Z","23.2","185","4150","HFF","Half Forward Flank","1200","GF","Gen Fwd"
"2026","AFL2026","AFL Premiership Season 2026","2026","2026","183255123","Home & Away","HA","31667","5","Round 5","6","REG","Regular Season","COMP","Complete","2026-04-11T00:00:00Z","19:05:00","2026-04-11T09:35:00Z","6","AO","Adelaide Oval","Australia/Adelaide","80","HAW","Hawthorn","15","14","104","140","WB","Western Bulldogs","8","16","64","80","3004009","4","1570","80","HAW","Hawthorn","Regular","REG","1000887","M.Lewis","Mitch Lewis","2","1998-10-14T00:00:00Z","27.5","199","4159","INT","Interchange","1100","KF","Key Fwd","1001024","N.Reeves","Ned Reeves","7","1998-10-31T00:00:00Z","27.4","210","4156","RK","Ruck","4000","RK","Ruck"
"2026","AFL2026","AFL Premiership Season 2026","2026","2026","183255123","Home & Away","HA","31667","5","Round 5","6","REG","Regular Season","COMP","Complete","2026-04-11T00:00:00Z","19:05:00","2026-04-11T09:35:00Z","6","AO","Adelaide Oval","Australia/Adelaide","80","HAW","Hawthorn","15","14","104","140","WB","Western Bulldogs","8","16","64","80","3004109","4","1599","80","HAW","Hawthorn","Regular","REG","297354","K.Amon","Karl Amon","10","1995-08-19T00:00:00Z","30.6","181","4149","W","Wing","3200","GD","Gen Def","990290","T.Barrass","Tom Barrass","37","1995-10-08T00:00:00Z","30.5","197","4142","FB","Full Back","3100","KD","Key Def"
